{
  "metadata": {
    "timestamp": "20241216_122630",
    "model_name": "meta-llama/Meta-Llama-3-8B",
    "num_pruned_layers": 21,
    "has_adapter": true,
    "task": "boolq"
  },
  "metrics": {
    "response_quality": {
      "total_responses": 3270,
      "valid_responses": 2814,
      "invalid_responses": 456,
      "invalid_percentage": 13.944954128440369
    },
    "metrics": {
      "accuracy": 0.6137171286425018,
      "evaluate_accuracy": {
        "accuracy": 0.5281345565749236
      },
      "precision": 0.6167385057471264,
      "recall": 0.9884858952216465,
      "f1": 0.7595664675956646,
      "total_evaluated": 2814,
      "confusion_matrix": {
        "true_positives": 1717,
        "true_negatives": 10,
        "false_positives": 1067,
        "false_negatives": 20
      },
      "perplexities": [
        48.75,
        46.875,
        48.09375,
        47.71875,
        47.71875,
        44.90625,
        45.53125,
        48.0,
        45.875,
        55.25,
        50.78125,
        48.09375,
        47.34375,
        48.375,
        45.875,
        48.09375,
        48.84375,
        54.0625,
        53.96875,
        50.59375,
        54.59375,
        43.03125,
        40.25,
        48.375,
        53.4375,
        39.9375,
        51.1875,
        47.71875,
        47.53125,
        56.5625,
        50.09375,
        42.84375,
        46.6875,
        51.375,
        51.90625,
        43.875,
        46.875,
        56.125,
        50.0,
        41.53125,
        40.5625,
        44.5625,
        53.21875,
        41.78125,
        48.09375,
        45.4375,
        51.1875,
        51.78125,
        46.875,
        45.09375,
        49.3125,
        48.9375,
        44.21875,
        47.90625,
        50.40625,
        54.1875,
        51.1875,
        55.03125,
        43.4375,
        50.09375,
        52.90625,
        44.65625,
        46.6875,
        55.25,
        56.78125,
        47.625,
        47.0625,
        49.03125,
        48.0,
        44.75,
        52.40625,
        53.34375,
        57.21875,
        45.53125,
        48.28125,
        55.03125,
        48.65625,
        47.15625,
        49.03125,
        51.78125,
        48.75,
        51.1875,
        43.03125,
        49.625,
        46.15625,
        42.53125,
        54.5,
        63.59375,
        54.8125,
        55.90625,
        51.1875,
        49.53125,
        55.25,
        59.28125,
        51.5,
        46.875,
        38.1875,
        46.875,
        56.5625,
        52.1875,
        38.1875,
        55.46875,
        50.59375,
        50.3125,
        47.0625,
        46.0625,
        45.875,
        52.3125,
        50.78125,
        45.875,
        39.25,
        50.6875,
        45.1875,
        42.34375,
        53.65625,
        65.375,
        55.90625,
        52.1875,
        47.8125,
        45.71875,
        46.4375,
        45.34375,
        53.65625,
        47.8125,
        45.1875,
        44.8125,
        54.5,
        44.90625,
        53.75,
        59.96875,
        53.125,
        46.96875,
        52.71875,
        49.40625,
        50.90625,
        46.875,
        44.8125,
        48.28125,
        46.4375,
        47.625,
        50.1875,
        50.09375,
        48.9375,
        41.875,
        52.09375,
        53.53125,
        45.625,
        54.28125,
        54.59375,
        54.59375,
        46.78125,
        54.0625,
        48.09375,
        54.8125,
        55.03125,
        48.5625,
        46.78125,
        41.28125,
        46.53125,
        53.125,
        51.90625,
        38.40625,
        40.5625,
        53.65625,
        58.8125,
        53.125,
        60.90625,
        47.4375,
        47.34375,
        48.75,
        47.71875,
        46.0625,
        45.71875,
        48.09375,
        57.90625,
        52.71875,
        46.4375,
        46.4375,
        56.125,
        41.53125,
        55.90625,
        53.84375,
        42.59375,
        42.78125,
        55.90625,
        48.46875,
        53.21875,
        42.6875,
        46.15625,
        49.3125,
        51.5,
        49.90625,
        51.09375,
        49.8125,
        46.6875,
        44.90625,
        57.21875,
        29.796875,
        50.90625,
        52.71875,
        46.4375,
        53.96875,
        47.34375,
        41.53125,
        51.59375
      ],
      "mean_perplexity": 49.22797256097561
    },
    "invalid_examples": [
      {
        "question": "Passage: Deadpool -- As part of Marvel's Marvel NOW! initiative a new Deadpool ongoing series was launched, written by Brian Posehn and Gerry Duggan and illustrated by Tony Moore. He is also a member of the Thunderbolts. In the 27th issue of his new series, as part of ``All-New Marvel NOW!'', Deadpool was married for the third time. Initially a secret, his bride was revealed in the webcomic Deadpool: The Gauntlet to be Shiklah, Queen of the Undead. Deadpool also discovers that he has a daughter by the name of Eleanor from a former flame of Deadpool named Carmelita.\nQuestion: does deadpool have a kid in the comics\nAnswer:",
        "response": " Deadpool"
      },
      {
        "question": "Passage: Benson & Hedges -- Benson & Hedges is a British brand of cigarettes owned by either Philip Morris International, British American Tobacco, or Japan Tobacco, depending on the region. In the UK, they are registered in Old Bond Street in London, and are manufactured in Lisnafillan, Ballymena, Northern Ireland.\nQuestion: do they still make benson & hedges cigarettes\nAnswer:",
        "response": " Benson"
      },
      {
        "question": "Passage: Carbon\u2013hydrogen bond -- The carbon-hydrogen bond (C--H bond) is a bond between carbon and hydrogen atoms that can be found in many organic compounds. This bond is a covalent bond meaning that carbon shares its outer valence electrons with up to four hydrogens. This completes both of their outer shells making them stable. Carbon--hydrogen bonds have a bond length of about 1.09 \u00c5 (1.09 \u00d7 10 m) and a bond energy of about 413 kJ/mol (see table below). Using Pauling's scale--C (2.55) and H (2.2)--the electronegativity difference between these two atoms is 0.35. Because of this small difference in electronegativities, the C\u2212H bond is generally regarded as being non-polar. In structural formulas of molecules, the hydrogen atoms are often omitted. Compound classes consisting solely of C--H bonds and C--C bonds are alkanes, alkenes, alkynes, and aromatic hydrocarbons. Collectively they are known as hydrocarbons.\nQuestion: can carbon form polar covalent bonds with hydrogen\nAnswer:",
        "response": " Can"
      },
      {
        "question": "Passage: Hole in one -- As of October 2008, a condor (four under par) hole-in-one on a par 5 hole had been recorded on four occasions, aided by thin air at high altitude, or by cutting the corner on a doglegged or horseshoe-shaped hole. A horseshoe-shaped par 5 hole once enabled a condor hole in one to be achieved with a 3-iron club. The longest recorded straight drive hole-in-one is believed to be 517 yards or 473 metres, on the par 5 No. 9 hole at Green Valley Ranch Golf Club in Denver in 2002, aided by the thin air due to the high altitude. None of these four par 5 holes-in-one were achieved during a professional tournament. A condor is also known as a double albatross, or a triple eagle.\nQuestion: has anyone hit a hole in one on a par 5\nAnswer:",