{
  "metadata": {
    "timestamp": "20241216_121942",
    "model_name": "meta-llama/Meta-Llama-3-8B",
    "num_pruned_layers": 14,
    "has_adapter": false,
    "task": "boolq"
  },
  "metrics": {
    "response_quality": {
      "total_responses": 3270,
      "valid_responses": 839,
      "invalid_responses": 2431,
      "invalid_percentage": 74.34250764525994
    },
    "metrics": {
      "accuracy": 0.531585220500596,
      "evaluate_accuracy": {
        "accuracy": 0.1363914373088685
      },
      "precision": 0.6143410852713178,
      "recall": 0.6203522504892368,
      "f1": 0.617332035053554,
      "total_evaluated": 839,
      "confusion_matrix": {
        "true_positives": 317,
        "true_negatives": 129,
        "false_positives": 199,
        "false_negatives": 194
      },
      "perplexities": [
        6212.0,
        3432.0,
        10088.0,
        6824.0,
        6312.0,
        7040.0,
        6360.0,
        5072.0,
        6460.0,
        7096.0,
        6772.0,
        7096.0,
        6260.0,
        8232.0,
        9400.0,
        11608.0,
        7976.0,
        6612.0,
        9400.0,
        17296.0,
        14000.0,
        17840.0,
        3224.0,
        6664.0,
        10008.0,
        2620.0,
        8296.0,
        4476.0,
        6460.0,
        5524.0,
        6772.0,
        7096.0,
        6116.0,
        6164.0,
        7040.0,
        5316.0,
        13360.0,
        7916.0,
        7152.0,
        8232.0,
        8232.0,
        5112.0,
        7040.0,
        9400.0,
        10488.0,
        5484.0,
        7852.0,
        9696.0,
        5700.0,
        11336.0,
        8760.0,
        6212.0,
        8168.0,
        4476.0,
        6512.0,
        7264.0,
        6212.0,
        9040.0,
        5112.0,
        6664.0,
        9112.0,
        4336.0,
        6876.0,
        5700.0,
        8560.0,
        5792.0,
        12552.0,
        14000.0,
        6512.0,
        11976.0,
        6312.0,
        5656.0,
        8760.0,
        5112.0,
        7852.0,
        25744.0,
        10008.0,
        4728.0,
        6116.0,
        5440.0,
        6512.0,
        8560.0,
        7552.0,
        9696.0,
        10160.0,
        14672.0,
        10008.0,
        3858.0,
        9328.0,
        11792.0,
        6612.0,
        8168.0,
        7436.0,
        12168.0,
        12072.0,
        5232.0,
        4012.0,
        5976.0,
        7152.0,
        9112.0,
        5700.0,
        9928.0,
        4580.0,
        4992.0,
        7376.0,
        10992.0,
        9624.0,
        11696.0,
        7096.0,
        5316.0,
        5928.0,
        6612.0,
        11336.0,
        5272.0,
        13464.0,
        18848.0,
        6824.0,
        7376.0,
        9928.0,
        14336.0,
        7096.0,
        12352.0,
        5928.0,
        14000.0,
        10488.0,
        8104.0,
        8104.0,
        5568.0,
        5356.0,
        5884.0,
        9328.0,
        5884.0,
        9328.0,
        5836.0,
        10408.0,
        6212.0,
        5032.0,
        11792.0,
        11880.0,
        18112.0,
        4404.0,
        6984.0,
        7436.0,
        6212.0,
        5524.0,
        6512.0,
        8832.0,
        11608.0,
        5112.0,
        6116.0,
        3828.0,
        8360.0,
        8696.0,
        13256.0,
        6772.0,
        12848.0,
        6876.0,
        6716.0,
        12352.0,
        6360.0,
        8696.0,
        8560.0,
        5032.0,
        7264.0,
        10008.0,
        11792.0,
        5656.0,
        6020.0,
        5976.0,
        5316.0,
        4372.0,
        6164.0,
        10160.0,
        5232.0,
        9544.0,
        6260.0,
        5440.0,
        7096.0,
        6360.0,
        4876.0,
        5928.0,
        6116.0,
        9848.0,
        6260.0,
        8696.0,
        10408.0,
        23088.0,
        6260.0,
        4916.0,
        6260.0,
        7376.0,
        15864.0,
        5316.0,
        7320.0,
        14560.0,
        8760.0,
        14784.0,
        9400.0,
        8168.0,
        7264.0,
        7672.0,
        7792.0,
        5192.0,
        4372.0,
        9184.0
      ],
      "mean_perplexity": 8142.214634146341
    },
    "invalid_examples": [
      {
        "question": "Passage: Ethanol fuel -- All biomass goes through at least some of these steps: it needs to be grown, collected, dried, fermented, distilled, and burned. All of these steps require resources and an infrastructure. The total amount of energy input into the process compared to the energy released by burning the resulting ethanol fuel is known as the energy balance (or ``energy returned on energy invested''). Figures compiled in a 2007 report by National Geographic Magazine point to modest results for corn ethanol produced in the US: one unit of fossil-fuel energy is required to create 1.3 energy units from the resulting ethanol. The energy balance for sugarcane ethanol produced in Brazil is more favorable, with one unit of fossil-fuel energy required to create 8 from the ethanol. Energy balance estimates are not easily produced, thus numerous such reports have been generated that are contradictory. For instance, a separate survey reports that production of ethanol from sugarcane, which requires a tropical climate to grow productively, returns from 8 to 9 units of energy for each unit expended, as compared to corn, which only returns about 1.34 units of fuel energy for each unit of energy expended. A 2006 University of California Berkeley study, after analyzing six separate studies, concluded that producing ethanol from corn uses much less petroleum than producing gasoline.\nQuestion: does ethanol take more energy make that produces\nAnswer:",
        "response": " &"
      },
      {
        "question": "Passage: Hydroxyzine -- Hydroxyzine preparations require a doctor's prescription. The drug is available in two formulations, the pamoate and the dihydrochloride or hydrochloride salts. Vistaril, Equipose, Masmoran, and Paxistil are preparations of the pamoate salt, while Atarax, Alamon, Aterax, Durrax, Tran-Q, Orgatrax, Quiess, and Tranquizine are of the hydrochloride salt.\nQuestion: is there a difference between hydroxyzine hcl and hydroxyzine pam\nAnswer:",
        "response": " PS"
      },
      {
        "question": "Passage: Barq's -- Barq's /\u02c8b\u0251\u02d0rks/ is an American soft drink. Its brand of root beer is notable for having caffeine. Barq's, created by Edward Barq and bottled since the turn of the 20th century, is owned by the Barq family but bottled by the Coca-Cola Company. It was known as Barq's Famous Olde Tyme Root Beer until 2012.\nQuestion: is barq's root beer a pepsi product\nAnswer:",
        "response": " &"
      },
      {
        "question": "Passage: Parity (mathematics) -- In mathematics, parity is the property of an integer's inclusion in one of two categories: even or odd. An integer is even if it is evenly divisible by two and odd if it is not even. For example, 6 is even because there is no remainder when dividing it by 2. By contrast, 3, 5, 7, 21 leave a remainder of 1 when divided by 2. Examples of even numbers include \u22124, 0, 82 and 178. In particular, zero is an even number. Some examples of odd numbers are \u22125, 3, 29, and 73.\nQuestion: can an odd number be divided by an even number\nAnswer:",