{
  "metadata": {
    "timestamp": "20241216_121700",
    "model_name": "meta-llama/Meta-Llama-3-8B",
    "num_pruned_layers": 11,
    "has_adapter": true,
    "task": "boolq"
  },
  "metrics": {
    "response_quality": {
      "total_responses": 3270,
      "valid_responses": 3089,
      "invalid_responses": 181,
      "invalid_percentage": 5.535168195718654
    },
    "metrics": {
      "accuracy": 0.6801553900938815,
      "evaluate_accuracy": {
        "accuracy": 0.6425076452599389
      },
      "precision": 0.6909090909090909,
      "recall": 0.8744769874476988,
      "f1": 0.7719298245614036,
      "total_evaluated": 3089,
      "confusion_matrix": {
        "true_positives": 1672,
        "true_negatives": 429,
        "false_positives": 748,
        "false_negatives": 240
      },
      "perplexities": [
        17.015625,
        16.515625,
        15.703125,
        16.8125,
        16.6875,
        14.6640625,
        16.65625,
        15.796875,
        16.390625,
        18.875,
        18.0,
        16.296875,
        17.625,
        16.71875,
        14.9296875,
        15.34375,
        17.21875,
        19.203125,
        18.65625,
        16.75,
        16.75,
        14.8671875,
        14.6953125,
        16.078125,
        18.984375,
        14.5546875,
        17.453125,
        17.546875,
        16.234375,
        19.625,
        17.828125,
        14.75,
        15.3125,
        17.046875,
        16.296875,
        14.7265625,
        17.078125,
        18.796875,
        16.65625,
        14.2734375,
        13.8046875,
        15.671875,
        18.359375,
        13.7265625,
        16.625,
        14.953125,
        16.90625,
        17.625,
        15.828125,
        15.28125,
        16.59375,
        16.75,
        14.609375,
        16.71875,
        16.359375,
        19.28125,
        18.984375,
        18.21875,
        15.578125,
        17.515625,
        17.453125,
        15.5234375,
        16.484375,
        19.125,
        18.6875,
        16.078125,
        15.671875,
        15.734375,
        16.953125,
        14.78125,
        16.59375,
        18.0,
        18.546875,
        16.515625,
        16.328125,
        18.046875,
        16.078125,
        16.359375,
        16.6875,
        17.59375,
        16.046875,
        17.140625,
        14.21875,
        17.25,
        15.1015625,
        14.296875,
        17.828125,
        21.671875,
        18.109375,
        17.859375,
        16.953125,
        16.78125,
        18.6875,
        18.1875,
        16.203125,
        16.953125,
        14.4140625,
        15.4921875,
        18.25,
        17.25,
        13.5625,
        18.28125,
        17.1875,
        18.65625,
        15.828125,
        16.109375,
        15.578125,
        18.140625,
        16.484375,
        16.234375,
        13.2265625,
        16.984375,
        15.21875,
        15.046875,
        18.0,
        20.921875,
        18.21875,
        17.34375,
        15.828125,
        15.3984375,
        15.25,
        15.5546875,
        17.34375,
        16.328125,
        15.5234375,
        14.984375,
        17.453125,
        16.484375,
        18.4375,
        20.796875,
        17.65625,
        15.1015625,
        17.796875,
        16.515625,
        17.375,
        16.484375,
        15.671875,
        16.71875,
        16.359375,
        15.5546875,
        18.1875,
        17.3125,
        17.828125,
        15.015625,
        17.28125,
        17.21875,
        15.21875,
        18.5,
        17.859375,
        17.859375,
        16.140625,
        18.25,
        16.046875,
        18.109375,
        18.21875,
        14.6953125,
        16.90625,
        14.8359375,
        15.3984375,
        18.546875,
        17.375,
        13.75,
        15.015625,
        16.953125,
        19.359375,
        16.75,
        20.5625,
        17.515625,
        16.234375,
        17.140625,
        16.875,
        16.046875,
        16.171875,
        16.78125,
        18.875,
        18.0,
        15.5234375,
        16.390625,
        16.71875,
        14.78125,
        19.390625,
        19.78125,
        13.9921875,
        14.8984375,
        17.90625,
        18.078125,
        17.65625,
        15.21875,
        16.140625,
        15.671875,
        17.59375,
        15.4921875,
        17.765625,
        16.015625,
        15.1875,
        14.1875,
        17.71875,
        12.0390625,
        17.453125,
        17.9375,
        15.765625,
        19.28125,
        15.859375,
        14.5546875,
        17.140625
      ],
      "mean_perplexity": 16.70907012195122
    },
    "invalid_examples": [
      {
        "question": "Passage: The Strangers (2008 film) -- The Strangers is a 2008 American slasher film written and directed by Bryan Bertino. Kristen (Liv Tyler) and James (Scott Speedman) are expecting a relaxing weekend at a family vacation home, but their stay turns out to be anything but peaceful as three masked torturers leave Kristen and James struggling for survival. Writer-director Bertino was inspired by real-life events: the Manson family Tate murders, a multiple homicide; the Keddie Cabin Murders, that occurred in California in 1981; and a series of break-ins that occurred in his own neighborhood as a child. Made on a budget of $9 million, the film was shot on location in rural South Carolina in the fall of 2006.\nQuestion: was the movie strangers based on a true story\nAnswer:",
        "response": " was"
      },
      {
        "question": "Passage: Carbon\u2013hydrogen bond -- The carbon-hydrogen bond (C--H bond) is a bond between carbon and hydrogen atoms that can be found in many organic compounds. This bond is a covalent bond meaning that carbon shares its outer valence electrons with up to four hydrogens. This completes both of their outer shells making them stable. Carbon--hydrogen bonds have a bond length of about 1.09 \u00c5 (1.09 \u00d7 10 m) and a bond energy of about 413 kJ/mol (see table below). Using Pauling's scale--C (2.55) and H (2.2)--the electronegativity difference between these two atoms is 0.35. Because of this small difference in electronegativities, the C\u2212H bond is generally regarded as being non-polar. In structural formulas of molecules, the hydrogen atoms are often omitted. Compound classes consisting solely of C--H bonds and C--C bonds are alkanes, alkenes, alkynes, and aromatic hydrocarbons. Collectively they are known as hydrocarbons.\nQuestion: can carbon form polar covalent bonds with hydrogen\nAnswer:",
        "response": " Carbon"
      },
      {
        "question": "Passage: Hole in one -- As of October 2008, a condor (four under par) hole-in-one on a par 5 hole had been recorded on four occasions, aided by thin air at high altitude, or by cutting the corner on a doglegged or horseshoe-shaped hole. A horseshoe-shaped par 5 hole once enabled a condor hole in one to be achieved with a 3-iron club. The longest recorded straight drive hole-in-one is believed to be 517 yards or 473 metres, on the par 5 No. 9 hole at Green Valley Ranch Golf Club in Denver in 2002, aided by the thin air due to the high altitude. None of these four par 5 holes-in-one were achieved during a professional tournament. A condor is also known as a double albatross, or a triple eagle.\nQuestion: has anyone hit a hole in one on a par 5\nAnswer:",