{
  "metadata": {
    "timestamp": "20241216_141830",
    "model_name": "meta-llama/Llama-3.2-3B",
    "num_pruned_layers": 3,
    "has_adapter": true,
    "task": "boolq"
  },
  "metrics": {
    "response_quality": {
      "total_responses": 3270,
      "valid_responses": 3257,
      "invalid_responses": 13,
      "invalid_percentage": 0.39755351681957185
    },
    "metrics": {
      "accuracy": 0.525944120356156,
      "evaluate_accuracy": {
        "accuracy": 0.5238532110091743
      },
      "precision": 0.8871224165341812,
      "recall": 0.27474150664697194,
      "f1": 0.4195488721804511,
      "total_evaluated": 3257,
      "confusion_matrix": {
        "true_positives": 558,
        "true_negatives": 1155,
        "false_positives": 71,
        "false_negatives": 1473
      },
      "perplexities": [
        13.171875,
        13.0703125,
        12.109375,
        13.0703125,
        13.0703125,
        11.625,
        12.59375,
        12.1796875,
        12.84375,
        14.6640625,
        13.96875,
        13.1484375,
        14.4921875,
        13.25,
        11.3359375,
        11.71875,
        13.4609375,
        15.34375,
        14.8984375,
        12.640625,
        11.8515625,
        11.78125,
        11.2890625,
        11.3359375,
        15.25,
        11.46875,
        12.4921875,
        14.4140625,
        13.0703125,
        15.015625,
        13.8828125,
        11.53125,
        11.921875,
        12.640625,
        12.9453125,
        11.8046875,
        12.84375,
        14.953125,
        12.71875,
        10.9453125,
        10.8359375,
        11.96875,
        14.953125,
        10.2421875,
        12.765625,
        11.375,
        13.5078125,
        13.7265625,
        13.3046875,
        11.7421875,
        12.4921875,
        12.109375,
        11.0078125,
        14.078125,
        12.15625,
        14.0234375,
        14.4375,
        14.046875,
        12.4921875,
        12.96875,
        12.4453125,
        11.875,
        12.15625,
        14.46875,
        15.28125,
        12.015625,
        11.8984375,
        11.625,
        12.8671875,
        10.921875,
        13.2734375,
        13.6953125,
        14.2734375,
        13.9375,
        12.3515625,
        14.1328125,
        12.2578125,
        12.640625,
        13.25,
        13.78125,
        12.6953125,
        12.6640625,
        10.921875,
        12.7890625,
        12.0859375,
        10.8984375,
        14.296875,
        17.546875,
        13.8046875,
        13.78125,
        13.6171875,
        12.5234375,
        13.5390625,
        12.5234375,
        11.9921875,
        13.2265625,
        11.1328125,
        11.3359375,
        14.3515625,
        13.046875,
        10.15625,
        13.4296875,
        13.4296875,
        14.046875,
        11.9453125,
        12.9453125,
        12.1796875,
        12.7421875,
        12.9140625,
        12.6953125,
        9.9609375,
        13.328125,
        11.8046875,
        11.0703125,
        13.671875,
        14.21875,
        13.828125,
        13.859375,
        12.0390625,
        12.2578125,
        11.5078125,
        11.5078125,
        13.59375,
        11.875,
        11.6484375,
        11.6015625,
        13.0703125,
        13.75,
        14.578125,
        15.640625,
        13.40625,
        11.625,
        13.3515625,
        12.640625,
        13.046875,
        12.421875,
        12.0859375,
        13.0703125,
        12.546875,
        10.8125,
        14.609375,
        13.171875,
        14.046875,
        11.71875,
        13.5625,
        12.8671875,
        11.5078125,
        13.59375,
        12.6171875,
        14.8359375,
        13.09375,
        13.9375,
        13.171875,
        14.15625,
        14.609375,
        10.2421875,
        13.78125,
        11.4921875,
        11.2421875,
        14.328125,
        13.3046875,
        10.7265625,
        11.09375,
        12.6640625,
        15.3671875,
        12.3046875,
        16.140625,
        13.640625,
        12.2578125,
        13.9921875,
        13.484375,
        12.0625,
        11.875,
        13.59375,
        15.015625,
        14.21875,
        11.3515625,
        12.71875,
        13.6171875,
        12.0390625,
        15.1015625,
        15.015625,
        11.3515625,
        11.265625,
        13.75,
        14.328125,
        14.0234375,
        11.828125,
        12.71875,
        11.6953125,
        13.2734375,
        11.671875,
        13.9140625,
        11.1171875,
        11.5078125,
        10.2421875,
        13.015625,
        9.4140625,
        12.890625,
        13.671875,
        12.375,
        14.984375,
        11.7578125,
        11.625,
        12.6953125
      ],
      "mean_perplexity": 12.851524390243902
    },
    "invalid_examples": [
      {
        "question": "Passage: Angular frequency -- Angular frequency (or angular speed) is the magnitude of the vector quantity angular velocity. The term angular frequency vector \u03c9 \u2192 (\\displaystyle (\\vec (\\omega ))) is sometimes used as a synonym for the vector quantity angular velocity.\nQuestion: is angular frequency and angular velocity the same\nAnswer:",
        "response": " Angular"
      },
      {
        "question": "Passage: Honda CRF series -- The Honda CRF series is a line of four-stroke motocross and trail motorcycles manufactured and marketed by Honda.\nQuestion: is the honda crf 250 a 2 stroke\nAnswer:",
        "response": " Honda"
      },
      {
        "question": "Passage: BMW 1 Series -- The 1 Series is BMW's entry level of model range. Unusually for a small car, the 1 Series range is mostly rear-wheel drive, (except for the F52 sedan, which is front-wheel drive) with optional all-wheel drive being available on some models.\nQuestion: is a bmw 1 series front wheel drive\nAnswer:",
        "response": " BMW"
      },
      {
        "question": "Passage: Bank of America Merrill Lynch -- Bank of America Merrill Lynch is an American multinational investment bank under the auspices of Bank of America. It provides services in mergers and acquisitions, equity and debt capital markets, lending, trading, risk management, research, and liquidity and payments management. It was formed through the combination of the corporate and investment banking activities of Bank of America and Merrill Lynch following the acquisition of the latter by the former in January 2009.\nQuestion: is merrill lynch and bank of america the same\nAnswer:",
        "response": " Bank"
      },
      {
        "question": "Passage: Vauxhall station -- Vauxhall (/\u02c8v\u0252ks\u0254\u02d0l/, VOK-sawl) is a National Rail, London Underground and London Buses interchange station in central London. It is at the Vauxhall Cross road junction opposite the southern approach to Vauxhall Bridge over the River Thames in the district of Vauxhall. The station is on the boundary of zones 1 and 2 of the London Travelcard area and, although a through station, it is classed as a central London terminus for ticketing purposes.\nQuestion: is vauxhall station in zone 1 or 2\nAnswer:",
        "response": " V"
      },
      {
        "question": "Passage: Bank of India -- Bank of India (BoI) is commercial bank with headquarters at Bandra Kurla complex, Mumbai. Founded in 1906, it has been government-owned since nationalisation in 1969. Bank of India has 5100 branches as on 31 January 2017, including 56 offices outside India, which includes five subsidiaries, five representative offices, and one joint venture. BoI is a founder member of SWIFT (Society for Worldwide Inter Bank Financial Telecommunications), which facilitates provision of cost-effective financialprocessing and communication services.\nQuestion: is state bank of india and bank of india same\nAnswer:",