{
  "metadata": {
    "timestamp": "20241216_105912",
    "model_name": "meta-llama/Llama-3.2-1B",
    "num_pruned_layers": 0,
    "has_adapter": false,
    "task": "boolq"
  },
  "metrics": {
    "response_quality": {
      "total_responses": 3270,
      "valid_responses": 3267,
      "invalid_responses": 3,
      "invalid_percentage": 0.09174311926605505
    },
    "metrics": {
      "accuracy": 0.5800428527701255,
      "evaluate_accuracy": {
        "accuracy": 0.5795107033639144
      },
      "precision": 0.7143786597267404,
      "recall": 0.5406203840472673,
      "f1": 0.6154708520179372,
      "total_evaluated": 3267,
      "confusion_matrix": {
        "true_positives": 1098,
        "true_negatives": 797,
        "false_positives": 439,
        "false_negatives": 933
      },
      "perplexities": [
        12.3046875,
        12.109375,
        11.2890625,
        12.546875,
        11.828125,
        10.859375,
        11.4453125,
        11.71875,
        12.546875,
        13.484375,
        13.1171875,
        11.78125,
        13.828125,
        12.6640625,
        10.546875,
        10.4609375,
        12.421875,
        14.7265625,
        15.1640625,
        12.3046875,
        10.3984375,
        11.4453125,
        10.625,
        9.640625,
        13.9140625,
        10.8359375,
        10.921875,
        13.0703125,
        12.203125,
        14.1328125,
        11.578125,
        10.5234375,
        10.8125,
        11.1328125,
        12.2578125,
        10.6640625,
        12.15625,
        14.4921875,
        11.6484375,
        10.28125,
        9.578125,
        11.625,
        13.3828125,
        8.9140625,
        11.3515625,
        9.984375,
        12.8203125,
        12.421875,
        12.203125,
        11.4453125,
        11.1796875,
        10.9609375,
        10.3359375,
        13.484375,
        10.5234375,
        12.59375,
        13.8046875,
        13.171875,
        12.1328125,
        11.2890625,
        11.2265625,
        10.875,
        11.3984375,
        13.7265625,
        14.7265625,
        10.5859375,
        10.7109375,
        11.09375,
        11.9921875,
        9.8671875,
        12.3046875,
        12.3046875,
        12.8671875,
        12.9921875,
        11.421875,
        12.96875,
        11.78125,
        11.8046875,
        12.46875,
        12.59375,
        11.2421875,
        11.5078125,
        10.625,
        11.96875,
        11.578125,
        10.0234375,
        13.9140625,
        16.78125,
        12.765625,
        12.421875,
        13.5078125,
        11.46875,
        12.8203125,
        10.9453125,
        10.8359375,
        12.375,
        10.984375,
        10.359375,
        13.5390625,
        11.96875,
        9.2890625,
        11.4921875,
        12.640625,
        12.96875,
        10.7265625,
        12.59375,
        11.3359375,
        12.109375,
        12.71875,
        11.5546875,
        8.8984375,
        12.015625,
        10.4375,
        10.1015625,
        12.640625,
        11.5546875,
        12.3984375,
        13.1953125,
        11.265625,
        10.7265625,
        10.078125,
        10.5234375,
        12.5234375,
        11.09375,
        10.8359375,
        10.921875,
        12.28125,
        12.640625,
        13.671875,
        14.5234375,
        12.5703125,
        10.8359375,
        11.8984375,
        11.2421875,
        12.96875,
        10.796875,
        10.9609375,
        11.7421875,
        12.0859375,
        9.0703125,
        13.40625,
        12.4921875,
        13.484375,
        11.0703125,
        12.5703125,
        11.71875,
        10.8125,
        12.59375,
        11.375,
        13.9375,
        12.9921875,
        12.7890625,
        12.6171875,
        13.328125,
        13.5625,
        9.5078125,
        13.1484375,
        9.9453125,
        10.5234375,
        12.9921875,
        12.1328125,
        10.0625,
        9.90625,
        11.046875,
        14.8125,
        11.3984375,
        15.609375,
        12.9921875,
        11.71875,
        13.0703125,
        12.3046875,
        10.7734375,
        11.5546875,
        13.2265625,
        13.6171875,
        13.09375,
        10.3203125,
        12.2578125,
        12.7890625,
        11.6484375,
        14.1875,
        14.1328125,
        10.5234375,
        10.1953125,
        12.8671875,
        13.2265625,
        12.890625,
        10.6015625,
        12.3984375,
        10.984375,
        12.640625,
        10.7109375,
        13.171875,
        10.0234375,
        10.6640625,
        9.125,
        12.0625,
        9.15625,
        11.5546875,
        12.9140625,
        10.984375,
        14.046875,
        10.9609375,
        11.03125,
        13.015625
      ],
      "mean_perplexity": 11.910403963414634
    },
    "invalid_examples": [
      {
        "question": "Passage: 29er (bicycle) -- 29ers or two-niners are mountain bikes and hybrid bikes that are built to use 700c or 622 mm ISO (inside rim diameter) wheels, commonly called 29'' wheels. Most mountain bikes once used ISO 559 mm wheels, commonly called 26'' wheels. The ISO 622 mm wheel is typically also used for road-racing, trekking, cyclo-cross, touring and hybrid bicycles. In some countries, mainly in Continental Europe, ISO 622 mm wheels are commonly called 28'' wheels or ``28 Incher''.\nQuestion: can you put 700c tires on a 29er\nAnswer:",
        "response": " "
      },
      {
        "question": "Passage: Toll-free telephone numbers in the North American Numbering Plan -- In the United States of America, Canada, and other countries participating in the North American Numbering Plan, a toll-free telephone number has one of the area codes 800, 833, 844, 855, 866, 877, and 888.\nQuestion: is 1-844 toll free in canada\nAnswer:",
        "response": " "
      },
      {
        "question": "Passage: Cabo San Lucas -- Cabo San Lucas (Spanish pronunciation: (\u02c8ka\u03b2o san \u02c8lukas), Cape Saint Luke), commonly called Cabo in English, is a resort city at the southern tip of the Baja California Peninsula, in the Mexican state of Baja California Sur. As of 2015, the population of the city was 81,111 inhabitants. Cabo San Lucas together with San Jos\u00e9 del Cabo is known as Los Cabos. Together they form a metropolitan area of 305,983 inhabitants.\nQuestion: is los cabos the same as cabo san lucas\nAnswer:",
        "response": " Cab"
      }
    ]
  }
}