{
  "metadata": {
    "timestamp": "20241216_120443",
    "model_name": "meta-llama/Meta-Llama-3-8B",
    "num_pruned_layers": 4,
    "has_adapter": true,
    "task": "boolq"
  },
  "metrics": {
    "response_quality": {
      "total_responses": 3270,
      "valid_responses": 3256,
      "invalid_responses": 14,
      "invalid_percentage": 0.42813455657492355
    },
    "metrics": {
      "accuracy": 0.7561425061425061,
      "evaluate_accuracy": {
        "accuracy": 0.7529051987767584
      },
      "precision": 0.8733333333333333,
      "recall": 0.711253701875617,
      "f1": 0.7840043525571272,
      "total_evaluated": 3256,
      "confusion_matrix": {
        "true_positives": 1441,
        "true_negatives": 1021,
        "false_positives": 209,
        "false_negatives": 585
      },
      "perplexities": [
        10.6875,
        11.0703125,
        9.984375,
        10.75,
        10.8359375,
        9.828125,
        10.28125,
        10.15625,
        10.7109375,
        11.6953125,
        11.828125,
        10.7734375,
        11.8984375,
        10.6875,
        9.3984375,
        9.453125,
        11.375,
        12.9453125,
        12.328125,
        10.5625,
        9.546875,
        9.828125,
        9.4296875,
        9.234375,
        12.640625,
        9.484375,
        9.75,
        12.109375,
        10.921875,
        12.7890625,
        11.15625,
        9.828125,
        9.9453125,
        10.3359375,
        11.03125,
        9.640625,
        10.4609375,
        12.0859375,
        10.7109375,
        9.1953125,
        8.671875,
        9.9609375,
        11.921875,
        8.2421875,
        10.5234375,
        9.6015625,
        11.2421875,
        11.1796875,
        11.1796875,
        9.8046875,
        10.3828125,
        10.15625,
        8.859375,
        11.6015625,
        10.3828125,
        11.5078125,
        12.3046875,
        11.3359375,
        10.6015625,
        10.2421875,
        10.1796875,
        9.6171875,
        10.5,
        12.328125,
        12.421875,
        9.5234375,
        9.671875,
        9.7890625,
        10.7734375,
        9.015625,
        10.984375,
        11.375,
        11.265625,
        11.2890625,
        10.15625,
        11.578125,
        10.4609375,
        10.859375,
        11.265625,
        11.3359375,
        10.1953125,
        10.3203125,
        9.46875,
        10.6640625,
        10.1171875,
        9.0546875,
        11.3984375,
        14.2421875,
        11.3359375,
        11.2265625,
        11.2265625,
        10.3359375,
        11.9921875,
        10.1015625,
        10.0234375,
        11.1171875,
        9.75,
        9.734375,
        11.71875,
        10.875,
        8.828125,
        10.875,
        11.53125,
        11.6953125,
        9.6953125,
        10.875,
        10.2578125,
        10.8359375,
        10.625,
        10.546875,
        8.1484375,
        10.9453125,
        9.4296875,
        9.6015625,
        11.203125,
        11.3125,
        11.625,
        12.0625,
        9.84375,
        9.7734375,
        9.3984375,
        9.75,
        11.1796875,
        9.8671875,
        9.8828125,
        9.828125,
        10.8125,
        11.78125,
        12.0390625,
        12.765625,
        11.2421875,
        9.640625,
        10.921875,
        10.078125,
        10.7734375,
        10.3984375,
        10.3359375,
        10.6875,
        10.5234375,
        8.6875,
        12.28125,
        10.921875,
        11.78125,
        9.828125,
        11.3984375,
        10.421875,
        9.546875,
        11.046875,
        10.4609375,
        12.0859375,
        10.859375,
        11.5546875,
        10.75,
        11.578125,
        12.203125,
        8.625,
        11.2890625,
        9.7890625,
        9.65625,
        12.3046875,
        11.3125,
        9.0390625,
        9.46875,
        10.28125,
        12.4921875,
        10.140625,
        13.328125,
        11.3359375,
        10.546875,
        11.3515625,
        11.53125,
        10.0234375,
        10.0234375,
        11.671875,
        12.203125,
        12.0625,
        9.4140625,
        10.8359375,
        10.625,
        10.0625,
        12.3046875,
        12.375,
        9.3046875,
        9.46875,
        11.2265625,
        11.8984375,
        11.578125,
        9.921875,
        10.796875,
        9.828125,
        11.421875,
        9.7890625,
        11.5546875,
        9.2890625,
        9.671875,
        8.65625,
        10.859375,
        7.97265625,
        10.6640625,
        11.4453125,
        9.984375,
        12.2578125,
        10.0,
        9.7890625,
        10.859375
      ],
      "mean_perplexity": 10.662061737804878
    },
    "invalid_examples": [
      {
        "question": "Passage: Payola -- Payola, in the music industry, is the illegal practice of payment or other inducement by record companies for the broadcast of recordings on commercial radio in which the song is presented as being part of the normal day's broadcast, without announcing this prior to broadcast. Under US law, a radio station can play a specific song in exchange for money, but this must be disclosed on the air as being sponsored airtime, and that play of the song should not be counted as a ``regular airplay''.\nQuestion: is payola legal in canada and the united states\nAnswer:",
        "response": " Pay"
      },
      {
        "question": "Passage: Dramaturgy (sociology) -- Dramaturgy is a sociological perspective commonly used in microsociological accounts of social interaction in everyday life. The term was first adapted into sociology from the theatre by Erving Goffman, who developed most of the related terminology and ideas in his 1959 book, The Presentation of Self in Everyday Life. Kenneth Burke, whom Goffman would later acknowledge as an influence, had earlier presented his notions of dramatism in 1945, which in turn derives from Shakespeare. However, the fundamental difference between Burke's and Goffman's view is that Burke believed that life was in fact theatre, whereas Goffman viewed theatre as a metaphor. If we imagine ourselves as directors observing what goes on in the theatre of everyday life, we are doing what Goffman called dramaturgical analysis, the study of social interaction in terms of theatrical performance.\nQuestion: is the sociologist associated with the dramaturgical model of social interaction\nAnswer:",
        "response": " G"
      },
      {
        "question": "Passage: Vauxhall station -- Vauxhall (/\u02c8v\u0252ks\u0254\u02d0l/, VOK-sawl) is a National Rail, London Underground and London Buses interchange station in central London. It is at the Vauxhall Cross road junction opposite the southern approach to Vauxhall Bridge over the River Thames in the district of Vauxhall. The station is on the boundary of zones 1 and 2 of the London Travelcard area and, although a through station, it is classed as a central London terminus for ticketing purposes.\nQuestion: is vauxhall station in zone 1 or 2\nAnswer:",
        "response": " V"
      },
      {
        "question": "Passage: Nuclear power -- Nuclear power is the use of nuclear reactions that release nuclear energy to generate heat, which most frequently is then used in steam turbines to produce electricity in a nuclear power plant. Nuclear power can be obtained from nuclear fission, nuclear decay and nuclear fusion. Presently, the vast majority of electricity from nuclear power is produced by nuclear fission of elements in the actinide series of the periodic table. Nuclear decay processes are used in niche applications such as radioisotope thermoelectric generators. The possibility of generating electricity from nuclear fusion is still at a research phase with no commercial applications. This article mostly deals with nuclear fission power for electricity generation.\nQuestion: is nuclear power the same as nuclear energy\nAnswer:",