{
  "metadata": {
    "timestamp": "20241216_102805",
    "model_name": "meta-llama/Llama-3.2-3B",
    "num_pruned_layers": 6,
    "has_adapter": false,
    "task": "boolq"
  },
  "metrics": {
    "response_quality": {
      "total_responses": 3270,
      "valid_responses": 2297,
      "invalid_responses": 973,
      "invalid_percentage": 29.755351681957187
    },
    "metrics": {
      "accuracy": 0.6978667827601219,
      "evaluate_accuracy": {
        "accuracy": 0.4902140672782875
      },
      "precision": 0.696124763705104,
      "recall": 0.9665354330708661,
      "f1": 0.8093406593406594,
      "total_evaluated": 2297,
      "confusion_matrix": {
        "true_positives": 1473,
        "true_negatives": 130,
        "false_positives": 643,
        "false_negatives": 51
      },
      "perplexities": [
        42.84375,
        39.09375,
        41.21875,
        39.875,
        45.0,
        41.78125,
        41.21875,
        40.34375,
        36.71875,
        47.25,
        47.15625,
        39.875,
        42.09375,
        43.875,
        40.5625,
        40.71875,
        40.71875,
        49.625,
        40.90625,
        43.78125,
        45.53125,
        36.71875,
        37.3125,
        43.78125,
        46.875,
        36.21875,
        48.75,
        42.9375,
        39.25,
        46.96875,
        48.84375,
        38.71875,
        40.90625,
        42.84375,
        42.84375,
        38.125,
        38.5,
        46.4375,
        44.75,
        37.59375,
        36.15625,
        39.09375,
        46.96875,
        37.59375,
        45.96875,
        39.40625,
        40.25,
        46.6875,
        38.125,
        38.5625,
        42.34375,
        43.03125,
        37.09375,
        42.59375,
        42.78125,
        45.96875,
        42.6875,
        47.53125,
        37.75,
        48.5625,
        47.90625,
        39.03125,
        42.59375,
        46.53125,
        51.375,
        40.5,
        43.09375,
        40.96875,
        41.875,
        38.40625,
        43.78125,
        52.8125,
        48.28125,
        43.375,
        43.6875,
        48.28125,
        40.71875,
        43.09375,
        45.25,
        44.75,
        47.625,
        48.46875,
        38.78125,
        49.3125,
        38.875,
        38.5,
        48.0,
        55.46875,
        43.6875,
        47.53125,
        44.65625,
        42.09375,
        51.0,
        51.59375,
        45.0,
        43.6875,
        33.0,
        39.40625,
        46.25,
        46.15625,
        33.6875,
        53.84375,
        43.09375,
        45.34375,
        41.53125,
        39.03125,
        41.6875,
        47.34375,
        41.78125,
        41.6875,
        36.21875,
        48.65625,
        41.53125,
        39.875,
        44.375,
        56.78125,
        51.1875,
        43.875,
        40.90625,
        44.65625,
        41.53125,
        41.625,
        48.0,
        43.6875,
        40.1875,
        37.65625,
        46.96875,
        42.09375,
        47.8125,
        55.03125,
        42.84375,
        37.96875,
        46.0625,
        45.8125,
        41.28125,
        42.34375,
        40.71875,
        41.46875,
        42.09375,
        42.53125,
        45.875,
        41.625,
        42.4375,
        36.65625,
        43.1875,
        45.625,
        37.0,
        49.40625,
        52.59375,
        47.25,
        37.3125,
        45.53125,
        40.90625,
        47.0625,
        46.0625,
        40.09375,
        43.1875,
        39.3125,
        42.03125,
        50.59375,
        44.75,
        33.375,
        35.03125,
        46.4375,
        48.0,
        51.6875,
        51.59375,
        40.5625,
        40.09375,
        43.625,
        43.625,
        40.71875,
        37.0,
        44.21875,
        50.90625,
        45.71875,
        42.34375,
        39.3125,
        44.8125,
        35.75,
        51.375,
        47.625,
        38.78125,
        38.40625,
        47.71875,
        41.6875,
        46.15625,
        38.875,
        39.09375,
        37.8125,
        46.78125,
        44.90625,
        46.15625,
        42.28125,
        39.40625,
        41.28125,
        47.90625,
        26.96875,
        45.34375,
        46.15625,
        41.875,
        47.90625,
        40.25,
        38.71875,
        43.4375
      ],
      "mean_perplexity": 43.21051829268293
    },
    "invalid_examples": [
      {
        "question": "Passage: Ethanol fuel -- All biomass goes through at least some of these steps: it needs to be grown, collected, dried, fermented, distilled, and burned. All of these steps require resources and an infrastructure. The total amount of energy input into the process compared to the energy released by burning the resulting ethanol fuel is known as the energy balance (or ``energy returned on energy invested''). Figures compiled in a 2007 report by National Geographic Magazine point to modest results for corn ethanol produced in the US: one unit of fossil-fuel energy is required to create 1.3 energy units from the resulting ethanol. The energy balance for sugarcane ethanol produced in Brazil is more favorable, with one unit of fossil-fuel energy required to create 8 from the ethanol. Energy balance estimates are not easily produced, thus numerous such reports have been generated that are contradictory. For instance, a separate survey reports that production of ethanol from sugarcane, which requires a tropical climate to grow productively, returns from 8 to 9 units of energy for each unit expended, as compared to corn, which only returns about 1.34 units of fuel energy for each unit of energy expended. A 2006 University of California Berkeley study, after analyzing six separate studies, concluded that producing ethanol from corn uses much less petroleum than producing gasoline.\nQuestion: does ethanol take more energy make that produces\nAnswer:",
        "response": " ("
      },
      {
        "question": "Passage: Phantom pain -- Phantom pain sensations are described as perceptions that an individual experiences relating to a limb or an organ that is not physically part of the body. Limb loss is a result of either removal by amputation or congenital limb deficiency. However, phantom limb sensations can also occur following nerve avulsion or spinal cord injury.\nQuestion: is pain experienced in a missing body part or paralyzed area\nAnswer:",
        "response": " ("
      },
      {
        "question": "Passage: Parity (mathematics) -- In mathematics, parity is the property of an integer's inclusion in one of two categories: even or odd. An integer is even if it is evenly divisible by two and odd if it is not even. For example, 6 is even because there is no remainder when dividing it by 2. By contrast, 3, 5, 7, 21 leave a remainder of 1 when divided by 2. Examples of even numbers include \u22124, 0, 82 and 178. In particular, zero is an even number. Some examples of odd numbers are \u22125, 3, 29, and 73.\nQuestion: can an odd number be divided by an even number\nAnswer:",
        "response": " ("
      },
      {
        "question": "Passage: Shower gel -- Shower gels for men may contain the ingredient menthol, which gives a cooling and stimulating sensation on the skin, and some men's shower gels are also designed specifically for use on hair and body. Shower gels contain milder surfactant bases than shampoos, and some also contain gentle conditioning agents in the formula. This means that shower gels can also double as an effective and perfectly acceptable substitute to shampoo, even if they are not labelled as a hair and body wash. Washing hair with shower gel should give approximately the same result as using a moisturising shampoo.\nQuestion: is it bad to wash your hair with shower gel\nAnswer:",