{
  "metadata": {
    "timestamp": "20241216_122907",
    "model_name": "meta-llama/Meta-Llama-3-8B",
    "num_pruned_layers": 25,
    "has_adapter": true,
    "task": "boolq"
  },
  "metrics": {
    "response_quality": {
      "total_responses": 3270,
      "valid_responses": 2109,
      "invalid_responses": 1161,
      "invalid_percentage": 35.5045871559633
    },
    "metrics": {
      "accuracy": 0.6116642958748222,
      "evaluate_accuracy": {
        "accuracy": 0.3944954128440367
      },
      "precision": 0.6138328530259366,
      "recall": 0.988399071925754,
      "f1": 0.7573333333333333,
      "total_evaluated": 2109,
      "confusion_matrix": {
        "true_positives": 1278,
        "true_negatives": 12,
        "false_positives": 804,
        "false_negatives": 15
      },
      "perplexities": [
        80.0625,
        73.5,
        80.375,
        74.3125,
        77.3125,
        71.75,
        72.875,
        77.0,
        74.9375,
        90.375,
        81.0,
        75.8125,
        76.125,
        79.125,
        72.0625,
        79.4375,
        81.625,
        86.5625,
        85.25,
        85.5625,
        89.6875,
        68.75,
        65.875,
        83.875,
        86.5625,
        63.09375,
        84.875,
        74.3125,
        76.6875,
        91.8125,
        81.625,
        69.8125,
        78.5,
        86.5625,
        83.25,
        73.5,
        75.5,
        92.125,
        83.25,
        67.6875,
        66.875,
        71.75,
        87.9375,
        68.5,
        80.6875,
        77.0,
        82.9375,
        81.3125,
        74.625,
        74.625,
        78.8125,
        84.5625,
        74.0625,
        77.0,
        80.6875,
        88.25,
        83.25,
        86.9375,
        71.1875,
        83.25,
        86.9375,
        71.5,
        73.75,
        94.0,
        91.0625,
        74.625,
        77.3125,
        80.0625,
        77.875,
        74.625,
        86.5625,
        92.125,
        91.8125,
        74.0625,
        76.6875,
        87.5625,
        78.1875,
        75.5,
        79.4375,
        83.25,
        80.0625,
        86.9375,
        71.5,
        81.3125,
        75.1875,
        70.375,
        89.6875,
        102.0,
        88.9375,
        89.6875,
        81.3125,
        77.3125,
        92.875,
        96.9375,
        82.3125,
        72.3125,
        60.90625,
        76.125,
        92.125,
        84.5625,
        61.625,
        86.9375,
        82.9375,
        80.6875,
        78.5,
        75.8125,
        73.1875,
        85.875,
        82.9375,
        76.375,
        61.15625,
        81.625,
        72.875,
        67.9375,
        92.125,
        109.875,
        91.0625,
        85.5625,
        78.1875,
        73.75,
        74.0625,
        74.0625,
        86.9375,
        83.5625,
        76.125,
        72.0625,
        88.625,
        69.8125,
        87.5625,
        93.25,
        88.625,
        74.625,
        85.875,
        79.125,
        84.5625,
        73.5,
        70.9375,
        79.75,
        74.9375,
        78.1875,
        83.5625,
        81.3125,
        77.0,
        67.4375,
        84.5625,
        84.875,
        76.125,
        91.8125,
        87.5625,
        88.25,
        76.375,
        90.0,
        74.3125,
        88.25,
        87.25,
        83.5625,
        72.0625,
        65.0625,
        76.125,
        88.9375,
        81.3125,
        63.84375,
        64.8125,
        90.75,
        96.1875,
        86.25,
        102.0,
        77.0,
        75.8125,
        76.6875,
        73.1875,
        74.3125,
        75.5,
        77.3125,
        92.125,
        83.5625,
        76.375,
        77.0,
        94.3125,
        67.1875,
        93.625,
        87.9375,
        67.4375,
        70.125,
        91.8125,
        77.875,
        85.875,
        68.75,
        74.9375,
        78.5,
        86.9375,
        81.3125,
        81.3125,
        80.6875,
        72.875,
        75.8125,
        91.4375,
        46.875,
        84.25,
        85.25,
        77.0,
        88.9375,
        74.9375,
        65.375,
        84.25
      ],
      "mean_perplexity": 80.02621951219513
    },
    "invalid_examples": [
      {
        "question": "Passage: Parity (mathematics) -- In mathematics, parity is the property of an integer's inclusion in one of two categories: even or odd. An integer is even if it is evenly divisible by two and odd if it is not even. For example, 6 is even because there is no remainder when dividing it by 2. By contrast, 3, 5, 7, 21 leave a remainder of 1 when divided by 2. Examples of even numbers include \u22124, 0, 82 and 178. In particular, zero is an even number. Some examples of odd numbers are \u22125, 3, 29, and 73.\nQuestion: can an odd number be divided by an even number\nAnswer:",
        "response": " "
      },
      {
        "question": "Passage: American entry into Canada by land -- Persons driving into Canada must have their vehicle's registration document and proof of insurance.\nQuestion: can u drive in canada with us license\nAnswer:",
        "response": " u"
      },
      {
        "question": "Passage: 2018 FIFA World Cup knockout stage -- The knockout stage of the 2018 FIFA World Cup was the second and final stage of the competition, following the group stage. It began on 30 June with the round of 16 and ended on 15 July with the final match, held at the Luzhniki Stadium in Moscow. The top two teams from each group (16 in total) advanced to the knockout stage to compete in a single-elimination style tournament. A third place play-off was also played between the two losing teams of the semi-finals.\nQuestion: is there a play off for third place in the world cup\nAnswer:",
        "response": " "
      },
      {
        "question": "Passage: Bloodline (TV series) -- Bloodline was announced in October 2014 as part of a partnership between Netflix and Sony Pictures Television, representing Netflix's first major deal with a major film studio for a television series. The series was created and executive produced by Todd A. Kessler, Glenn Kessler, and Daniel Zelman, who previously created the FX series Damages. According to its official synopsis released by Netflix, Bloodline ``centers on a close-knit family of four adult siblings whose secrets and scars are revealed when their black sheep brother returns home.''\nQuestion: is the show bloodline based on a true story\nAnswer:",
        "response": " \""
      },
      {
        "question": "Passage: Russell Group -- In March 2012 it was announced that four universities -- Durham, Exeter, Queen Mary University of London; and York -- would become members of the Russell Group in August of the same year. All of the new members had previously been members of the 1994 Group of British universities.\nQuestion: is durham university part of the russell group\nAnswer:",
        "response": " Russell"
      },
      {
        "question": "Passage: Magnesium citrate -- Magnesium citrate is a magnesium preparation in salt form with citric acid in a 1:1 ratio (1 magnesium atom per citrate molecule). The name ``magnesium citrate'' is ambiguous and sometimes may refer to other salts such as trimagnesium citrate which has a magnesium:citrate ratio of 3:2.\nQuestion: does magnesium citrate have citric acid in it\nAnswer:",