{
  "metadata": {
    "timestamp": "20241216_115307",
    "model_name": "meta-llama/Meta-Llama-3-8B",
    "num_pruned_layers": 0,
    "has_adapter": false,
    "task": "boolq"
  },
  "metrics": {
    "response_quality": {
      "total_responses": 3270,
      "valid_responses": 3199,
      "invalid_responses": 71,
      "invalid_percentage": 2.1712538226299696
    },
    "metrics": {
      "accuracy": 0.6664582682088153,
      "evaluate_accuracy": {
        "accuracy": 0.6519877675840978
      },
      "precision": 0.8996509598603839,
      "recall": 0.5199193141704488,
      "f1": 0.6589964844998402,
      "total_evaluated": 3199,
      "confusion_matrix": {
        "true_positives": 1031,
        "true_negatives": 1101,
        "false_positives": 115,
        "false_negatives": 952
      },
      "perplexities": [
        7.43359375,
        7.625,
        6.859375,
        7.68359375,
        7.7734375,
        6.43359375,
        6.6484375,
        7.265625,
        7.078125,
        8.0859375,
        8.6875,
        7.4765625,
        8.8125,
        7.09765625,
        6.234375,
        6.21484375,
        7.95703125,
        9.484375,
        9.2109375,
        7.578125,
        5.453125,
        6.7890625,
        6.53515625,
        5.6484375,
        8.390625,
        6.80859375,
        5.91015625,
        9.2109375,
        7.89453125,
        8.5078125,
        7.26171875,
        7.03515625,
        6.60546875,
        6.8671875,
        7.0234375,
        7.03125,
        7.390625,
        8.6015625,
        6.9140625,
        5.87890625,
        6.2265625,
        7.09765625,
        8.421875,
        5.23828125,
        6.234375,
        6.375,
        8.1171875,
        7.7578125,
        8.1953125,
        6.51953125,
        6.51953125,
        6.7890625,
        6.0703125,
        8.390625,
        6.87890625,
        7.8828125,
        8.984375,
        7.51953125,
        8.1171875,
        7.015625,
        6.94921875,
        6.51953125,
        6.578125,
        8.3203125,
        9.1796875,
        6.59765625,
        6.45703125,
        6.27734375,
        7.2109375,
        5.18359375,
        7.3046875,
        7.8203125,
        7.3515625,
        7.7421875,
        6.98046875,
        8.46875,
        6.89453125,
        7.4921875,
        8.1640625,
        7.625,
        6.46875,
        7.1953125,
        6.546875,
        6.859375,
        6.70703125,
        6.08984375,
        8.2890625,
        10.6640625,
        7.11328125,
        7.51953125,
        8.0078125,
        7.0703125,
        7.1953125,
        5.9609375,
        5.7890625,
        7.078125,
        7.296875,
        6.7421875,
        7.8828125,
        7.04296875,
        5.3046875,
        6.55859375,
        8.2578125,
        8.2421875,
        6.27734375,
        7.55078125,
        6.80859375,
        7.0078125,
        7.73046875,
        6.65625,
        5.234375,
        7.69921875,
        5.578125,
        6.7421875,
        7.73046875,
        6.65625,
        7.41796875,
        8.9453125,
        5.83203125,
        5.96484375,
        5.79296875,
        6.2890625,
        7.26171875,
        6.5859375,
        6.515625,
        6.88671875,
        7.03125,
        8.5390625,
        9.015625,
        9.140625,
        8.0703125,
        6.58984375,
        7.06640625,
        7.1484375,
        7.73046875,
        6.8125,
        6.6953125,
        8.0390625,
        7.63671875,
        5.1328125,
        8.8125,
        7.33984375,
        8.0390625,
        6.53515625,
        8.2265625,
        7.0078125,
        6.74609375,
        7.2890625,
        7.05859375,
        9.2890625,
        8.0078125,
        8.2421875,
        7.98828125,
        7.8828125,
        8.5859375,
        5.76171875,
        8.390625,
        6.12109375,
        5.6171875,
        7.8046875,
        7.2890625,
        6.16796875,
        5.9375,
        6.9296875,
        8.7421875,
        6.8203125,
        9.8671875,
        7.2890625,
        7.53515625,
        8.0703125,
        7.7421875,
        6.6875,
        7.03515625,
        8.375,
        8.1015625,
        8.453125,
        6.43359375,
        8.4375,
        7.2265625,
        7.68359375,
        9.453125,
        8.2421875,
        6.203125,
        5.953125,
        7.0859375,
        8.390625,
        8.0546875,
        6.3515625,
        7.66796875,
        6.6484375,
        7.265625,
        6.265625,
        7.4765625,
        5.44921875,
        6.83984375,
        5.58984375,
        7.296875,
        5.76171875,
        6.99609375,
        7.98828125,
        7.15625,
        8.5859375,
        6.703125,
        6.83984375,
        6.96875
      ],
      "mean_perplexity": 7.255449695121952
    },
    "invalid_examples": [
      {
        "question": "Passage: Scar (The Lion King) -- Scar makes a brief cameo appearance in the film in Simba's nightmare. In the nightmare, Simba runs down the cliff where his father died, attempting to rescue him. Scar intervenes, however, and then turns into Kovu and throws Simba off the cliff. Scar makes another cameo appearance in a pool of water, as a reflection, after Kovu is exiled from Pride Rock.\nQuestion: is scar alive in the lion king 2\nAnswer:",
        "response": " Scar"
      },
      {
        "question": "Passage: Ivory Coast -- Ivory Coast, also known as C\u00f4te d'Ivoire and officially as the Republic of C\u00f4te d'Ivoire, is a sovereign state located in West Africa. Ivory Coast's political capital is Yamoussoukro, and its economic capital and largest city is the port city of Abidjan. Its bordering countries are Guinea and Liberia in the west, Burkina Faso and Mali in the north, and Ghana in the east. The Gulf of Guinea (Atlantic Ocean) is located south of Ivory Coast.\nQuestion: is ivory coast and cote d ivoire the same\nAnswer:",
        "response": " Ivory"
      },
      {
        "question": "Passage: Boo (dog) -- In April 2012, Boo was the subject of a death hoax after #RIPBOO appeared on Facebook. Tweets followed as Gizmodo writer Sam Biddle tweeted that Boo had died. It was later confirmed by the Chronicle Book staff that Boo was alive and well.\nQuestion: did boo the world's cutest dog die\nAnswer:",
        "response": " Boo"
      },
      {
        "question": "Passage: A Quiet Place (film) -- The Abbott family -- wife Evelyn, husband Lee, congenitally deaf daughter Regan, and sons Marcus and Beau -- silently scavenge for supplies in a deserted town. While out in the open, the family communicates with American Sign Language (ASL). Four-year-old Beau is drawn to a battery-powered space shuttle toy, but Lee takes it away due to the noise it makes. Regan returns the toy to Beau, who also takes the batteries that his father removed from it. Beau activates the toy when the family is walking home and crossing a bridge, giving away his location to a nearby creature which kills him before Lee can save him.\nQuestion: does beau abbott die in a quiet place\nAnswer:",