{
  "metadata": {
    "timestamp": "20241216_103127",
    "model_name": "meta-llama/Llama-3.2-3B",
    "num_pruned_layers": 8,
    "has_adapter": false,
    "task": "boolq"
  },
  "metrics": {
    "response_quality": {
      "total_responses": 3270,
      "valid_responses": 3194,
      "invalid_responses": 76,
      "invalid_percentage": 2.324159021406728
    },
    "metrics": {
      "accuracy": 0.6242955541640576,
      "evaluate_accuracy": {
        "accuracy": 0.6097859327217126
      },
      "precision": 0.6253156565656566,
      "recall": 0.993480441323972,
      "f1": 0.7675319643549011,
      "total_evaluated": 3194,
      "confusion_matrix": {
        "true_positives": 1981,
        "true_negatives": 13,
        "false_positives": 1187,
        "false_negatives": 13
      },
      "perplexities": [
        81.3125,
        69.3125,
        80.0625,
        78.5,
        88.25,
        86.9375,
        80.375,
        76.6875,
        74.625,
        92.125,
        87.9375,
        76.375,
        76.6875,
        84.25,
        72.625,
        82.3125,
        81.625,
        92.125,
        77.625,
        81.9375,
        91.0625,
        68.5,
        67.4375,
        90.375,
        87.5625,
        63.59375,
        95.8125,
        77.3125,
        80.0625,
        91.4375,
        90.75,
        77.3125,
        83.25,
        82.625,
        83.25,
        72.3125,
        74.0625,
        88.9375,
        87.5625,
        68.5,
        66.875,
        74.0625,
        83.875,
        75.1875,
        89.3125,
        84.25,
        77.875,
        83.5625,
        74.9375,
        74.0625,
        80.0625,
        85.875,
        72.3125,
        82.9375,
        81.3125,
        99.25,
        81.3125,
        96.1875,
        68.1875,
        97.6875,
        95.4375,
        74.625,
        76.125,
        94.3125,
        90.375,
        83.25,
        85.875,
        79.75,
        75.8125,
        77.0,
        80.375,
        110.75,
        93.25,
        84.875,
        87.5625,
        90.75,
        75.5,
        77.625,
        82.625,
        87.25,
        83.25,
        93.625,
        74.625,
        92.5,
        71.1875,
        76.375,
        89.3125,
        103.625,
        90.375,
        91.0625,
        81.0,
        81.3125,
        95.4375,
        102.375,
        93.25,
        85.25,
        59.71875,
        74.9375,
        92.125,
        85.5625,
        61.375,
        101.625,
        85.875,
        83.875,
        77.875,
        70.125,
        78.1875,
        86.5625,
        82.625,
        74.3125,
        74.625,
        88.625,
        81.3125,
        77.3125,
        86.9375,
        122.0625,
        96.5625,
        79.125,
        74.625,
        81.3125,
        78.8125,
        81.625,
        92.5,
        86.9375,
        76.6875,
        67.1875,
        89.3125,
        80.6875,
        98.875,
        99.25,
        88.9375,
        72.875,
        91.0625,
        81.9375,
        85.25,
        81.3125,
        74.0625,
        82.9375,
        86.5625,
        87.9375,
        89.3125,
        79.125,
        84.5625,
        70.625,
        78.5,
        83.5625,
        79.4375,
        93.625,
        96.5625,
        97.6875,
        72.625,
        96.9375,
        79.4375,
        99.625,
        88.25,
        78.5,
        81.625,
        70.9375,
        77.3125,
        105.25,
        89.3125,
        64.3125,
        69.8125,
        93.25,
        88.9375,
        98.875,
        103.625,
        73.5,
        73.75,
        78.1875,
        80.375,
        82.3125,
        73.5,
        85.5625,
        94.3125,
        86.9375,
        82.625,
        73.75,
        89.3125,
        72.3125,
        103.1875,
        89.3125,
        72.0625,
        75.5,
        92.875,
        77.3125,
        93.25,
        72.875,
        77.875,
        74.3125,
        85.875,
        84.875,
        90.75,
        87.5625,
        76.125,
        81.0,
        106.875,
        46.4375,
        91.4375,
        90.75,
        85.875,
        92.125,
        72.3125,
        70.9375,
        87.25
      ],
      "mean_perplexity": 83.3125
    },
    "invalid_examples": [
      {
        "question": "Passage: Advanced emergency medical technician -- EMT-I/85 is a level of EMT-I training formulated by the National Registry of Emergency Medical Technicians in 1985. This training level includes more invasive procedures than are covered at the EMT-Basic level, including IV therapy, the use of advanced airway devices, and provides for advanced assessment skills. The EMT-I/85 typically administered the same medications as an EMT-B (oxygen, oral glucose, activated charcoal, epinephrine auto-injectors (EpiPens), nitroglycerin, and metered-dose inhalers such as albuterol). However, in some states they were also allowed to administer naloxone, D50, and glucagon. Like all other EMT levels, their scope of practice was governed by the state and/or their Medical Director.\nQuestion: can an emt-basic start an iv\nAnswer:",
        "response": " can"
      },
      {
        "question": "Passage: List of teams to overcome 3\u20131 series deficits -- The following is the list of teams to overcome 3--1 series deficits by winning three straight games to win a best-of-seven playoff series. In the history of major North American pro sports, teams that were down 3--1 in the series came back and won the series 52 times, more than half of them were accomplished by National Hockey League (NHL) teams. Teams overcame 3--1 deficit in the final championship round eight times, six were accomplished by Major League Baseball (MLB) teams in the World Series. Teams overcoming 3--0 deficit by winning four straight games were accomplished five times, four times in the NHL and once in MLB.\nQuestion: has anyone come back from 3-0 in the nba finals\nAnswer:",
        "response": " has"
      },
      {
        "question": "Passage: Celebratory gunfire -- Bullets fired into the air usually fall back with terminal velocities much lower than their muzzle velocity when they leave the barrel of a firearm. Nevertheless, people can be injured, sometimes fatally, when bullets discharged into the air fall back down to the ground. Bullets fired at angles less than vertical are more dangerous as the bullet maintains its angular ballistic trajectory and is far less likely to engage in tumbling motion; it therefore travels at speeds much higher than a bullet in free fall.\nQuestion: can someone die from a bullet shot in the air\nAnswer:",
        "response": " can"
      },
      {
        "question": "Passage: List of Marvel Cinematic Universe television series -- The Marvel Cinematic Universe (MCU) television series are American superhero television shows based on characters that appear in publications by Marvel Comics. The shows have been in production since 2013, and in that time Marvel Television and ABC Studios, along with its production division ABC Signature Studios, have premiered 11 series across broadcast, streaming, and cable television on ABC, Netflix and Hulu, and Freeform, respectively. They have at least three more series in various stages of development, with Marvel Studios--the production studio behind the MCU films--having at least two series in development for the Disney streaming service.\nQuestion: are the marvel tv shows in the mcu\nAnswer:",