{
  "metadata": {
    "timestamp": "20241216_122605",
    "model_name": "meta-llama/Meta-Llama-3-8B",
    "num_pruned_layers": 19,
    "has_adapter": true,
    "task": "boolq"
  },
  "metrics": {
    "response_quality": {
      "total_responses": 3270,
      "valid_responses": 2964,
      "invalid_responses": 306,
      "invalid_percentage": 9.357798165137615
    },
    "metrics": {
      "accuracy": 0.6194331983805668,
      "evaluate_accuracy": {
        "accuracy": 0.5614678899082569
      },
      "precision": 0.6203389830508474,
      "recall": 0.9956474428726877,
      "f1": 0.7644110275689223,
      "total_evaluated": 2964,
      "confusion_matrix": {
        "true_positives": 1830,
        "true_negatives": 6,
        "false_positives": 1120,
        "false_negatives": 8
      },
      "perplexities": [
        44.03125,
        41.53125,
        41.875,
        41.875,
        42.03125,
        38.34375,
        41.21875,
        41.875,
        42.09375,
        48.0,
        45.34375,
        42.1875,
        40.96875,
        43.6875,
        39.9375,
        40.40625,
        42.53125,
        47.8125,
        48.46875,
        46.4375,
        47.90625,
        37.96875,
        36.03125,
        43.96875,
        47.34375,
        35.53125,
        45.625,
        42.9375,
        42.09375,
        49.3125,
        43.875,
        36.9375,
        41.625,
        43.625,
        45.71875,
        38.40625,
        40.34375,
        48.75,
        44.65625,
        36.71875,
        37.15625,
        39.1875,
        48.0,
        36.5,
        42.78125,
        39.78125,
        44.125,
        44.3125,
        40.5,
        39.03125,
        44.8125,
        44.375,
        38.875,
        41.46875,
        44.125,
        47.34375,
        44.3125,
        48.9375,
        39.71875,
        46.0625,
        46.0625,
        39.1875,
        41.0625,
        49.625,
        49.3125,
        41.625,
        41.0625,
        41.875,
        42.84375,
        39.9375,
        45.8125,
        46.78125,
        48.375,
        40.5625,
        42.84375,
        46.34375,
        43.28125,
        40.96875,
        43.03125,
        45.96875,
        43.03125,
        46.0625,
        38.5625,
        44.46875,
        39.625,
        37.75,
        47.4375,
        55.46875,
        48.84375,
        50.3125,
        44.65625,
        41.21875,
        50.3125,
        49.21875,
        45.09375,
        41.53125,
        34.78125,
        40.90625,
        48.75,
        46.25,
        33.375,
        48.75,
        44.90625,
        44.8125,
        41.9375,
        39.9375,
        40.09375,
        46.53125,
        43.4375,
        40.5625,
        35.03125,
        44.90625,
        39.71875,
        38.625,
        47.4375,
        59.03125,
        48.28125,
        44.90625,
        41.6875,
        40.34375,
        40.5,
        39.625,
        47.90625,
        43.78125,
        40.1875,
        39.46875,
        47.53125,
        39.5625,
        48.84375,
        52.09375,
        46.96875,
        40.40625,
        46.0625,
        43.09375,
        46.78125,
        42.1875,
        39.46875,
        44.125,
        40.90625,
        41.53125,
        46.0625,
        43.09375,
        42.09375,
        37.65625,
        44.90625,
        45.71875,
        40.71875,
        49.3125,
        48.46875,
        46.25,
        40.40625,
        48.28125,
        40.71875,
        46.96875,
        47.71875,
        42.53125,
        41.78125,
        36.21875,
        39.71875,
        47.71875,
        43.4375,
        34.5625,
        36.03125,
        46.875,
        51.5,
        44.65625,
        54.1875,
        41.625,
        40.90625,
        42.1875,
        41.28125,
        40.8125,
        40.71875,
        40.90625,
        50.40625,
        46.34375,
        40.5,
        40.96875,
        48.09375,
        38.34375,
        50.3125,
        48.28125,
        36.09375,
        37.96875,
        48.1875,
        44.46875,
        47.0625,
        37.4375,
        41.875,
        42.78125,
        45.09375,
        43.625,
        45.4375,
        43.1875,
        40.09375,
        38.71875,
        49.40625,
        27.140625,
        47.25,
        45.71875,
        41.21875,
        48.28125,
        41.875,
        37.0,
        46.15625
      ],
      "mean_perplexity": 43.33163109756097
    },
    "invalid_examples": [
      {
        "question": "Passage: Hydroxyzine -- Hydroxyzine preparations require a doctor's prescription. The drug is available in two formulations, the pamoate and the dihydrochloride or hydrochloride salts. Vistaril, Equipose, Masmoran, and Paxistil are preparations of the pamoate salt, while Atarax, Alamon, Aterax, Durrax, Tran-Q, Orgatrax, Quiess, and Tranquizine are of the hydrochloride salt.\nQuestion: is there a difference between hydroxyzine hcl and hydroxyzine pam\nAnswer:",
        "response": " Hydro"
      },
      {
        "question": "Passage: Magnesium citrate -- Magnesium citrate is a magnesium preparation in salt form with citric acid in a 1:1 ratio (1 magnesium atom per citrate molecule). The name ``magnesium citrate'' is ambiguous and sometimes may refer to other salts such as trimagnesium citrate which has a magnesium:citrate ratio of 3:2.\nQuestion: does magnesium citrate have citric acid in it\nAnswer:",
        "response": " magnesium"
      },
      {
        "question": "Passage: Carbon\u2013hydrogen bond -- The carbon-hydrogen bond (C--H bond) is a bond between carbon and hydrogen atoms that can be found in many organic compounds. This bond is a covalent bond meaning that carbon shares its outer valence electrons with up to four hydrogens. This completes both of their outer shells making them stable. Carbon--hydrogen bonds have a bond length of about 1.09 \u00c5 (1.09 \u00d7 10 m) and a bond energy of about 413 kJ/mol (see table below). Using Pauling's scale--C (2.55) and H (2.2)--the electronegativity difference between these two atoms is 0.35. Because of this small difference in electronegativities, the C\u2212H bond is generally regarded as being non-polar. In structural formulas of molecules, the hydrogen atoms are often omitted. Compound classes consisting solely of C--H bonds and C--C bonds are alkanes, alkenes, alkynes, and aromatic hydrocarbons. Collectively they are known as hydrocarbons.\nQuestion: can carbon form polar covalent bonds with hydrogen\nAnswer:",
        "response": " C"
      },
      {
        "question": "Passage: Hole in one -- As of October 2008, a condor (four under par) hole-in-one on a par 5 hole had been recorded on four occasions, aided by thin air at high altitude, or by cutting the corner on a doglegged or horseshoe-shaped hole. A horseshoe-shaped par 5 hole once enabled a condor hole in one to be achieved with a 3-iron club. The longest recorded straight drive hole-in-one is believed to be 517 yards or 473 metres, on the par 5 No. 9 hole at Green Valley Ranch Golf Club in Denver in 2002, aided by the thin air due to the high altitude. None of these four par 5 holes-in-one were achieved during a professional tournament. A condor is also known as a double albatross, or a triple eagle.\nQuestion: has anyone hit a hole in one on a par 5\nAnswer:",