{
  "metadata": {
    "timestamp": "20241216_120956",
    "model_name": "meta-llama/Meta-Llama-3-8B",
    "num_pruned_layers": 6,
    "has_adapter": false,
    "task": "boolq"
  },
  "metrics": {
    "response_quality": {
      "total_responses": 3270,
      "valid_responses": 1970,
      "invalid_responses": 1300,
      "invalid_percentage": 39.75535168195719
    },
    "metrics": {
      "accuracy": 0.6467005076142132,
      "evaluate_accuracy": {
        "accuracy": 0.38960244648318043
      },
      "precision": 0.6465809072444143,
      "recall": 0.845881310894597,
      "f1": 0.7329240214888718,
      "total_evaluated": 1970,
      "confusion_matrix": {
        "true_positives": 955,
        "true_negatives": 319,
        "false_positives": 522,
        "false_negatives": 174
      },
      "perplexities": [
        24.1875,
        25.34375,
        23.4375,
        26.09375,
        25.734375,
        24.0,
        25.546875,
        22.796875,
        24.421875,
        29.96875,
        26.296875,
        24.90625,
        25.484375,
        25.734375,
        24.75,
        25.6875,
        25.34375,
        28.328125,
        25.9375,
        26.5,
        28.0,
        23.15625,
        22.984375,
        26.453125,
        28.328125,
        21.21875,
        28.265625,
        24.75,
        25.1875,
        30.328125,
        26.203125,
        22.453125,
        24.421875,
        27.828125,
        24.609375,
        22.5,
        24.703125,
        28.046875,
        24.953125,
        22.1875,
        21.71875,
        23.15625,
        27.9375,
        21.34375,
        26.5625,
        25.640625,
        25.234375,
        25.640625,
        23.203125,
        23.484375,
        25.34375,
        25.4375,
        22.53125,
        24.90625,
        25.484375,
        28.375,
        27.078125,
        26.140625,
        23.625,
        27.34375,
        27.234375,
        25.390625,
        25.09375,
        30.75,
        28.9375,
        24.796875,
        26.140625,
        24.234375,
        27.03125,
        23.15625,
        26.453125,
        30.15625,
        28.828125,
        25.0,
        26.609375,
        29.171875,
        24.421875,
        25.546875,
        25.890625,
        27.5625,
        25.640625,
        27.890625,
        22.1875,
        28.046875,
        22.0625,
        22.890625,
        27.234375,
        31.96875,
        29.5625,
        27.890625,
        25.546875,
        26.5,
        29.171875,
        30.625,
        24.90625,
        25.9375,
        20.921875,
        22.5,
        28.375,
        26.875,
        20.40625,
        29.046875,
        26.34375,
        28.21875,
        24.84375,
        24.28125,
        23.71875,
        28.375,
        24.5625,
        26.09375,
        22.015625,
        28.265625,
        24.5625,
        23.390625,
        27.5625,
        32.53125,
        27.9375,
        26.5,
        24.375,
        25.9375,
        24.703125,
        25.046875,
        28.484375,
        25.796875,
        23.578125,
        22.890625,
        27.5625,
        24.65625,
        26.609375,
        33.5,
        28.046875,
        23.203125,
        29.109375,
        26.5,
        25.046875,
        26.609375,
        23.53125,
        25.796875,
        24.140625,
        25.140625,
        25.84375,
        27.234375,
        26.09375,
        22.109375,
        25.390625,
        29.34375,
        24.09375,
        30.625,
        27.890625,
        27.296875,
        23.078125,
        28.046875,
        22.3125,
        29.515625,
        27.40625,
        25.640625,
        25.234375,
        23.03125,
        27.40625,
        30.8125,
        27.078125,
        21.21875,
        21.84375,
        28.265625,
        27.890625,
        28.21875,
        30.984375,
        24.703125,
        23.953125,
        27.296875,
        26.875,
        25.1875,
        23.90625,
        24.75,
        31.65625,
        26.71875,
        25.890625,
        25.484375,
        25.734375,
        22.1875,
        28.15625,
        30.09375,
        21.59375,
        21.890625,
        27.234375,
        26.09375,
        26.71875,
        22.53125,
        28.109375,
        23.90625,
        27.890625,
        26.609375,
        27.40625,
        27.78125,
        23.671875,
        25.09375,
        29.046875,
        17.046875,
        27.234375,
        27.40625,
        22.765625,
        29.390625,
        23.953125,
        22.234375,
        25.796875
      ],
      "mean_perplexity": 25.869435975609758
    },
    "invalid_examples": [
      {
        "question": "Passage: Ethanol fuel -- All biomass goes through at least some of these steps: it needs to be grown, collected, dried, fermented, distilled, and burned. All of these steps require resources and an infrastructure. The total amount of energy input into the process compared to the energy released by burning the resulting ethanol fuel is known as the energy balance (or ``energy returned on energy invested''). Figures compiled in a 2007 report by National Geographic Magazine point to modest results for corn ethanol produced in the US: one unit of fossil-fuel energy is required to create 1.3 energy units from the resulting ethanol. The energy balance for sugarcane ethanol produced in Brazil is more favorable, with one unit of fossil-fuel energy required to create 8 from the ethanol. Energy balance estimates are not easily produced, thus numerous such reports have been generated that are contradictory. For instance, a separate survey reports that production of ethanol from sugarcane, which requires a tropical climate to grow productively, returns from 8 to 9 units of energy for each unit expended, as compared to corn, which only returns about 1.34 units of fuel energy for each unit of energy expended. A 2006 University of California Berkeley study, after analyzing six separate studies, concluded that producing ethanol from corn uses much less petroleum than producing gasoline.\nQuestion: does ethanol take more energy make that produces\nAnswer:",
        "response": " "
      },
      {
        "question": "Passage: 2018 FIFA World Cup knockout stage -- The knockout stage of the 2018 FIFA World Cup was the second and final stage of the competition, following the group stage. It began on 30 June with the round of 16 and ended on 15 July with the final match, held at the Luzhniki Stadium in Moscow. The top two teams from each group (16 in total) advanced to the knockout stage to compete in a single-elimination style tournament. A third place play-off was also played between the two losing teams of the semi-finals.\nQuestion: is there a play off for third place in the world cup\nAnswer:",
        "response": " "
      },
      {
        "question": "Passage: The Vampire Diaries (season 8) -- The Vampire Diaries, an American supernatural drama, was renewed for an eighth season by The CW on March 11, 2016. On July 23, 2016, the CW announced that the upcoming season would be the series' last and would consist of 16 episodes. The season premiered on October 21, 2016 and concluded on March 10, 2017.\nQuestion: will there be a season 8 of vampire diaries\nAnswer:",
        "response": " "
      },
      {
        "question": "Passage: Magnesium citrate -- Magnesium citrate is a magnesium preparation in salt form with citric acid in a 1:1 ratio (1 magnesium atom per citrate molecule). The name ``magnesium citrate'' is ambiguous and sometimes may refer to other salts such as trimagnesium citrate which has a magnesium:citrate ratio of 3:2.\nQuestion: does magnesium citrate have citric acid in it\nAnswer:",