{
  "metadata": {
    "timestamp": "20241216_104229",
    "model_name": "meta-llama/Llama-3.2-3B",
    "num_pruned_layers": 20,
    "has_adapter": true,
    "task": "boolq"
  },
  "metrics": {
    "response_quality": {
      "total_responses": 3270,
      "valid_responses": 1940,
      "invalid_responses": 1330,
      "invalid_percentage": 40.67278287461774
    },
    "metrics": {
      "accuracy": 0.6025773195876288,
      "evaluate_accuracy": {
        "accuracy": 0.35749235474006114
      },
      "precision": 0.6036175710594315,
      "recall": 0.9965870307167235,
      "f1": 0.7518506598004506,
      "total_evaluated": 1940,
      "confusion_matrix": {
        "true_positives": 1168,
        "true_negatives": 1,
        "false_positives": 767,
        "false_negatives": 4
      },
      "perplexities": [
        91.0625,
        83.25,
        90.75,
        82.3125,
        86.5625,
        77.3125,
        82.9375,
        84.5625,
        81.9375,
        101.625,
        90.75,
        83.25,
        82.625,
        89.3125,
        81.9375,
        89.6875,
        92.125,
        96.9375,
        98.125,
        93.25,
        102.8125,
        76.125,
        76.6875,
        87.25,
        97.3125,
        69.3125,
        93.625,
        86.9375,
        85.25,
        102.8125,
        91.4375,
        78.5,
        88.25,
        96.9375,
        92.875,
        81.3125,
        80.375,
        102.375,
        90.75,
        77.625,
        72.3125,
        81.625,
        96.1875,
        78.1875,
        90.0,
        87.9375,
        92.125,
        90.375,
        84.5625,
        83.5625,
        90.375,
        91.8125,
        82.9375,
        87.9375,
        88.9375,
        100.8125,
        93.625,
        101.625,
        78.1875,
        93.25,
        100.8125,
        78.8125,
        89.6875,
        103.625,
        106.875,
        87.25,
        87.9375,
        90.75,
        88.25,
        86.25,
        98.125,
        105.625,
        104.8125,
        79.75,
        87.5625,
        102.0,
        88.625,
        84.25,
        91.8125,
        95.8125,
        86.5625,
        97.6875,
        80.6875,
        90.0,
        81.9375,
        77.0,
        98.875,
        117.375,
        102.0,
        98.125,
        91.8125,
        87.25,
        102.0,
        110.75,
        90.0,
        82.9375,
        69.3125,
        83.5625,
        102.8125,
        98.125,
        68.75,
        102.375,
        95.4375,
        94.3125,
        87.5625,
        87.9375,
        81.625,
        95.4375,
        92.5,
        83.5625,
        70.625,
        94.0,
        80.6875,
        76.125,
        104.0,
        123.5,
        100.4375,
        97.3125,
        85.5625,
        86.9375,
        84.25,
        84.875,
        101.1875,
        91.8125,
        82.3125,
        80.0625,
        101.625,
        80.6875,
        101.625,
        104.4375,
        93.625,
        83.5625,
        95.8125,
        92.875,
        89.3125,
        85.25,
        78.1875,
        91.8125,
        85.25,
        89.6875,
        96.5625,
        89.3125,
        91.4375,
        77.0,
        94.6875,
        96.5625,
        81.625,
        102.8125,
        94.0,
        102.8125,
        82.625,
        102.0,
        83.875,
        100.0,
        102.8125,
        91.0625,
        83.875,
        72.3125,
        82.625,
        99.25,
        94.6875,
        68.5,
        75.8125,
        102.375,
        106.0625,
        96.9375,
        115.125,
        86.9375,
        84.5625,
        88.25,
        85.25,
        81.3125,
        81.625,
        86.5625,
        103.1875,
        92.875,
        86.5625,
        86.9375,
        104.0,
        75.1875,
        103.1875,
        98.5,
        77.3125,
        82.625,
        109.4375,
        87.9375,
        98.5,
        77.3125,
        80.6875,
        90.0,
        98.875,
        90.375,
        91.4375,
        92.125,
        82.3125,
        83.5625,
        101.1875,
        56.78125,
        91.4375,
        95.0625,
        86.9375,
        101.1875,
        85.875,
        76.125,
        90.0
      ],
      "mean_perplexity": 90.04100609756098
    },
    "invalid_examples": [
      {
        "question": "Passage: Barq's -- Barq's /\u02c8b\u0251\u02d0rks/ is an American soft drink. Its brand of root beer is notable for having caffeine. Barq's, created by Edward Barq and bottled since the turn of the 20th century, is owned by the Barq family but bottled by the Coca-Cola Company. It was known as Barq's Famous Olde Tyme Root Beer until 2012.\nQuestion: is barq's root beer a pepsi product\nAnswer:",
        "response": " bar"
      },
      {
        "question": "Passage: Parity (mathematics) -- In mathematics, parity is the property of an integer's inclusion in one of two categories: even or odd. An integer is even if it is evenly divisible by two and odd if it is not even. For example, 6 is even because there is no remainder when dividing it by 2. By contrast, 3, 5, 7, 21 leave a remainder of 1 when divided by 2. Examples of even numbers include \u22124, 0, 82 and 178. In particular, zero is an even number. Some examples of odd numbers are \u22125, 3, 29, and 73.\nQuestion: can an odd number be divided by an even number\nAnswer:",
        "response": " can"
      },
      {
        "question": "Passage: American entry into Canada by land -- Persons driving into Canada must have their vehicle's registration document and proof of insurance.\nQuestion: can u drive in canada with us license\nAnswer:",
        "response": " can"
      },
      {
        "question": "Passage: 2018 FIFA World Cup knockout stage -- The knockout stage of the 2018 FIFA World Cup was the second and final stage of the competition, following the group stage. It began on 30 June with the round of 16 and ended on 15 July with the final match, held at the Luzhniki Stadium in Moscow. The top two teams from each group (16 in total) advanced to the knockout stage to compete in a single-elimination style tournament. A third place play-off was also played between the two losing teams of the semi-finals.\nQuestion: is there a play off for third place in the world cup\nAnswer:",
        "response": " "
      },
      {
        "question": "Passage: Bloodline (TV series) -- Bloodline was announced in October 2014 as part of a partnership between Netflix and Sony Pictures Television, representing Netflix's first major deal with a major film studio for a television series. The series was created and executive produced by Todd A. Kessler, Glenn Kessler, and Daniel Zelman, who previously created the FX series Damages. According to its official synopsis released by Netflix, Bloodline ``centers on a close-knit family of four adult siblings whose secrets and scars are revealed when their black sheep brother returns home.''\nQuestion: is the show bloodline based on a true story\nAnswer:",
        "response": " \""
      },
      {
        "question": "Passage: The Vampire Diaries (season 8) -- The Vampire Diaries, an American supernatural drama, was renewed for an eighth season by The CW on March 11, 2016. On July 23, 2016, the CW announced that the upcoming season would be the series' last and would consist of 16 episodes. The season premiered on October 21, 2016 and concluded on March 10, 2017.\nQuestion: will there be a season 8 of vampire diaries\nAnswer:",