{
  "metadata": {
    "timestamp": "20241216_105930",
    "model_name": "meta-llama/Llama-3.2-1B",
    "num_pruned_layers": 2,
    "has_adapter": true,
    "task": "boolq"
  },
  "metrics": {
    "response_quality": {
      "total_responses": 3270,
      "valid_responses": 3266,
      "invalid_responses": 4,
      "invalid_percentage": 0.12232415902140673
    },
    "metrics": {
      "accuracy": 0.6221677893447642,
      "evaluate_accuracy": {
        "accuracy": 0.6214067278287462
      },
      "precision": 0.625,
      "recall": 0.9802955665024631,
      "f1": 0.7633294975067126,
      "total_evaluated": 3266,
      "confusion_matrix": {
        "true_positives": 1990,
        "true_negatives": 42,
        "false_positives": 1194,
        "false_negatives": 40
      },
      "perplexities": [
        18.359375,
        17.71875,
        16.71875,
        18.109375,
        17.140625,
        16.296875,
        17.71875,
        16.8125,
        17.21875,
        20.4375,
        19.046875,
        17.21875,
        19.5,
        18.609375,
        15.890625,
        16.875,
        17.9375,
        20.046875,
        20.515625,
        17.6875,
        18.25,
        16.328125,
        15.890625,
        16.078125,
        20.171875,
        15.984375,
        18.390625,
        18.765625,
        17.015625,
        20.890625,
        19.359375,
        15.1875,
        16.515625,
        17.96875,
        18.046875,
        15.828125,
        17.765625,
        20.5625,
        16.8125,
        15.25,
        14.578125,
        16.953125,
        19.28125,
        14.578125,
        17.90625,
        15.890625,
        18.65625,
        18.4375,
        17.3125,
        16.84375,
        17.046875,
        17.28125,
        15.1875,
        19.046875,
        17.546875,
        20.078125,
        19.84375,
        19.734375,
        16.546875,
        17.421875,
        18.109375,
        16.84375,
        16.8125,
        19.8125,
        21.09375,
        16.8125,
        16.90625,
        16.359375,
        18.078125,
        15.890625,
        17.9375,
        19.015625,
        19.171875,
        17.6875,
        16.875,
        19.578125,
        17.65625,
        17.078125,
        18.140625,
        18.9375,
        17.046875,
        18.390625,
        15.1015625,
        17.59375,
        16.296875,
        15.1875,
        20.203125,
        23.03125,
        19.421875,
        18.90625,
        19.125,
        18.390625,
        19.125,
        19.578125,
        17.25,
        17.90625,
        15.1640625,
        15.1640625,
        20.640625,
        18.71875,
        14.3828125,
        18.90625,
        18.390625,
        19.84375,
        17.078125,
        17.109375,
        16.71875,
        19.171875,
        18.390625,
        17.140625,
        13.9140625,
        18.109375,
        15.734375,
        15.890625,
        19.015625,
        22.109375,
        18.828125,
        18.796875,
        17.046875,
        17.078125,
        16.390625,
        16.171875,
        18.4375,
        17.3125,
        16.515625,
        16.046875,
        18.5,
        18.390625,
        19.46875,
        22.3125,
        18.65625,
        16.65625,
        19.390625,
        17.796875,
        18.65625,
        17.453125,
        16.390625,
        17.59375,
        17.546875,
        15.890625,
        19.421875,
        18.140625,
        19.359375,
        15.859375,
        18.140625,
        19.3125,
        16.625,
        20.0,
        18.359375,
        19.46875,
        18.109375,
        19.046875,
        18.25,
        20.25,
        19.921875,
        15.046875,
        18.71875,
        15.578125,
        16.484375,
        20.515625,
        18.6875,
        15.046875,
        15.859375,
        18.359375,
        21.765625,
        17.90625,
        21.890625,
        19.203125,
        17.34375,
        19.09375,
        18.078125,
        17.015625,
        16.90625,
        18.609375,
        20.0,
        19.203125,
        16.234375,
        17.546875,
        18.984375,
        16.296875,
        20.328125,
        20.5625,
        15.3984375,
        15.34375,
        19.65625,
        19.203125,
        19.546875,
        15.3125,
        17.828125,
        16.84375,
        19.125,
        17.015625,
        19.046875,
        15.890625,
        16.015625,
        15.5234375,
        19.046875,
        12.46875,
        18.65625,
        19.5,
        16.65625,
        20.171875,
        16.046875,
        15.4609375,
        18.875
      ],
      "mean_perplexity": 17.861128048780486
    },
    "invalid_examples": [
      {
        "question": "Passage: Hawaii Five-0 (2010 TV series) -- Hawaii Five-0 is an American action police procedural television series that premiered on Monday, September 20, 2010, on CBS. The series is a re-imagining of the original series, which aired on CBS from 1968 to 1980. Like the original series, the show follows an elite state police task force set up to fight major crimes in the state of Hawaii. The series is produced by K/O Paper Products and 101st Street Television in association with CBS Productions, originally an in-name-only unit of but folded into CBS Television Studios, which has produced the series since the beginning of season three.The show has had three crossovers with other shows revolving around crime such as NCIS: Los Angeles. The show has received praise for its modern take on the original series. Due to pay disputes, season 8 was the first season not to feature Daniel Dae Kim and Grace Park. Season 8 was also the first season not to feature Masi Oka following his departure in the thirteenth episode of the seventh season. Meanwhile, Meaghan Rath and Beulah Koale joined as new main cast members in season 8. On April 18, 2018, CBS renewed the series for a ninth season which is set to premiere on September 28, 2018.\nQuestion: is hawaii 5-0 still on tv\nAnswer:",
        "response": " h"
      },
      {
        "question": "Passage: FC Bayern Munich -- Fu\u00dfball-Club Bayern M\u00fcnchen e.V., commonly known as FC Bayern M\u00fcnchen (German pronunciation: (\u0294\u025bf tse\u02d0 \u02c8ba\u026a\u0250n \u02c8m\u028fn\u00e7n\u0329)), FCB, Bayern Munich, or FC Bayern, is a German sports club based in Munich, Bavaria (Bayern). It is best known for its professional football team, which plays in the Bundesliga, the top tier of the German football league system, and is the most successful club in German football history, having won a record 28 national titles and 18 national cups.\nQuestion: is bayern munich the same as bayern munchen\nAnswer:",
        "response": " bay"
      },
      {
        "question": "Passage: Vauxhall station -- Vauxhall (/\u02c8v\u0252ks\u0254\u02d0l/, VOK-sawl) is a National Rail, London Underground and London Buses interchange station in central London. It is at the Vauxhall Cross road junction opposite the southern approach to Vauxhall Bridge over the River Thames in the district of Vauxhall. The station is on the boundary of zones 1 and 2 of the London Travelcard area and, although a through station, it is classed as a central London terminus for ticketing purposes.\nQuestion: is vauxhall station in zone 1 or 2\nAnswer:",