{
  "metadata": {
    "timestamp": "20241216_103821",
    "model_name": "meta-llama/Llama-3.2-3B",
    "num_pruned_layers": 14,
    "has_adapter": true,
    "task": "boolq"
  },
  "metrics": {
    "response_quality": {
      "total_responses": 3270,
      "valid_responses": 2386,
      "invalid_responses": 884,
      "invalid_percentage": 27.033639143730888
    },
    "metrics": {
      "accuracy": 0.6152556580050293,
      "evaluate_accuracy": {
        "accuracy": 0.4489296636085627
      },
      "precision": 0.6245144583513164,
      "recall": 0.9678929765886287,
      "f1": 0.7591815320041972,
      "total_evaluated": 2386,
      "confusion_matrix": {
        "true_positives": 1447,
        "true_negatives": 21,
        "false_positives": 870,
        "false_negatives": 48
      },
      "perplexities": [
        43.78125,
        40.1875,
        42.28125,
        42.34375,
        42.1875,
        37.65625,
        40.40625,
        40.71875,
        40.71875,
        48.375,
        43.78125,
        40.5625,
        42.78125,
        44.03125,
        39.625,
        42.28125,
        42.78125,
        47.71875,
        46.15625,
        45.34375,
        47.34375,
        36.9375,
        36.875,
        43.09375,
        46.15625,
        35.65625,
        45.1875,
        41.53125,
        41.6875,
        49.625,
        44.21875,
        36.5,
        40.5,
        43.875,
        44.90625,
        37.96875,
        40.09375,
        50.09375,
        43.375,
        36.3125,
        35.59375,
        40.25,
        47.53125,
        36.9375,
        43.09375,
        39.78125,
        43.6875,
        45.625,
        41.46875,
        40.09375,
        43.78125,
        42.1875,
        39.9375,
        42.9375,
        44.65625,
        48.1875,
        45.4375,
        48.5625,
        38.125,
        44.375,
        45.875,
        38.34375,
        40.65625,
        49.3125,
        50.78125,
        41.375,
        41.375,
        41.9375,
        42.09375,
        39.09375,
        45.625,
        48.0,
        50.0,
        41.6875,
        42.28125,
        47.4375,
        42.1875,
        41.375,
        43.96875,
        45.25,
        42.53125,
        45.53125,
        36.3125,
        42.59375,
        40.5625,
        37.59375,
        47.53125,
        55.25,
        47.8125,
        48.46875,
        45.625,
        42.09375,
        48.28125,
        50.78125,
        43.28125,
        40.90625,
        33.1875,
        39.25,
        48.84375,
        44.75,
        33.3125,
        48.65625,
        45.53125,
        44.8125,
        41.0625,
        39.5625,
        39.78125,
        46.25,
        43.6875,
        40.25,
        34.5625,
        44.3125,
        39.46875,
        36.875,
        47.25,
        59.28125,
        47.625,
        43.96875,
        41.46875,
        41.21875,
        39.875,
        39.03125,
        46.875,
        43.1875,
        39.875,
        39.78125,
        48.84375,
        39.78125,
        46.59375,
        51.5,
        47.15625,
        40.5625,
        45.71875,
        44.5625,
        45.25,
        39.3125,
        38.34375,
        43.6875,
        41.28125,
        42.53125,
        46.34375,
        42.09375,
        44.03125,
        37.375,
        45.1875,
        45.8125,
        39.40625,
        47.8125,
        46.875,
        45.8125,
        40.71875,
        47.4375,
        41.875,
        47.34375,
        48.5625,
        41.21875,
        41.21875,
        37.15625,
        39.9375,
        47.8125,
        43.96875,
        33.4375,
        36.8125,
        46.96875,
        50.5,
        45.4375,
        52.8125,
        42.84375,
        41.125,
        42.4375,
        41.875,
        39.9375,
        40.5625,
        42.6875,
        50.1875,
        45.875,
        41.625,
        40.34375,
        47.53125,
        37.375,
        48.75,
        47.25,
        36.875,
        37.59375,
        49.03125,
        43.03125,
        47.71875,
        38.1875,
        39.625,
        41.6875,
        43.625,
        41.9375,
        46.25,
        41.875,
        40.25,
        39.1875,
        48.84375,
        27.234375,
        45.0,
        46.53125,
        41.375,
        49.53125,
        40.1875,
        37.4375,
        45.1875
      ],
      "mean_perplexity": 43.087881097560974
    },
    "invalid_examples": [
      {
        "question": "Passage: Hydroxyzine -- Hydroxyzine preparations require a doctor's prescription. The drug is available in two formulations, the pamoate and the dihydrochloride or hydrochloride salts. Vistaril, Equipose, Masmoran, and Paxistil are preparations of the pamoate salt, while Atarax, Alamon, Aterax, Durrax, Tran-Q, Orgatrax, Quiess, and Tranquizine are of the hydrochloride salt.\nQuestion: is there a difference between hydroxyzine hcl and hydroxyzine pam\nAnswer:",
        "response": " Hydro"
      },
      {
        "question": "Passage: The Vampire Diaries (season 8) -- The Vampire Diaries, an American supernatural drama, was renewed for an eighth season by The CW on March 11, 2016. On July 23, 2016, the CW announced that the upcoming season would be the series' last and would consist of 16 episodes. The season premiered on October 21, 2016 and concluded on March 10, 2017.\nQuestion: will there be a season 8 of vampire diaries\nAnswer:",
        "response": " Will"
      },
      {
        "question": "Passage: The Strangers (2008 film) -- The Strangers is a 2008 American slasher film written and directed by Bryan Bertino. Kristen (Liv Tyler) and James (Scott Speedman) are expecting a relaxing weekend at a family vacation home, but their stay turns out to be anything but peaceful as three masked torturers leave Kristen and James struggling for survival. Writer-director Bertino was inspired by real-life events: the Manson family Tate murders, a multiple homicide; the Keddie Cabin Murders, that occurred in California in 1981; and a series of break-ins that occurred in his own neighborhood as a child. Made on a budget of $9 million, the film was shot on location in rural South Carolina in the fall of 2006.\nQuestion: was the movie strangers based on a true story\nAnswer:",
        "response": " was"
      },
      {
        "question": "Passage: Break-in (mechanical run-in) -- A new engine is broken in by following specific driving guidelines during the first few hours of its use. The focus of breaking in an engine is on the contact between the piston rings of the engine and the cylinder wall. There is no universal preparation or set of instructions for breaking in an engine. Most importantly, experts disagree on whether it is better to start engines on high or low power to break them in. While there are still consequences to an unsuccessful break-in, they are harder to quantify on modern engines than on older models. In general, people no longer break in the engines of their own vehicles after purchasing a car or motorcycle, because the process is done in production. It is still common, even today, to find that an owner's manual recommends gentle use at first (often specified as the first 500 or 1000 kilometres or miles). But it is usually only normal use without excessive demands that is specified, as opposed to light/limited use. For example, the manual will specify that the car be driven normally, but not in excess of the highway speed limit.\nQuestion: do you need to break in a car\nAnswer:",