{
  "metadata": {
    "timestamp": "20241216_122624",
    "model_name": "meta-llama/Meta-Llama-3-8B",
    "num_pruned_layers": 20,
    "has_adapter": true,
    "task": "boolq"
  },
  "metrics": {
    "response_quality": {
      "total_responses": 3270,
      "valid_responses": 2514,
      "invalid_responses": 756,
      "invalid_percentage": 23.119266055045873
    },
    "metrics": {
      "accuracy": 0.6185361972951472,
      "evaluate_accuracy": {
        "accuracy": 0.47553516819571867
      },
      "precision": 0.6212303980699638,
      "recall": 0.9891165172855314,
      "f1": 0.7631513954062732,
      "total_evaluated": 2514,
      "confusion_matrix": {
        "true_positives": 1545,
        "true_negatives": 10,
        "false_positives": 942,
        "false_negatives": 17
      },
      "perplexities": [
        46.59375,
        45.25,
        46.15625,
        45.34375,
        45.1875,
        42.09375,
        44.75,
        45.1875,
        45.09375,
        51.78125,
        49.21875,
        44.90625,
        44.3125,
        46.875,
        44.5625,
        43.6875,
        45.875,
        52.8125,
        51.59375,
        50.40625,
        51.59375,
        41.375,
        39.03125,
        46.96875,
        50.0,
        37.75,
        49.8125,
        45.96875,
        45.09375,
        52.5,
        48.28125,
        40.03125,
        45.09375,
        47.53125,
        49.125,
        42.03125,
        43.4375,
        53.21875,
        48.09375,
        39.40625,
        39.25,
        42.59375,
        51.375,
        39.5625,
        47.0625,
        43.28125,
        47.34375,
        48.1875,
        42.9375,
        42.78125,
        49.21875,
        48.75,
        42.28125,
        44.75,
        48.65625,
        52.1875,
        48.09375,
        52.71875,
        42.03125,
        50.59375,
        50.40625,
        42.9375,
        44.21875,
        54.375,
        53.96875,
        45.25,
        45.0,
        45.875,
        46.59375,
        43.4375,
        49.21875,
        50.3125,
        51.6875,
        43.6875,
        46.34375,
        50.59375,
        45.96875,
        45.53125,
        46.6875,
        50.3125,
        47.4375,
        50.5,
        41.46875,
        48.5625,
        42.53125,
        41.46875,
        51.6875,
        59.03125,
        53.34375,
        54.8125,
        47.53125,
        45.0,
        53.96875,
        53.34375,
        48.9375,
        44.75,
        37.21875,
        44.90625,
        52.3125,
        50.3125,
        35.8125,
        53.21875,
        48.375,
        48.09375,
        45.875,
        43.78125,
        43.78125,
        51.09375,
        47.4375,
        44.03125,
        38.25,
        49.03125,
        43.28125,
        41.0625,
        52.71875,
        64.0625,
        52.8125,
        48.5625,
        45.53125,
        43.625,
        43.96875,
        42.1875,
        52.1875,
        47.53125,
        43.4375,
        41.6875,
        51.59375,
        43.1875,
        52.8125,
        56.34375,
        50.78125,
        43.09375,
        49.71875,
        46.59375,
        51.375,
        44.90625,
        42.1875,
        47.53125,
        45.53125,
        44.75,
        49.21875,
        46.78125,
        45.875,
        40.03125,
        49.53125,
        49.90625,
        43.6875,
        52.71875,
        51.375,
        49.90625,
        43.09375,
        52.3125,
        44.8125,
        51.09375,
        51.6875,
        46.25,
        44.65625,
        39.1875,
        43.625,
        50.90625,
        47.53125,
        36.8125,
        39.25,
        51.6875,
        55.90625,
        49.8125,
        59.03125,
        44.65625,
        44.5625,
        45.71875,
        44.375,
        44.375,
        44.03125,
        44.65625,
        55.03125,
        49.21875,
        44.125,
        44.5625,
        53.125,
        41.78125,
        54.5,
        52.09375,
        39.46875,
        41.78125,
        53.03125,
        48.09375,
        50.6875,
        40.65625,
        44.46875,
        46.6875,
        49.03125,
        47.4375,
        48.9375,
        46.78125,
        44.125,
        42.1875,
        54.5,
        28.9375,
        49.90625,
        49.53125,
        43.875,
        51.375,
        44.90625,
        39.3125,
        48.75
      ],
      "mean_perplexity": 46.94161585365854
    },
    "invalid_examples": [
      {
        "question": "Passage: Hydroxyzine -- Hydroxyzine preparations require a doctor's prescription. The drug is available in two formulations, the pamoate and the dihydrochloride or hydrochloride salts. Vistaril, Equipose, Masmoran, and Paxistil are preparations of the pamoate salt, while Atarax, Alamon, Aterax, Durrax, Tran-Q, Orgatrax, Quiess, and Tranquizine are of the hydrochloride salt.\nQuestion: is there a difference between hydroxyzine hcl and hydroxyzine pam\nAnswer:",
        "response": " Hydro"
      },
      {
        "question": "Passage: Barq's -- Barq's /\u02c8b\u0251\u02d0rks/ is an American soft drink. Its brand of root beer is notable for having caffeine. Barq's, created by Edward Barq and bottled since the turn of the 20th century, is owned by the Barq family but bottled by the Coca-Cola Company. It was known as Barq's Famous Olde Tyme Root Beer until 2012.\nQuestion: is barq's root beer a pepsi product\nAnswer:",
        "response": " Bar"
      },
      {
        "question": "Passage: Parity (mathematics) -- In mathematics, parity is the property of an integer's inclusion in one of two categories: even or odd. An integer is even if it is evenly divisible by two and odd if it is not even. For example, 6 is even because there is no remainder when dividing it by 2. By contrast, 3, 5, 7, 21 leave a remainder of 1 when divided by 2. Examples of even numbers include \u22124, 0, 82 and 178. In particular, zero is an even number. Some examples of odd numbers are \u22125, 3, 29, and 73.\nQuestion: can an odd number be divided by an even number\nAnswer:",
        "response": " Odd"
      },
      {
        "question": "Passage: List of English words containing Q not followed by U -- Of the 71 words in this list, 67 are nouns, and most would generally be considered loanwords; the only modern-English words that contain Q not followed by U and are not borrowed from another language are qiana, qwerty, and tranq. However, all of the loanwords on this list are considered to be naturalised in English according to at least one major dictionary (see References), often because they refer to concepts or societal roles that do not have an accurate equivalent in English. For words to appear here, they must appear in their own entry in a dictionary; words which occur only as part of a longer phrase are not included.\nQuestion: is there a word with q without u\nAnswer:",
        "response": " "
      },
      {
        "question": "Passage: 2018 FIFA World Cup knockout stage -- The knockout stage of the 2018 FIFA World Cup was the second and final stage of the competition, following the group stage. It began on 30 June with the round of 16 and ended on 15 July with the final match, held at the Luzhniki Stadium in Moscow. The top two teams from each group (16 in total) advanced to the knockout stage to compete in a single-elimination style tournament. A third place play-off was also played between the two losing teams of the semi-finals.\nQuestion: is there a play off for third place in the world cup\nAnswer:",