{
  "metadata": {
    "timestamp": "20241216_103558",
    "model_name": "meta-llama/Llama-3.2-3B",
    "num_pruned_layers": 11,
    "has_adapter": true,
    "task": "boolq"
  },
  "metrics": {
    "response_quality": {
      "total_responses": 3270,
      "valid_responses": 3098,
      "invalid_responses": 172,
      "invalid_percentage": 5.259938837920489
    },
    "metrics": {
      "accuracy": 0.6155584247901872,
      "evaluate_accuracy": {
        "accuracy": 0.5831804281345566
      },
      "precision": 0.6163542340012929,
      "recall": 0.9979068550497122,
      "f1": 0.762037962037962,
      "total_evaluated": 3098,
      "confusion_matrix": {
        "true_positives": 1907,
        "true_negatives": 0,
        "false_positives": 1187,
        "false_negatives": 4
      },
      "perplexities": [
        33.0,
        30.09375,
        31.296875,
        32.65625,
        31.171875,
        28.109375,
        30.453125,
        30.15625,
        31.84375,
        36.65625,
        32.53125,
        30.15625,
        32.59375,
        33.25,
        29.5625,
        30.75,
        32.15625,
        35.375,
        34.71875,
        32.53125,
        34.96875,
        28.046875,
        27.453125,
        31.59375,
        34.625,
        26.8125,
        32.71875,
        31.90625,
        30.984375,
        36.8125,
        33.125,
        27.40625,
        30.6875,
        32.40625,
        33.625,
        27.828125,
        29.796875,
        37.375,
        31.359375,
        27.34375,
        26.609375,
        29.625,
        35.65625,
        27.078125,
        32.21875,
        29.21875,
        31.84375,
        33.4375,
        30.390625,
        29.390625,
        31.59375,
        31.65625,
        29.453125,
        31.71875,
        32.40625,
        35.75,
        34.3125,
        35.8125,
        29.046875,
        33.0625,
        34.5625,
        29.28125,
        29.625,
        36.65625,
        36.875,
        30.328125,
        30.859375,
        31.84375,
        31.46875,
        29.171875,
        33.125,
        35.3125,
        37.21875,
        31.359375,
        31.78125,
        34.84375,
        31.359375,
        30.921875,
        32.78125,
        34.71875,
        31.90625,
        33.625,
        26.25,
        32.46875,
        30.328125,
        28.375,
        35.25,
        42.59375,
        36.4375,
        36.15625,
        33.78125,
        31.65625,
        35.9375,
        36.65625,
        31.46875,
        30.8125,
        25.546875,
        29.046875,
        36.65625,
        33.90625,
        24.84375,
        35.1875,
        32.46875,
        33.96875,
        31.046875,
        29.5625,
        29.96875,
        34.21875,
        32.28125,
        30.75,
        26.25,
        33.0,
        29.109375,
        27.5625,
        34.625,
        43.96875,
        34.625,
        32.71875,
        30.390625,
        30.5625,
        30.203125,
        28.890625,
        35.03125,
        32.28125,
        30.328125,
        28.828125,
        35.25,
        30.6875,
        34.21875,
        38.1875,
        34.5625,
        30.09375,
        34.96875,
        33.0,
        33.6875,
        30.75,
        28.609375,
        32.53125,
        31.171875,
        31.046875,
        33.90625,
        32.09375,
        33.125,
        28.21875,
        33.0625,
        34.3125,
        29.96875,
        36.09375,
        35.59375,
        34.84375,
        30.203125,
        34.3125,
        30.5,
        36.4375,
        35.75,
        29.6875,
        32.09375,
        27.1875,
        28.484375,
        36.09375,
        32.78125,
        25.640625,
        28.046875,
        34.5,
        37.09375,
        32.46875,
        39.9375,
        31.65625,
        31.109375,
        32.03125,
        31.96875,
        30.5,
        29.921875,
        31.421875,
        37.09375,
        33.5,
        29.921875,
        30.5,
        35.03125,
        28.328125,
        37.0,
        36.15625,
        27.234375,
        28.109375,
        35.53125,
        32.59375,
        34.78125,
        28.609375,
        30.203125,
        31.78125,
        32.59375,
        31.84375,
        34.375,
        30.8125,
        29.75,
        28.15625,
        36.9375,
        20.796875,
        33.625,
        34.09375,
        29.75,
        36.3125,
        29.515625,
        27.78125,
        34.5
      ],
      "mean_perplexity": 32.09207317073171
    },
    "invalid_examples": [
      {
        "question": "Passage: Deion Sanders -- Sanders played football primarily at cornerback, but also as a kick returner, punt returner, and occasionally wide receiver. He played in the National Football League (NFL) for the Atlanta Falcons, the San Francisco 49ers, the Dallas Cowboys, the Washington Redskins and the Baltimore Ravens, winning the Super Bowl with both the 49ers and the Cowboys. An outfielder in baseball, he played professionally for the New York Yankees, the Atlanta Braves, the Cincinnati Reds and the San Francisco Giants, and participated in the 1992 World Series with the Braves. He attended Florida State University, where he was recognized as a two-time All-American in football, and also played baseball and ran track.\nQuestion: did deion sanders ever win a world series\nAnswer:",
        "response": " De"
      },
      {
        "question": "Passage: Angular frequency -- Angular frequency (or angular speed) is the magnitude of the vector quantity angular velocity. The term angular frequency vector \u03c9 \u2192 (\\displaystyle (\\vec (\\omega ))) is sometimes used as a synonym for the vector quantity angular velocity.\nQuestion: is angular frequency and angular velocity the same\nAnswer:",
        "response": " Angular"
      },
      {
        "question": "Passage: The Lost World: Jurassic Park -- On Isla Sorna, an island off the Pacific coast of Costa Rica, a young girl named Cathy Bowman wanders around during a family vacation, and survives an attack by a swarm of Compsognathus. Her parents file a lawsuit against the genetics company InGen, now headed by John Hammond's nephew, Peter Ludlow, who plans to use Isla Sorna to alleviate the financial losses imposed by the incident that occurred at Jurassic Park four years earlier. Mathematician Dr. Ian Malcolm meets Hammond at his mansion. Hammond explains that Isla Sorna, abandoned years earlier during a hurricane, is where InGen created their dinosaurs before moving them to Jurassic Park on Isla Nublar. Hammond hopes to stop InGen by sending a team to Isla Sorna to document the dinosaurs, thus causing public support against human interference on the island. Ian, who survived the Jurassic Park disaster, is reluctant. After learning that his girlfriend, paleontologist Dr. Sarah Harding, is part of the team and is already on Isla Sorna, Ian agrees to go to the island, but only to retrieve her.\nQuestion: did the girl in the lost world die\nAnswer:",