{
  "metadata": {
    "timestamp": "20241216_104225",
    "model_name": "meta-llama/Llama-3.2-3B",
    "num_pruned_layers": 21,
    "has_adapter": false,
    "task": "boolq"
  },
  "metrics": {
    "response_quality": {
      "total_responses": 3270,
      "valid_responses": 1976,
      "invalid_responses": 1294,
      "invalid_percentage": 39.571865443425075
    },
    "metrics": {
      "accuracy": 0.6234817813765182,
      "evaluate_accuracy": {
        "accuracy": 0.3767584097859327
      },
      "precision": 0.624113475177305,
      "recall": 0.9983792544570502,
      "f1": 0.7680798004987531,
      "total_evaluated": 1976,
      "confusion_matrix": {
        "true_positives": 1232,
        "true_negatives": 0,
        "false_positives": 742,
        "false_negatives": 2
      },
      "perplexities": [
        13360.0,
        13888.0,
        15024.0,
        15616.0,
        14560.0,
        14336.0,
        16368.0,
        15256.0,
        14904.0,
        15744.0,
        15616.0,
        14784.0,
        16624.0,
        15496.0,
        13360.0,
        14904.0,
        17024.0,
        15136.0,
        16752.0,
        14904.0,
        13568.0,
        15136.0,
        14560.0,
        15376.0,
        15496.0,
        13152.0,
        15136.0,
        13360.0,
        15256.0,
        17696.0,
        16240.0,
        15864.0,
        15256.0,
        14904.0,
        14336.0,
        19136.0,
        12848.0,
        14336.0,
        16368.0,
        15496.0,
        14904.0,
        14672.0,
        17024.0,
        16368.0,
        14560.0,
        14112.0,
        12552.0,
        16368.0,
        15744.0,
        13048.0,
        15496.0,
        15256.0,
        15024.0,
        14224.0,
        13464.0,
        15744.0,
        16752.0,
        15376.0,
        14448.0,
        19584.0,
        17152.0,
        14904.0,
        14224.0,
        17424.0,
        17296.0,
        15024.0,
        14000.0,
        14560.0,
        16752.0,
        14336.0,
        17424.0,
        17024.0,
        17568.0,
        16624.0,
        15616.0,
        16752.0,
        15376.0,
        16240.0,
        16368.0,
        16624.0,
        14672.0,
        18112.0,
        15024.0,
        16368.0,
        15864.0,
        14560.0,
        16752.0,
        17024.0,
        13888.0,
        17696.0,
        16496.0,
        14000.0,
        14448.0,
        16496.0,
        14904.0,
        11520.0,
        15496.0,
        15256.0,
        17424.0,
        15864.0,
        11608.0,
        16896.0,
        16496.0,
        16624.0,
        14560.0,
        17840.0,
        13784.0,
        16896.0,
        17296.0,
        13784.0,
        12456.0,
        16240.0,
        12952.0,
        13784.0,
        16112.0,
        17152.0,
        16496.0,
        15744.0,
        13568.0,
        17152.0,
        13360.0,
        19584.0,
        16896.0,
        18848.0,
        16112.0,
        16368.0,
        16112.0,
        12952.0,
        16368.0,
        17424.0,
        15376.0,
        13888.0,
        17568.0,
        15992.0,
        15496.0,
        16496.0,
        11520.0,
        15744.0,
        14224.0,
        14560.0,
        15744.0,
        15496.0,
        16368.0,
        14112.0,
        16624.0,
        17024.0,
        16240.0,
        17152.0,
        15496.0,
        19440.0,
        14000.0,
        16240.0,
        13680.0,
        17024.0,
        14560.0,
        15496.0,
        15496.0,
        14224.0,
        16624.0,
        16496.0,
        17424.0,
        12552.0,
        15024.0,
        18256.0,
        15024.0,
        19584.0,
        15616.0,
        13888.0,
        18848.0,
        13680.0,
        14672.0,
        14904.0,
        12952.0,
        14448.0,
        15376.0,
        13784.0,
        16240.0,
        15744.0,
        18544.0,
        14448.0,
        17424.0,
        16752.0,
        13680.0,
        16752.0,
        16896.0,
        13680.0,
        14560.0,
        13048.0,
        13784.0,
        14336.0,
        16112.0,
        19584.0,
        14904.0,
        14672.0,
        16112.0,
        17696.0,
        20048.0,
        11424.0,
        16624.0,
        15744.0,
        14672.0,
        16112.0,
        15376.0,
        14336.0,
        16112.0
      ],
      "mean_perplexity": 15543.219512195123
    },
    "invalid_examples": [
      {
        "question": "Passage: Harry Potter and the Escape from Gringotts -- Harry Potter and the Escape from Gringotts is an indoor steel roller coaster at Universal Studios Florida, a theme park located within the Universal Orlando Resort. Similar to dark rides, the roller coaster utilizes special effects in a controlled-lighting environment and also employs motion-based 3-D projection of both animation and live-action sequences to enhance the experience. The ride, which is themed to the Gringotts Wizarding Bank, became the flagship attraction for the expanded Wizarding World of Harry Potter when it opened on July 8, 2014.\nQuestion: is harry potter and the escape from gringotts a roller coaster ride\nAnswer:",
        "response": ","
      },
      {
        "question": "Passage: Hydroxyzine -- Hydroxyzine preparations require a doctor's prescription. The drug is available in two formulations, the pamoate and the dihydrochloride or hydrochloride salts. Vistaril, Equipose, Masmoran, and Paxistil are preparations of the pamoate salt, while Atarax, Alamon, Aterax, Durrax, Tran-Q, Orgatrax, Quiess, and Tranquizine are of the hydrochloride salt.\nQuestion: is there a difference between hydroxyzine hcl and hydroxyzine pam\nAnswer:",
        "response": ","
      },
      {
        "question": "Passage: Parity (mathematics) -- In mathematics, parity is the property of an integer's inclusion in one of two categories: even or odd. An integer is even if it is evenly divisible by two and odd if it is not even. For example, 6 is even because there is no remainder when dividing it by 2. By contrast, 3, 5, 7, 21 leave a remainder of 1 when divided by 2. Examples of even numbers include \u22124, 0, 82 and 178. In particular, zero is an even number. Some examples of odd numbers are \u22125, 3, 29, and 73.\nQuestion: can an odd number be divided by an even number\nAnswer:",
        "response": " make"
      },
      {
        "question": "Passage: American entry into Canada by land -- Persons driving into Canada must have their vehicle's registration document and proof of insurance.\nQuestion: can u drive in canada with us license\nAnswer:",
        "response": "so"
      },
      {
        "question": "Passage: Fantastic Beasts and Where to Find Them (film) -- Fantastic Beasts and Where to Find Them is a 2016 fantasy film directed by David Yates. A joint British and American production, it is a spin-off and prequel to the Harry Potter film series, and it was produced and written by J.K. Rowling in her screenwriting debut, and inspired by her 2001 book of the same name. The film stars Eddie Redmayne as Newt Scamander, with Katherine Waterston, Dan Fogler, Alison Sudol, Ezra Miller, Samantha Morton, Jon Voight, Carmen Ejogo, Ron Perlman, Colin Farrell and Johnny Depp in supporting roles. It is the first installment in the Fantastic Beasts film series, and ninth overall in the Wizarding World franchise, that began with the Harry Potter films.\nQuestion: is fantastic beasts and where to find them a prequel\nAnswer:",
        "response": ")\n"
      },
      {
        "question": "Passage: Russell Group -- In March 2012 it was announced that four universities -- Durham, Exeter, Queen Mary University of London; and York -- would become members of the Russell Group in August of the same year. All of the new members had previously been members of the 1994 Group of British universities.\nQuestion: is durham university part of the russell group\nAnswer:",