{
  "metadata": {
    "timestamp": "20241216_141640",
    "model_name": "meta-llama/Llama-3.2-3B",
    "num_pruned_layers": 4,
    "has_adapter": false,
    "task": "boolq"
  },
  "metrics": {
    "response_quality": {
      "total_responses": 3270,
      "valid_responses": 2865,
      "invalid_responses": 405,
      "invalid_percentage": 12.385321100917432
    },
    "metrics": {
      "accuracy": 0.6565445026178011,
      "evaluate_accuracy": {
        "accuracy": 0.5752293577981651
      },
      "precision": 0.6557437407952872,
      "recall": 0.973224043715847,
      "f1": 0.7835459744830621,
      "total_evaluated": 2865,
      "confusion_matrix": {
        "true_positives": 1781,
        "true_negatives": 100,
        "false_positives": 935,
        "false_negatives": 49
      },
      "perplexities": [
        28.375,
        27.40625,
        26.09375,
        28.046875,
        28.046875,
        27.40625,
        26.65625,
        26.453125,
        25.390625,
        33.625,
        30.390625,
        27.34375,
        29.390625,
        28.65625,
        26.140625,
        26.8125,
        27.71875,
        32.09375,
        29.75,
        28.828125,
        28.484375,
        24.796875,
        25.34375,
        27.9375,
        33.3125,
        24.0,
        30.453125,
        28.4375,
        28.328125,
        32.09375,
        33.3125,
        26.453125,
        27.234375,
        29.171875,
        27.828125,
        26.765625,
        27.78125,
        31.359375,
        29.796875,
        24.90625,
        24.328125,
        26.453125,
        32.03125,
        24.1875,
        32.15625,
        27.5,
        28.265625,
        29.625,
        27.5,
        25.890625,
        28.0,
        28.109375,
        24.65625,
        28.484375,
        28.15625,
        31.59375,
        29.6875,
        32.09375,
        27.03125,
        30.453125,
        30.203125,
        25.484375,
        27.453125,
        33.1875,
        33.5,
        28.328125,
        28.484375,
        26.8125,
        29.75,
        25.296875,
        29.21875,
        32.84375,
        32.03125,
        28.109375,
        27.828125,
        33.125,
        26.40625,
        27.078125,
        29.046875,
        29.390625,
        28.15625,
        31.46875,
        25.890625,
        31.046875,
        26.0,
        25.484375,
        31.71875,
        36.65625,
        29.921875,
        32.53125,
        29.34375,
        29.21875,
        32.21875,
        34.21875,
        29.921875,
        28.4375,
        21.59375,
        25.09375,
        31.53125,
        29.515625,
        23.390625,
        34.71875,
        28.9375,
        31.359375,
        27.78125,
        27.71875,
        28.890625,
        30.625,
        26.71875,
        27.9375,
        23.953125,
        31.359375,
        27.71875,
        26.5,
        29.390625,
        36.875,
        32.34375,
        29.859375,
        27.140625,
        29.34375,
        27.34375,
        27.453125,
        31.171875,
        28.265625,
        27.5625,
        25.390625,
        29.6875,
        28.65625,
        31.234375,
        36.09375,
        29.625,
        25.6875,
        30.5625,
        29.859375,
        27.1875,
        28.609375,
        27.296875,
        29.046875,
        28.109375,
        26.71875,
        30.5625,
        27.453125,
        28.265625,
        24.46875,
        30.03125,
        30.09375,
        25.9375,
        32.34375,
        31.296875,
        32.21875,
        25.0,
        29.96875,
        27.828125,
        32.53125,
        32.03125,
        25.4375,
        27.71875,
        25.1875,
        27.609375,
        33.0,
        29.6875,
        23.953125,
        23.625,
        30.5,
        33.5,
        31.84375,
        36.3125,
        27.890625,
        26.8125,
        31.109375,
        28.265625,
        28.0,
        25.4375,
        29.171875,
        34.5,
        30.5625,
        26.34375,
        26.65625,
        30.390625,
        24.84375,
        33.625,
        32.78125,
        25.640625,
        24.609375,
        32.28125,
        30.5625,
        31.65625,
        26.09375,
        28.546875,
        25.390625,
        31.046875,
        28.15625,
        29.171875,
        28.484375,
        25.6875,
        25.296875,
        31.59375,
        19.390625,
        30.6875,
        31.359375,
        29.21875,
        31.96875,
        25.84375,
        25.0,
        28.15625
      ],
      "mean_perplexity": 28.785060975609756
    },
    "invalid_examples": [
      {
        "question": "Passage: Feather -- Contour feathers are not uniformly distributed on the skin of the bird except in some groups such as the penguins, ratites and screamers. In most birds the feathers grow from specific tracts of skin called pterylae; between the pterylae there are regions which are free of feathers called apterylae (or apteria). Filoplumes and down may arise from the apterylae. The arrangement of these feather tracts, pterylosis or pterylography, varies across bird families and has been used in the past as a means for determining the evolutionary relationships of bird families.\nQuestion: do penguins have feathers arising from the epidermis\nAnswer:",
        "response": " ("
      },
      {
        "question": "Passage: New Balance -- New Balance maintains a manufacturing presence in the United States, as well as in the United Kingdom for the European market, where they produce some of their most popular models such as the 990 model--in contrast to its competitors, which often manufacture exclusively outside the USA and Europe. As a result, New Balance shoes tend to be more expensive than those of many other manufacturers. To offset this pricing difference, New Balance claims to differentiate their products with technical features, such as blended gel inserts, heel counters and a greater selection of sizes, particularly for very narrow and/or very wide widths. The company has made total profits of approximately $69 billion since 1992. They are the second most-renown American sporting company, after Nike.\nQuestion: are new balance and nike the same company\nAnswer:",
        "response": " are"
      },
      {
        "question": "Passage: Improvised weapon -- Many martial arts employ the use of common objects as weapons; Filipino martial arts such as Eskrima include practice with machetes, canes, bamboo spears, and knives as a result of the 333 year Spanish colonization that took place in the Philippines which prohibited the ownership and use of standard swords and bladed weapons; Chinese martial arts and some Korean martial arts commonly feature the use of improvised weapons such as fans, hammers and staves. There are even some western martial arts that are based on improvised weapons such as British quarterstaff fighting and Irish stick fighting.\nQuestion: can a hammer be used as a weapon\nAnswer:",
        "response": " ("
      },
      {
        "question": "Passage: Cotton candy -- Typically, once spun, cotton candy is only marketed by color. Absent a clear name other than 'blue', the distinctive taste of the blue raspberry flavor mix has gone on to become a compound flavor that some other foods (gum, ice cream, rock candy, fluoride toothpaste) occasionally borrow (``cotton-candy flavored ice cream'') to invoke the nostalgia of cotton candy that people typically only get to experience on vacation or holidays. Pink bubble gum went through a similar transition from specific branded product to a generic flavor that transcended the original confection, and 'bubble gum flavor' often shows up in the same product categories as 'cotton candy flavor'.\nQuestion: do blue and pink cotton candy taste the same\nAnswer:",