{
  "metadata": {
    "timestamp": "20241216_122459",
    "model_name": "meta-llama/Meta-Llama-3-8B",
    "num_pruned_layers": 21,
    "has_adapter": false,
    "task": "boolq"
  },
  "metrics": {
    "response_quality": {
      "total_responses": 3270,
      "valid_responses": 309,
      "invalid_responses": 2961,
      "invalid_percentage": 90.55045871559632
    },
    "metrics": {
      "accuracy": 0.5663430420711975,
      "evaluate_accuracy": {
        "accuracy": 0.053516819571865444
      },
      "precision": 0.5663430420711975,
      "recall": 1.0,
      "f1": 0.7231404958677686,
      "total_evaluated": 309,
      "confusion_matrix": {
        "true_positives": 175,
        "true_negatives": 0,
        "false_positives": 134,
        "false_negatives": 0
      },
      "perplexities": [
        5152.0,
        3738.0,
        5656.0,
        4688.0,
        5836.0,
        4764.0,
        4476.0,
        4544.0,
        4952.0,
        5072.0,
        5072.0,
        4336.0,
        4952.0,
        4952.0,
        5356.0,
        4800.0,
        4372.0,
        5232.0,
        4372.0,
        5700.0,
        5884.0,
        4544.0,
        3768.0,
        5928.0,
        4616.0,
        3274.0,
        5396.0,
        4512.0,
        4204.0,
        5192.0,
        4992.0,
        3950.0,
        5356.0,
        4372.0,
        4952.0,
        4688.0,
        4236.0,
        4952.0,
        6260.0,
        5152.0,
        4512.0,
        3888.0,
        4688.0,
        4764.0,
        5612.0,
        4372.0,
        4512.0,
        5440.0,
        4236.0,
        4476.0,
        5612.0,
        4728.0,
        4764.0,
        4108.0,
        4800.0,
        4616.0,
        4476.0,
        4876.0,
        5976.0,
        5232.0,
        6068.0,
        4236.0,
        4440.0,
        4652.0,
        4840.0,
        4652.0,
        4172.0,
        5112.0,
        5072.0,
        4580.0,
        5396.0,
        6512.0,
        5700.0,
        4544.0,
        5192.0,
        6116.0,
        5232.0,
        4580.0,
        5440.0,
        3512.0,
        4876.0,
        5568.0,
        5232.0,
        5568.0,
        5152.0,
        5656.0,
        6260.0,
        5836.0,
        5568.0,
        6164.0,
        5524.0,
        4108.0,
        6164.0,
        5032.0,
        4840.0,
        4074.0,
        4372.0,
        4336.0,
        4404.0,
        6020.0,
        3432.0,
        4992.0,
        4140.0,
        4440.0,
        5192.0,
        4840.0,
        4236.0,
        6360.0,
        5272.0,
        3858.0,
        3738.0,
        5792.0,
        4440.0,
        3918.0,
        5356.0,
        5032.0,
        5744.0,
        5612.0,
        5316.0,
        5568.0,
        4172.0,
        5928.0,
        4992.0,
        5032.0,
        4404.0,
        4108.0,
        4764.0,
        4140.0,
        5884.0,
        5396.0,
        5272.0,
        3768.0,
        4404.0,
        4236.0,
        5928.0,
        4172.0,
        3828.0,
        5232.0,
        4372.0,
        4512.0,
        5656.0,
        4916.0,
        4140.0,
        3918.0,
        6068.0,
        4952.0,
        4688.0,
        5152.0,
        7208.0,
        5836.0,
        4440.0,
        6164.0,
        3828.0,
        4476.0,
        5152.0,
        4876.0,
        4688.0,
        3432.0,
        5440.0,
        5792.0,
        4544.0,
        4236.0,
        3458.0,
        5272.0,
        5656.0,
        6116.0,
        5612.0,
        3858.0,
        6164.0,
        4404.0,
        3680.0,
        4012.0,
        3888.0,
        4876.0,
        4800.0,
        4876.0,
        5232.0,
        4764.0,
        4476.0,
        5272.0,
        6564.0,
        4440.0,
        3858.0,
        4140.0,
        4172.0,
        3738.0,
        4616.0,
        3858.0,
        6116.0,
        4336.0,
        5524.0,
        5032.0,
        4336.0,
        5192.0,
        3950.0,
        4916.0,
        6360.0,
        3352.0,
        4728.0,
        4764.0,
        4616.0,
        4272.0,
        4544.0,
        4140.0,
        5928.0
      ],
      "mean_perplexity": 4878.4
    },
    "invalid_examples": [
      {
        "question": "Passage: Ethanol fuel -- All biomass goes through at least some of these steps: it needs to be grown, collected, dried, fermented, distilled, and burned. All of these steps require resources and an infrastructure. The total amount of energy input into the process compared to the energy released by burning the resulting ethanol fuel is known as the energy balance (or ``energy returned on energy invested''). Figures compiled in a 2007 report by National Geographic Magazine point to modest results for corn ethanol produced in the US: one unit of fossil-fuel energy is required to create 1.3 energy units from the resulting ethanol. The energy balance for sugarcane ethanol produced in Brazil is more favorable, with one unit of fossil-fuel energy required to create 8 from the ethanol. Energy balance estimates are not easily produced, thus numerous such reports have been generated that are contradictory. For instance, a separate survey reports that production of ethanol from sugarcane, which requires a tropical climate to grow productively, returns from 8 to 9 units of energy for each unit expended, as compared to corn, which only returns about 1.34 units of fuel energy for each unit of energy expended. A 2006 University of California Berkeley study, after analyzing six separate studies, concluded that producing ethanol from corn uses much less petroleum than producing gasoline.\nQuestion: does ethanol take more energy make that produces\nAnswer:",
        "response": " and"
      },
      {
        "question": "Passage: Property tax -- Property tax or 'house tax' is a local tax on buildings, along with appurtenant land. It is and imposed on the Possessor (not the custodian of property as per 1978, 44th amendment of constitution). It resembles the US-type wealth tax and differs from the excise-type UK rate. The tax power is vested in the states and is delegated to local bodies, specifying the valuation method, rate band, and collection procedures. The tax base is the annual rental value (ARV) or area-based rating. Owner-occupied and other properties not producing rent are assessed on cost and then converted into ARV by applying a percentage of cost, usually four percent. Vacant land is generally exempt. Central government properties are exempt. Instead a 'service charge' is permissible under executive order. Properties of foreign missions also enjoy tax exemption without requiring reciprocity. The tax is usually accompanied by service taxes, e.g., water tax, drainage tax, conservancy (sanitation) tax, lighting tax, all using the same tax base. The rate structure is flat on rural (panchayat) properties, but in the urban (municipal) areas it is mildly progressive with about 80% of assessments falling in the first two brackets.\nQuestion: is house tax and property tax are same\nAnswer:",
        "response": " "
      },
      {
        "question": "Passage: Phantom pain -- Phantom pain sensations are described as perceptions that an individual experiences relating to a limb or an organ that is not physically part of the body. Limb loss is a result of either removal by amputation or congenital limb deficiency. However, phantom limb sensations can also occur following nerve avulsion or spinal cord injury.\nQuestion: is pain experienced in a missing body part or paralyzed area\nAnswer:",