{
  "metadata": {
    "timestamp": "20241216_110232",
    "model_name": "meta-llama/Llama-3.2-1B",
    "num_pruned_layers": 4,
    "has_adapter": true,
    "task": "boolq"
  },
  "metrics": {
    "response_quality": {
      "total_responses": 3270,
      "valid_responses": 3238,
      "invalid_responses": 32,
      "invalid_percentage": 0.9785932721712538
    },
    "metrics": {
      "accuracy": 0.6207535515750463,
      "evaluate_accuracy": {
        "accuracy": 0.6146788990825688
      },
      "precision": 0.6211372064276885,
      "recall": 0.9990059642147118,
      "f1": 0.7660060975609757,
      "total_evaluated": 3238,
      "confusion_matrix": {
        "true_positives": 2010,
        "true_negatives": 0,
        "false_positives": 1226,
        "false_negatives": 2
      },
      "perplexities": [
        29.0,
        28.0,
        27.453125,
        28.71875,
        27.890625,
        25.734375,
        28.265625,
        27.234375,
        26.96875,
        33.1875,
        30.15625,
        27.828125,
        30.15625,
        29.625,
        25.4375,
        27.296875,
        29.171875,
        31.53125,
        32.21875,
        28.0,
        30.625,
        25.34375,
        25.09375,
        27.234375,
        30.984375,
        24.65625,
        30.5625,
        28.71875,
        27.5625,
        32.21875,
        30.5,
        24.703125,
        26.34375,
        29.515625,
        29.453125,
        25.390625,
        27.890625,
        34.03125,
        28.046875,
        24.609375,
        23.125,
        26.140625,
        31.234375,
        24.84375,
        29.34375,
        26.765625,
        28.765625,
        29.171875,
        26.5,
        25.9375,
        27.40625,
        27.40625,
        25.6875,
        29.34375,
        28.328125,
        32.84375,
        30.859375,
        32.21875,
        26.0,
        30.984375,
        30.859375,
        26.40625,
        27.140625,
        33.6875,
        34.03125,
        26.96875,
        28.21875,
        27.5625,
        28.265625,
        25.734375,
        29.390625,
        30.15625,
        31.296875,
        27.71875,
        27.5,
        31.234375,
        28.0,
        27.1875,
        29.0,
        30.5,
        27.78125,
        30.5,
        24.609375,
        29.21875,
        27.296875,
        24.609375,
        30.859375,
        37.4375,
        31.46875,
        30.921875,
        30.6875,
        29.34375,
        31.53125,
        33.1875,
        27.890625,
        28.265625,
        23.390625,
        25.34375,
        32.78125,
        30.625,
        22.1875,
        31.234375,
        29.453125,
        31.421875,
        27.609375,
        27.1875,
        26.765625,
        30.328125,
        28.9375,
        27.5625,
        22.84375,
        29.0,
        26.046875,
        25.0,
        31.171875,
        38.71875,
        30.984375,
        28.65625,
        27.890625,
        27.03125,
        26.140625,
        26.609375,
        31.46875,
        28.890625,
        26.765625,
        26.5625,
        30.8125,
        26.921875,
        31.59375,
        35.46875,
        30.09375,
        27.140625,
        30.5,
        29.796875,
        29.390625,
        28.109375,
        25.890625,
        28.609375,
        27.78125,
        28.046875,
        30.15625,
        28.21875,
        29.6875,
        24.796875,
        29.21875,
        30.453125,
        26.5,
        32.40625,
        30.09375,
        30.5,
        28.484375,
        31.71875,
        27.78125,
        32.34375,
        31.046875,
        25.59375,
        29.390625,
        24.28125,
        27.03125,
        32.84375,
        30.203125,
        23.34375,
        24.953125,
        31.421875,
        33.90625,
        30.09375,
        36.9375,
        29.171875,
        26.765625,
        29.28125,
        28.71875,
        27.078125,
        26.875,
        28.046875,
        31.109375,
        30.203125,
        27.71875,
        27.828125,
        32.09375,
        25.34375,
        32.53125,
        32.59375,
        24.65625,
        25.234375,
        31.53125,
        30.328125,
        30.328125,
        25.484375,
        27.1875,
        27.890625,
        30.265625,
        28.265625,
        30.5,
        27.5,
        25.234375,
        25.796875,
        31.78125,
        18.578125,
        30.859375,
        31.90625,
        27.34375,
        32.9375,
        26.25,
        24.609375,
        30.5625
      ],
      "mean_perplexity": 28.72827743902439
    },
    "invalid_examples": [
      {
        "question": "Passage: Property tax -- Property tax or 'house tax' is a local tax on buildings, along with appurtenant land. It is and imposed on the Possessor (not the custodian of property as per 1978, 44th amendment of constitution). It resembles the US-type wealth tax and differs from the excise-type UK rate. The tax power is vested in the states and is delegated to local bodies, specifying the valuation method, rate band, and collection procedures. The tax base is the annual rental value (ARV) or area-based rating. Owner-occupied and other properties not producing rent are assessed on cost and then converted into ARV by applying a percentage of cost, usually four percent. Vacant land is generally exempt. Central government properties are exempt. Instead a 'service charge' is permissible under executive order. Properties of foreign missions also enjoy tax exemption without requiring reciprocity. The tax is usually accompanied by service taxes, e.g., water tax, drainage tax, conservancy (sanitation) tax, lighting tax, all using the same tax base. The rate structure is flat on rural (panchayat) properties, but in the urban (municipal) areas it is mildly progressive with about 80% of assessments falling in the first two brackets.\nQuestion: is house tax and property tax are same\nAnswer:",
        "response": " house"
      },
      {
        "question": "Passage: The Legend of Zelda: Majora's Mask -- Majora's Mask imposes a time limit of three days (72 hours) game-time, which is about 54 minutes in real time. An on-screen clock tracks the day and time. Link can return to 6:00 am on the first day by playing the ``Song of Time'' on the Ocarina of Time. If he does not before the 72 hours expire, then the moon will destroy Clock Town, including all the surrounding regions of Termina and Link will lose everything he accomplished during these three days. A real-time countdown will begin when only 6 hours remain. However, returning to the first day saves the player's progress and major accomplishments permanently, such as the acquisition of maps, masks, musical tracks, and weapons. Cleared puzzles, keys, and minor items will be lost, as well as any rupees not in the bank, and almost all characters will have no recollection of meeting Link. Link can slow down time or warp to the next morning or evening by playing two variations of the Song of Time. Owl statues scattered across certain major areas of the world allow the player to temporarily save their progress once they have been activated, and also provide warp points to quickly move around the world.\nQuestion: does majora's mask have a time limit\nAnswer:",
        "response": " Major"
      },
      {
        "question": "Passage: Surgical treatment of ingrown toenails -- Surgical treatments of ingrown toenails include a number of different options. If conservative treatment of a minor ingrown toenail does not succeed or if the ingrown toenail is severe, surgical management is recommended by a podiatrist. The initial surgical approach is typically a partial avulsion of the nail plate known as a wedge resection or a complete removal of the toenail. If the ingrown toenail reoccurs despite this treatment, destruction of the germinal matrix with phenol is recommended. Antibiotics are not needed if surgery is performed.\nQuestion: can ingrown toenails come back after being removed\nAnswer:",