{
  "metadata": {
    "timestamp": "20241216_101349",
    "model_name": "meta-llama/Llama-3.2-3B",
    "num_pruned_layers": 2,
    "has_adapter": false,
    "task": "boolq"
  },
  "metrics": {
    "response_quality": {
      "total_responses": 3270,
      "valid_responses": 3193,
      "invalid_responses": 77,
      "invalid_percentage": 2.3547400611620795
    },
    "metrics": {
      "accuracy": 0.6257438145944253,
      "evaluate_accuracy": {
        "accuracy": 0.6110091743119266
      },
      "precision": 0.7010050251256281,
      "recall": 0.6992481203007519,
      "f1": 0.7001254705144292,
      "total_evaluated": 3193,
      "confusion_matrix": {
        "true_positives": 1395,
        "true_negatives": 603,
        "false_positives": 595,
        "false_negatives": 600
      },
      "perplexities": [
        15.1015625,
        15.609375,
        13.9921875,
        15.3125,
        15.015625,
        14.640625,
        14.6953125,
        14.1328125,
        14.5234375,
        17.140625,
        16.546875,
        15.21875,
        16.71875,
        15.5234375,
        13.7265625,
        13.7265625,
        15.4921875,
        18.609375,
        17.453125,
        15.4921875,
        14.2421875,
        13.9140625,
        13.171875,
        13.046875,
        18.046875,
        13.5625,
        14.640625,
        16.453125,
        15.640625,
        16.953125,
        16.359375,
        13.78125,
        14.2421875,
        14.78125,
        15.046875,
        13.9921875,
        15.3984375,
        17.59375,
        15.703125,
        12.8203125,
        12.71875,
        13.859375,
        17.34375,
        12.015625,
        15.21875,
        13.8828125,
        15.828125,
        15.671875,
        15.3984375,
        13.75,
        14.1328125,
        13.9375,
        12.8671875,
        16.328125,
        14.4921875,
        16.296875,
        16.546875,
        16.90625,
        14.5234375,
        14.984375,
        14.75,
        13.671875,
        13.9140625,
        17.21875,
        17.9375,
        14.328125,
        14.1875,
        13.75,
        15.4296875,
        13.40625,
        15.3125,
        16.484375,
        16.953125,
        15.984375,
        14.6640625,
        16.984375,
        14.4921875,
        14.4921875,
        15.4921875,
        16.328125,
        14.8359375,
        15.21875,
        13.09375,
        15.015625,
        13.859375,
        13.25,
        17.1875,
        20.5625,
        15.953125,
        16.484375,
        16.109375,
        14.578125,
        16.65625,
        15.25,
        14.1875,
        15.734375,
        12.6953125,
        13.3828125,
        16.90625,
        15.1015625,
        12.0625,
        16.453125,
        15.734375,
        16.78125,
        14.046875,
        15.3671875,
        14.5546875,
        15.578125,
        15.1875,
        14.578125,
        12.0390625,
        15.25,
        13.828125,
        13.5625,
        16.015625,
        16.390625,
        16.234375,
        16.234375,
        14.046875,
        14.984375,
        13.828125,
        13.78125,
        16.234375,
        14.0234375,
        14.2421875,
        13.7265625,
        15.578125,
        15.953125,
        16.984375,
        19.125,
        15.609375,
        13.4609375,
        15.953125,
        15.5546875,
        15.1015625,
        14.953125,
        14.6640625,
        14.984375,
        14.8671875,
        12.71875,
        16.8125,
        15.5234375,
        16.203125,
        13.6171875,
        15.984375,
        15.890625,
        13.4609375,
        16.140625,
        15.1875,
        17.96875,
        14.6953125,
        16.234375,
        15.25,
        16.515625,
        17.28125,
        12.328125,
        15.671875,
        13.4296875,
        13.4609375,
        17.453125,
        15.4296875,
        12.59375,
        12.71875,
        15.1015625,
        18.328125,
        15.34375,
        18.6875,
        15.734375,
        14.46875,
        16.359375,
        15.984375,
        14.2734375,
        13.75,
        16.078125,
        17.625,
        16.8125,
        13.6171875,
        14.5234375,
        16.015625,
        14.1015625,
        18.21875,
        17.765625,
        13.75,
        13.2734375,
        16.078125,
        16.65625,
        16.484375,
        14.078125,
        14.8984375,
        13.828125,
        16.109375,
        14.0234375,
        15.859375,
        13.40625,
        13.828125,
        12.1328125,
        15.828125,
        10.921875,
        14.78125,
        16.046875,
        14.3515625,
        17.046875,
        13.9375,
        13.5625,
        14.75
      ],
      "mean_perplexity": 15.147103658536585
    },
    "invalid_examples": [
      {
        "question": "Passage: Advanced emergency medical technician -- EMT-I/85 is a level of EMT-I training formulated by the National Registry of Emergency Medical Technicians in 1985. This training level includes more invasive procedures than are covered at the EMT-Basic level, including IV therapy, the use of advanced airway devices, and provides for advanced assessment skills. The EMT-I/85 typically administered the same medications as an EMT-B (oxygen, oral glucose, activated charcoal, epinephrine auto-injectors (EpiPens), nitroglycerin, and metered-dose inhalers such as albuterol). However, in some states they were also allowed to administer naloxone, D50, and glucagon. Like all other EMT levels, their scope of practice was governed by the state and/or their Medical Director.\nQuestion: can an emt-basic start an iv\nAnswer:",
        "response": " an"
      },
      {
        "question": "Passage: Angular frequency -- Angular frequency (or angular speed) is the magnitude of the vector quantity angular velocity. The term angular frequency vector \u03c9 \u2192 (\\displaystyle (\\vec (\\omega ))) is sometimes used as a synonym for the vector quantity angular velocity.\nQuestion: is angular frequency and angular velocity the same\nAnswer:",
        "response": " Angular"
      },
      {
        "question": "Passage: List of Marvel Cinematic Universe television series -- The Marvel Cinematic Universe (MCU) television series are American superhero television shows based on characters that appear in publications by Marvel Comics. The shows have been in production since 2013, and in that time Marvel Television and ABC Studios, along with its production division ABC Signature Studios, have premiered 11 series across broadcast, streaming, and cable television on ABC, Netflix and Hulu, and Freeform, respectively. They have at least three more series in various stages of development, with Marvel Studios--the production studio behind the MCU films--having at least two series in development for the Disney streaming service.\nQuestion: are the marvel tv shows in the mcu\nAnswer:",
        "response": " are"
      },
      {
        "question": "Passage: Tree measurement -- Trees have a wide variety of sizes and shapes and growth habits. Specimens may grow as individual trunks, multitrunk masses, coppices, clonal colonies, or even more exotic tree complexes. Most champion tree programs focus finding and measuring the largest single-trunk example of each species. There are three basic parameters commonly measured to characterize the size of a single trunk tree: height, girth, and crown spread. Additional details on the methodology of Tree height measurement, Tree girth measurement, Tree crown measurement, and Tree volume measurement are presented in the links herein. A detailed guideline to these basic measurements is provided in The Tree Measuring Guidelines of the Eastern Native Tree Society by Will Blozan.\nQuestion: can a tree have more than one trunk\nAnswer:",