{
  "metadata": {
    "timestamp": "20241216_101600",
    "model_name": "meta-llama/Llama-3.2-3B",
    "num_pruned_layers": 1,
    "has_adapter": true,
    "task": "boolq"
  },
  "metrics": {
    "response_quality": {
      "total_responses": 3270,
      "valid_responses": 3270,
      "invalid_responses": 0,
      "invalid_percentage": 0.0
    },
    "metrics": {
      "accuracy": 0.38685015290519875,
      "evaluate_accuracy": {
        "accuracy": 0.38685015290519875
      },
      "precision": 0.9375,
      "recall": 0.014756517461878997,
      "f1": 0.029055690072639227,
      "total_evaluated": 3270,
      "confusion_matrix": {
        "true_positives": 30,
        "true_negatives": 1235,
        "false_positives": 2,
        "false_negatives": 2003
      },
      "perplexities": [
        10.6015625,
        10.859375,
        9.84375,
        10.875,
        10.8359375,
        9.578125,
        9.921875,
        9.921875,
        10.75,
        11.4921875,
        11.625,
        10.875,
        12.0390625,
        10.875,
        8.875,
        9.109375,
        11.03125,
        13.015625,
        12.84375,
        10.484375,
        9.015625,
        9.984375,
        8.96875,
        8.5703125,
        12.2578125,
        9.484375,
        9.265625,
        12.015625,
        10.8984375,
        12.3515625,
        10.5859375,
        9.484375,
        9.453125,
        9.8671875,
        10.75,
        9.671875,
        10.3828125,
        12.640625,
        10.4375,
        8.7890625,
        8.703125,
        9.9609375,
        12.015625,
        7.98828125,
        9.9453125,
        9.0,
        11.3515625,
        10.859375,
        11.1171875,
        9.5625,
        9.8828125,
        9.4296875,
        8.9140625,
        11.875,
        9.46875,
        11.0703125,
        12.0625,
        11.4921875,
        10.546875,
        10.1796875,
        9.6015625,
        9.484375,
        9.8671875,
        12.2265625,
        12.46875,
        9.34375,
        9.3046875,
        9.1796875,
        10.5625,
        8.5703125,
        10.8125,
        10.75,
        11.53125,
        11.671875,
        10.140625,
        11.7421875,
        10.21875,
        10.5625,
        11.09375,
        11.046875,
        10.078125,
        9.921875,
        9.15625,
        10.5234375,
        9.8671875,
        8.65625,
        11.8046875,
        14.4921875,
        11.0078125,
        10.796875,
        11.4453125,
        9.734375,
        11.1171875,
        9.3984375,
        9.359375,
        10.7265625,
        9.640625,
        9.1796875,
        11.4921875,
        10.4375,
        8.0078125,
        10.078125,
        11.203125,
        11.3515625,
        9.4140625,
        10.8125,
        9.921875,
        10.2578125,
        10.75,
        10.0234375,
        7.8515625,
        10.7109375,
        9.140625,
        9.0546875,
        10.8984375,
        10.140625,
        11.1171875,
        11.5546875,
        9.5625,
        9.65625,
        9.125,
        8.984375,
        10.7265625,
        9.6953125,
        9.640625,
        9.46875,
        10.7109375,
        11.3125,
        12.0625,
        12.71875,
        10.9609375,
        9.546875,
        10.359375,
        10.0234375,
        10.7109375,
        9.8671875,
        9.65625,
        10.625,
        10.625,
        8.0546875,
        12.15625,
        10.6484375,
        11.7421875,
        9.546875,
        11.2265625,
        10.0625,
        9.25,
        11.03125,
        9.8046875,
        12.546875,
        11.09375,
        11.3984375,
        10.9609375,
        11.5078125,
        11.96875,
        8.1953125,
        11.46875,
        8.9140625,
        8.7265625,
        11.671875,
        10.8125,
        8.7578125,
        8.875,
        9.9453125,
        12.5703125,
        9.9453125,
        13.5625,
        10.796875,
        10.2421875,
        11.6953125,
        10.984375,
        9.6015625,
        9.6953125,
        11.3125,
        11.8984375,
        11.578125,
        9.0703125,
        10.625,
        11.0703125,
        10.1796875,
        12.84375,
        12.1328125,
        9.2890625,
        9.0703125,
        10.8359375,
        11.625,
        11.3359375,
        9.4140625,
        10.3359375,
        9.4296875,
        10.7265625,
        9.234375,
        11.3359375,
        8.625,
        9.2890625,
        7.8359375,
        10.5234375,
        7.97265625,
        9.8828125,
        10.9453125,
        9.8828125,
        12.203125,
        9.6015625,
        9.671875,
        10.4375
      ],
      "mean_perplexity": 10.403772865853659
    },
    "invalid_examples": []
  }
}