{
  "metadata": {
    "timestamp": "20241216_104406",
    "model_name": "meta-llama/Llama-3.2-3B",
    "num_pruned_layers": 24,
    "has_adapter": false,
    "task": "boolq"
  },
  "metrics": {
    "response_quality": {
      "total_responses": 3270,
      "valid_responses": 2744,
      "invalid_responses": 526,
      "invalid_percentage": 16.085626911314986
    },
    "metrics": {
      "accuracy": 0.6231778425655977,
      "evaluate_accuracy": {
        "accuracy": 0.5229357798165137
      },
      "precision": 0.6237659963436929,
      "recall": 0.9970777323202805,
      "f1": 0.7674313990103464,
      "total_evaluated": 2744,
      "confusion_matrix": {
        "true_positives": 1706,
        "true_negatives": 4,
        "false_positives": 1029,
        "false_negatives": 5
      },
      "perplexities": [
        12744.0,
        11160.0,
        12352.0,
        14784.0,
        13152.0,
        12848.0,
        13568.0,
        13680.0,
        12552.0,
        14000.0,
        12552.0,
        12072.0,
        13568.0,
        14224.0,
        12744.0,
        13048.0,
        13568.0,
        12456.0,
        14224.0,
        12552.0,
        12848.0,
        13256.0,
        13464.0,
        15616.0,
        12648.0,
        10408.0,
        15136.0,
        12256.0,
        11880.0,
        14224.0,
        14112.0,
        11976.0,
        12456.0,
        14224.0,
        12952.0,
        14000.0,
        11248.0,
        13360.0,
        14000.0,
        11880.0,
        12256.0,
        14448.0,
        13784.0,
        14448.0,
        12648.0,
        11792.0,
        12256.0,
        14224.0,
        11608.0,
        12456.0,
        13152.0,
        12456.0,
        12456.0,
        13464.0,
        14336.0,
        13360.0,
        13360.0,
        11880.0,
        14224.0,
        15376.0,
        14904.0,
        12072.0,
        12456.0,
        14784.0,
        14784.0,
        11792.0,
        13888.0,
        12256.0,
        13784.0,
        11696.0,
        15256.0,
        15256.0,
        13568.0,
        11696.0,
        13784.0,
        12744.0,
        11792.0,
        12352.0,
        12952.0,
        14112.0,
        13360.0,
        13784.0,
        13048.0,
        13360.0,
        12552.0,
        12256.0,
        14560.0,
        14112.0,
        13888.0,
        14112.0,
        11608.0,
        12744.0,
        12848.0,
        14336.0,
        12848.0,
        11976.0,
        11520.0,
        12168.0,
        13152.0,
        14336.0,
        10568.0,
        12952.0,
        11976.0,
        14000.0,
        13888.0,
        14112.0,
        12848.0,
        15376.0,
        13152.0,
        11160.0,
        11696.0,
        13888.0,
        11792.0,
        12552.0,
        14672.0,
        13360.0,
        14000.0,
        14784.0,
        12952.0,
        13360.0,
        11696.0,
        13256.0,
        12648.0,
        13152.0,
        13048.0,
        11248.0,
        13256.0,
        12848.0,
        13568.0,
        15616.0,
        13464.0,
        12168.0,
        12952.0,
        12552.0,
        13680.0,
        14448.0,
        11608.0,
        14672.0,
        11880.0,
        12352.0,
        13784.0,
        14224.0,
        12648.0,
        11792.0,
        14112.0,
        12744.0,
        16240.0,
        15496.0,
        13464.0,
        13784.0,
        12456.0,
        12744.0,
        11336.0,
        13784.0,
        13464.0,
        12648.0,
        13464.0,
        11792.0,
        15024.0,
        14448.0,
        13888.0,
        10568.0,
        12848.0,
        13784.0,
        14224.0,
        15496.0,
        14336.0,
        11696.0,
        13152.0,
        12168.0,
        12256.0,
        12744.0,
        13784.0,
        12952.0,
        13360.0,
        11160.0,
        13784.0,
        13464.0,
        14672.0,
        15136.0,
        16896.0,
        13152.0,
        10992.0,
        12168.0,
        12552.0,
        12952.0,
        12952.0,
        11880.0,
        14112.0,
        13464.0,
        14672.0,
        12648.0,
        12456.0,
        13048.0,
        12848.0,
        13680.0,
        14448.0,
        11424.0,
        14336.0,
        14448.0,
        12552.0,
        12352.0,
        11880.0,
        13152.0,
        11880.0
      ],
      "mean_perplexity": 13177.248780487806
    },
    "invalid_examples": [
      {
        "question": "Passage: Shower gel -- Shower gels for men may contain the ingredient menthol, which gives a cooling and stimulating sensation on the skin, and some men's shower gels are also designed specifically for use on hair and body. Shower gels contain milder surfactant bases than shampoos, and some also contain gentle conditioning agents in the formula. This means that shower gels can also double as an effective and perfectly acceptable substitute to shampoo, even if they are not labelled as a hair and body wash. Washing hair with shower gel should give approximately the same result as using a moisturising shampoo.\nQuestion: is it bad to wash your hair with shower gel\nAnswer:",
        "response": "by"
      },
      {
        "question": "Passage: Excretory system -- The liver detoxifies and breaks down chemicals, poisons and other toxins that enter the body. For example, the liver transforms ammonia (which is poisonous) into urea in fish, amphibians and mammals, and into uric acid in birds and reptiles. Urea is filtered by the kidney into urine or through the gills in fish and tadpoles. Uric acid is paste-like and expelled as a semi-solid waste (the ``white'' in bird excrements). The liver also produces bile, and the body uses bile to break down fats into usable fats and unusable waste.\nQuestion: is the liver part of the excretory system\nAnswer:",
        "response": "b"
      },
      {
        "question": "Passage: Fantastic Beasts and Where to Find Them (film) -- Fantastic Beasts and Where to Find Them is a 2016 fantasy film directed by David Yates. A joint British and American production, it is a spin-off and prequel to the Harry Potter film series, and it was produced and written by J.K. Rowling in her screenwriting debut, and inspired by her 2001 book of the same name. The film stars Eddie Redmayne as Newt Scamander, with Katherine Waterston, Dan Fogler, Alison Sudol, Ezra Miller, Samantha Morton, Jon Voight, Carmen Ejogo, Ron Perlman, Colin Farrell and Johnny Depp in supporting roles. It is the first installment in the Fantastic Beasts film series, and ninth overall in the Wizarding World franchise, that began with the Harry Potter films.\nQuestion: is fantastic beasts and where to find them a prequel\nAnswer:",
        "response": "e"
      },
      {
        "question": "Passage: Indiana Jones and the Temple of Doom -- Indiana Jones and the Temple of Doom is a 1984 American action-adventure film directed by Steven Spielberg. It is the second installment in the Indiana Jones franchise and a prequel to the 1981 film Raiders of the Lost Ark, featuring Harrison Ford reprising his role as the title character. After arriving in North India, Indiana Jones is asked by desperate villagers to find a mystical stone and rescue their children from a Thuggee cult practicing child slavery, black magic and ritual human sacrifice in honor of the goddess Kali.\nQuestion: is indiana jones temple of doom a prequel\nAnswer:",