{
  "metadata": {
    "timestamp": "20241216_115702",
    "model_name": "meta-llama/Meta-Llama-3-8B",
    "num_pruned_layers": 0,
    "has_adapter": true,
    "task": "boolq"
  },
  "metrics": {
    "response_quality": {
      "total_responses": 3270,
      "valid_responses": 3208,
      "invalid_responses": 62,
      "invalid_percentage": 1.8960244648318043
    },
    "metrics": {
      "accuracy": 0.6589775561097256,
      "evaluate_accuracy": {
        "accuracy": 0.6464831804281346
      },
      "precision": 0.9200376293508937,
      "recall": 0.4921992954202315,
      "f1": 0.641311475409836,
      "total_evaluated": 3208,
      "confusion_matrix": {
        "true_positives": 978,
        "true_negatives": 1136,
        "false_positives": 85,
        "false_negatives": 1009
      },
      "perplexities": [
        7.55078125,
        7.66796875,
        6.90234375,
        7.8359375,
        7.89453125,
        6.48828125,
        6.75390625,
        7.40234375,
        7.1953125,
        8.2421875,
        8.875,
        7.609375,
        8.859375,
        7.19140625,
        6.38671875,
        6.37109375,
        8.1796875,
        9.734375,
        9.4296875,
        7.68359375,
        5.48046875,
        6.83203125,
        6.63671875,
        5.7109375,
        8.625,
        6.9140625,
        6.05859375,
        9.46875,
        8.0703125,
        8.7265625,
        7.34765625,
        7.12109375,
        6.703125,
        7.05078125,
        7.17578125,
        7.12109375,
        7.4453125,
        8.8125,
        7.0078125,
        5.94921875,
        6.28515625,
        7.125,
        8.5234375,
        5.328125,
        6.30859375,
        6.55859375,
        8.375,
        7.91015625,
        8.2890625,
        6.62890625,
        6.578125,
        6.9765625,
        6.2265625,
        8.5390625,
        7.05078125,
        7.97265625,
        9.140625,
        7.578125,
        8.2265625,
        7.25390625,
        7.03125,
        6.58984375,
        6.7265625,
        8.46875,
        9.359375,
        6.734375,
        6.6171875,
        6.375,
        7.2734375,
        5.203125,
        7.4453125,
        8.0078125,
        7.4609375,
        7.8515625,
        7.03515625,
        8.671875,
        7.04296875,
        7.69921875,
        8.3203125,
        7.7890625,
        6.59765625,
        7.2734375,
        6.65625,
        6.9609375,
        6.78125,
        6.14453125,
        8.40625,
        10.875,
        7.2265625,
        7.63671875,
        8.1640625,
        7.1484375,
        7.28125,
        6.04296875,
        5.953125,
        7.21875,
        7.390625,
        6.859375,
        8.0390625,
        7.1328125,
        5.30078125,
        6.6953125,
        8.375,
        8.34375,
        6.44921875,
        7.66796875,
        6.875,
        7.16015625,
        7.8671875,
        6.703125,
        5.34375,
        7.8046875,
        5.671875,
        6.83203125,
        7.7734375,
        6.78125,
        7.5625,
        9.125,
        5.92578125,
        6.109375,
        5.81640625,
        6.4140625,
        7.43359375,
        6.734375,
        6.60546875,
        7.0234375,
        7.18359375,
        8.7265625,
        9.1796875,
        9.359375,
        8.2578125,
        6.72265625,
        7.18359375,
        7.31640625,
        7.8828125,
        6.85546875,
        6.765625,
        8.1796875,
        7.8046875,
        5.21484375,
        9.015625,
        7.4765625,
        8.2109375,
        6.63671875,
        8.40625,
        7.0859375,
        6.85546875,
        7.43359375,
        7.19140625,
        9.5234375,
        8.1171875,
        8.375,
        8.0546875,
        7.98828125,
        8.7265625,
        5.875,
        8.5078125,
        6.234375,
        5.73046875,
        8.0234375,
        7.4765625,
        6.19921875,
        6.0703125,
        7.03125,
        8.9296875,
        6.9140625,
        10.078125,
        7.4921875,
        7.68359375,
        8.2265625,
        7.8046875,
        6.85546875,
        7.1484375,
        8.5703125,
        8.2265625,
        8.703125,
        6.53515625,
        8.5078125,
        7.375,
        7.8671875,
        9.65625,
        8.2734375,
        6.3828125,
        6.01953125,
        7.2734375,
        8.5390625,
        8.1796875,
        6.43359375,
        7.7578125,
        6.76171875,
        7.43359375,
        6.39453125,
        7.53515625,
        5.48046875,
        6.98046875,
        5.671875,
        7.51953125,
        5.82421875,
        7.10546875,
        8.1015625,
        7.40234375,
        8.703125,
        6.83203125,
        6.94921875,
        6.79296875
      ],
      "mean_perplexity": 7.380849847560976
    },
    "invalid_examples": [
      {
        "question": "Passage: Gambling in Australia -- Gamblers' winnings in Australia are not taxed . There are 3 main reasons for that:\nQuestion: do you pay tax on gambling winnings in australia\nAnswer:",
        "response": " Gambling"
      },
      {
        "question": "Passage: Ivory Coast -- Ivory Coast, also known as C\u00f4te d'Ivoire and officially as the Republic of C\u00f4te d'Ivoire, is a sovereign state located in West Africa. Ivory Coast's political capital is Yamoussoukro, and its economic capital and largest city is the port city of Abidjan. Its bordering countries are Guinea and Liberia in the west, Burkina Faso and Mali in the north, and Ghana in the east. The Gulf of Guinea (Atlantic Ocean) is located south of Ivory Coast.\nQuestion: is ivory coast and cote d ivoire the same\nAnswer:",
        "response": " Ivory"
      },
      {
        "question": "Passage: A Quiet Place (film) -- The Abbott family -- wife Evelyn, husband Lee, congenitally deaf daughter Regan, and sons Marcus and Beau -- silently scavenge for supplies in a deserted town. While out in the open, the family communicates with American Sign Language (ASL). Four-year-old Beau is drawn to a battery-powered space shuttle toy, but Lee takes it away due to the noise it makes. Regan returns the toy to Beau, who also takes the batteries that his father removed from it. Beau activates the toy when the family is walking home and crossing a bridge, giving away his location to a nearby creature which kills him before Lee can save him.\nQuestion: does beau abbott die in a quiet place\nAnswer:",