{
  "metadata": {
    "timestamp": "20241216_110414",
    "model_name": "meta-llama/Llama-3.2-1B",
    "num_pruned_layers": 6,
    "has_adapter": true,
    "task": "boolq"
  },
  "metrics": {
    "response_quality": {
      "total_responses": 3270,
      "valid_responses": 3227,
      "invalid_responses": 43,
      "invalid_percentage": 1.3149847094801224
    },
    "metrics": {
      "accuracy": 0.6228695382708398,
      "evaluate_accuracy": {
        "accuracy": 0.6146788990825688
      },
      "precision": 0.6228695382708398,
      "recall": 1.0,
      "f1": 0.767615046782509,
      "total_evaluated": 3227,
      "confusion_matrix": {
        "true_positives": 2010,
        "true_negatives": 0,
        "false_positives": 1217,
        "false_negatives": 0
      },
      "perplexities": [
        51.375,
        49.53125,
        50.78125,
        50.78125,
        50.09375,
        48.75,
        48.9375,
        50.40625,
        51.28125,
        59.5,
        54.5,
        49.40625,
        50.78125,
        53.75,
        48.09375,
        49.8125,
        51.78125,
        55.46875,
        55.90625,
        53.84375,
        56.34375,
        46.59375,
        42.53125,
        50.6875,
        55.03125,
        41.53125,
        55.6875,
        50.09375,
        49.71875,
        57.4375,
        53.53125,
        44.8125,
        49.53125,
        53.125,
        55.03125,
        45.1875,
        48.28125,
        59.71875,
        53.03125,
        43.4375,
        40.65625,
        46.6875,
        57.65625,
        43.625,
        52.40625,
        47.8125,
        51.09375,
        51.6875,
        46.96875,
        45.96875,
        50.6875,
        50.09375,
        45.53125,
        52.09375,
        50.3125,
        59.5,
        53.84375,
        59.5,
        47.25,
        58.5625,
        56.78125,
        47.8125,
        48.28125,
        60.90625,
        59.96875,
        49.8125,
        48.9375,
        51.5,
        50.90625,
        46.4375,
        55.90625,
        56.34375,
        57.65625,
        48.0,
        49.625,
        57.0,
        51.1875,
        48.9375,
        53.03125,
        54.59375,
        51.0,
        55.03125,
        44.03125,
        52.0,
        47.4375,
        45.4375,
        57.0,
        66.125,
        60.1875,
        59.71875,
        53.53125,
        52.09375,
        59.71875,
        59.96875,
        51.6875,
        51.09375,
        40.71875,
        48.375,
        58.5625,
        56.5625,
        39.78125,
        58.34375,
        53.34375,
        53.34375,
        48.75,
        48.75,
        48.5625,
        55.03125,
        52.90625,
        49.53125,
        42.09375,
        54.59375,
        45.53125,
        45.4375,
        57.21875,
        71.5,
        56.34375,
        52.1875,
        51.1875,
        47.71875,
        47.34375,
        47.8125,
        59.03125,
        52.59375,
        47.25,
        46.4375,
        57.21875,
        46.15625,
        56.125,
        64.5625,
        59.28125,
        47.15625,
        55.03125,
        53.4375,
        54.8125,
        49.90625,
        46.0625,
        52.3125,
        49.71875,
        50.5,
        54.28125,
        51.375,
        51.09375,
        44.3125,
        51.59375,
        54.28125,
        47.53125,
        59.5,
        55.90625,
        54.28125,
        50.78125,
        56.78125,
        49.90625,
        57.0,
        57.90625,
        51.28125,
        51.5,
        42.84375,
        48.65625,
        58.34375,
        53.84375,
        41.46875,
        42.28125,
        59.5,
        62.84375,
        56.5625,
        65.875,
        50.3125,
        49.03125,
        51.28125,
        49.53125,
        49.125,
        46.4375,
        49.625,
        59.03125,
        53.03125,
        50.3125,
        50.40625,
        59.28125,
        46.6875,
        60.1875,
        57.65625,
        42.78125,
        43.875,
        58.5625,
        51.78125,
        55.90625,
        44.65625,
        50.1875,
        50.1875,
        55.25,
        52.90625,
        54.5,
        52.40625,
        47.4375,
        47.4375,
        59.96875,
        31.421875,
        55.03125,
        58.125,
        47.71875,
        57.90625,
        49.71875,
        44.46875,
        54.59375
      ],
      "mean_perplexity": 51.88864329268293
    },
    "invalid_examples": [
      {
        "question": "Passage: Anne (TV series) -- The series is filmed partially in Prince Edward Island as well as locations in Southern Ontario (including Millbrook and Caledon).\nQuestion: is anne with an e filmed on pei\nAnswer:",
        "response": " Anne"
      },
      {
        "question": "Passage: Chasing Cars -- ``Chasing Cars'' is a song by Northern Irish alternative rock band Snow Patrol. It was released as the second single from their fourth studio album, Eyes Open (2006). It was recorded in 2005 and released on 6 June 2006 in the United States and 24 July 2006 in the United Kingdom. The song gained significant popularity in the US after being featured in the second season finale of the popular medical drama Grey's Anatomy, which aired on 15 May 2006.\nQuestion: was chasing cars written for grey's anatomy\nAnswer:",
        "response": " was"
      },
      {
        "question": "Passage: 2018 FIFA World Cup qualification \u2013 UEFA Group D -- The group winners, Serbia, qualified directly for the 2018 FIFA World Cup. The group runners-up, Republic of Ireland, advanced to the play-offs as one of the best 8 runners-up, where they lost to Denmark and thus failed to qualify.\nQuestion: did ireland qualify for the 2018 world cup\nAnswer:",
        "response": " "
      },
      {
        "question": "Passage: Murphy Brown -- In the show's 1991--92 season, Murphy became pregnant. When her baby's father (ex-husband and current underground radical Jake Lowenstein) expressed his unwillingness to give up his own lifestyle to be a parent, Murphy chose to have the child and raise it alone. Another major fiction-reality blending came at Murphy's baby shower: the invited guests were journalists Katie Couric, Joan Lunden, Paula Zahn, Mary Alice Williams and Faith Daniels, who treated the fictional Murphy and Corky as friends and peers.\nQuestion: did murphy brown have a baby on the show\nAnswer:",
        "response": " did"
      },
      {
        "question": "Passage: All I Want for Christmas Is You -- ``All I Want for Christmas Is You'' is a Christmas song performed by American singer and songwriter Mariah Carey. She wrote and produced the song alongside Walter Afanasieff. Columbia Records released it on November 1, 1994, as the lead single from her fourth studio album and first holiday album, Merry Christmas (1994). It is an uptempo love song that includes bell chimes, heavy back-up vocals, and synthesizers.\nQuestion: did mariah carey wrote all i want for christmas is you\nAnswer:",
        "response": " Mar"
      },
      {
        "question": "Passage: The Lizzie McGuire Movie -- The film, produced by Stan Rogow, was directed by Jim Fall from a screenplay by Susan Estelle Jansen, Ed Decter and John J. Strauss and filmed on location in Rome, Italy in the fall of 2002. All the series characters reprised their roles except for Lalaine (Miranda Sanchez), who left the series late in the second season to film the Disney Channel original movie You Wish! Her character was said to be on vacation with her family in Mexico City.\nQuestion: was the lizzie mcguire movie filmed in rome\nAnswer:",
        "response": " was"
      },
      {
        "question": "Passage: Arizona Robbins -- Callie is referenced occasionally by Arizona and Sofia after her departure from the show. At the conclusion of season 14, Arizona departs the show to move to New York and it is implied that the two may ultimately reconcile.\nQuestion: did arizona die in season 8 of grey's anatomy\nAnswer:",