{
  "metadata": {
    "timestamp": "20241216_103836",
    "model_name": "meta-llama/Llama-3.2-3B",
    "num_pruned_layers": 15,
    "has_adapter": true,
    "task": "boolq"
  },
  "metrics": {
    "response_quality": {
      "total_responses": 3270,
      "valid_responses": 2777,
      "invalid_responses": 493,
      "invalid_percentage": 15.076452599388379
    },
    "metrics": {
      "accuracy": 0.6143320129636298,
      "evaluate_accuracy": {
        "accuracy": 0.5217125382262997
      },
      "precision": 0.6189435336976321,
      "recall": 0.9854988399071926,
      "f1": 0.7603490713806221,
      "total_evaluated": 2777,
      "confusion_matrix": {
        "true_positives": 1699,
        "true_negatives": 7,
        "false_positives": 1046,
        "false_negatives": 25
      },
      "perplexities": [
        49.40625,
        46.59375,
        49.21875,
        48.5625,
        49.125,
        44.46875,
        47.34375,
        46.875,
        47.15625,
        57.0,
        50.6875,
        46.96875,
        48.75,
        51.1875,
        45.4375,
        49.71875,
        50.09375,
        55.90625,
        54.8125,
        52.8125,
        55.6875,
        42.53125,
        43.375,
        49.625,
        54.28125,
        40.90625,
        52.40625,
        49.03125,
        47.90625,
        57.0,
        51.1875,
        42.4375,
        47.15625,
        51.6875,
        52.09375,
        44.03125,
        46.59375,
        57.21875,
        50.59375,
        42.1875,
        41.125,
        46.59375,
        56.125,
        42.09375,
        49.71875,
        47.15625,
        50.78125,
        51.5,
        49.03125,
        46.25,
        51.0,
        50.0,
        46.34375,
        50.1875,
        51.375,
        55.25,
        52.5,
        55.25,
        44.75,
        51.1875,
        53.65625,
        43.625,
        48.1875,
        57.21875,
        58.5625,
        47.71875,
        47.625,
        48.5625,
        48.5625,
        45.96875,
        52.90625,
        54.59375,
        58.34375,
        48.375,
        49.21875,
        54.375,
        49.03125,
        46.15625,
        50.78125,
        52.8125,
        50.09375,
        53.03125,
        42.28125,
        50.1875,
        46.59375,
        44.03125,
        53.96875,
        64.5625,
        56.125,
        55.6875,
        51.5,
        49.125,
        55.25,
        59.28125,
        50.59375,
        48.1875,
        39.25,
        45.4375,
        57.0,
        53.84375,
        37.96875,
        57.4375,
        52.1875,
        52.0,
        48.84375,
        47.34375,
        46.34375,
        52.90625,
        51.375,
        47.15625,
        39.9375,
        51.375,
        45.71875,
        43.28125,
        56.125,
        70.125,
        56.125,
        52.09375,
        48.0,
        48.46875,
        46.53125,
        45.0,
        55.03125,
        49.71875,
        46.875,
        45.53125,
        56.34375,
        46.4375,
        55.46875,
        59.5,
        54.1875,
        47.8125,
        52.71875,
        52.0,
        53.21875,
        45.8125,
        43.78125,
        49.21875,
        47.25,
        49.90625,
        53.21875,
        48.75,
        51.375,
        43.4375,
        51.375,
        53.21875,
        46.25,
        56.78125,
        54.8125,
        53.96875,
        46.96875,
        56.125,
        48.84375,
        54.8125,
        56.34375,
        47.90625,
        47.34375,
        42.59375,
        46.59375,
        55.90625,
        51.375,
        38.5625,
        42.4375,
        55.6875,
        59.28125,
        52.40625,
        61.625,
        48.84375,
        47.4375,
        49.21875,
        49.03125,
        47.25,
        46.59375,
        48.75,
        58.125,
        53.34375,
        48.28125,
        46.96875,
        56.125,
        43.375,
        57.0,
        53.65625,
        43.1875,
        44.21875,
        57.4375,
        49.71875,
        56.125,
        43.1875,
        46.875,
        48.09375,
        52.1875,
        48.46875,
        53.96875,
        49.3125,
        47.625,
        45.1875,
        56.78125,
        30.921875,
        52.8125,
        53.65625,
        47.90625,
        57.21875,
        47.53125,
        42.9375,
        53.84375
      ],
      "mean_perplexity": 50.092454268292684
    },
    "invalid_examples": [
      {
        "question": "Passage: The Strangers (2008 film) -- The Strangers is a 2008 American slasher film written and directed by Bryan Bertino. Kristen (Liv Tyler) and James (Scott Speedman) are expecting a relaxing weekend at a family vacation home, but their stay turns out to be anything but peaceful as three masked torturers leave Kristen and James struggling for survival. Writer-director Bertino was inspired by real-life events: the Manson family Tate murders, a multiple homicide; the Keddie Cabin Murders, that occurred in California in 1981; and a series of break-ins that occurred in his own neighborhood as a child. Made on a budget of $9 million, the film was shot on location in rural South Carolina in the fall of 2006.\nQuestion: was the movie strangers based on a true story\nAnswer:",
        "response": " was"
      },
      {
        "question": "Passage: Carbon\u2013hydrogen bond -- The carbon-hydrogen bond (C--H bond) is a bond between carbon and hydrogen atoms that can be found in many organic compounds. This bond is a covalent bond meaning that carbon shares its outer valence electrons with up to four hydrogens. This completes both of their outer shells making them stable. Carbon--hydrogen bonds have a bond length of about 1.09 \u00c5 (1.09 \u00d7 10 m) and a bond energy of about 413 kJ/mol (see table below). Using Pauling's scale--C (2.55) and H (2.2)--the electronegativity difference between these two atoms is 0.35. Because of this small difference in electronegativities, the C\u2212H bond is generally regarded as being non-polar. In structural formulas of molecules, the hydrogen atoms are often omitted. Compound classes consisting solely of C--H bonds and C--C bonds are alkanes, alkenes, alkynes, and aromatic hydrocarbons. Collectively they are known as hydrocarbons.\nQuestion: can carbon form polar covalent bonds with hydrogen\nAnswer:",
        "response": " can"
      },
      {
        "question": "Passage: New Balance -- New Balance maintains a manufacturing presence in the United States, as well as in the United Kingdom for the European market, where they produce some of their most popular models such as the 990 model--in contrast to its competitors, which often manufacture exclusively outside the USA and Europe. As a result, New Balance shoes tend to be more expensive than those of many other manufacturers. To offset this pricing difference, New Balance claims to differentiate their products with technical features, such as blended gel inserts, heel counters and a greater selection of sizes, particularly for very narrow and/or very wide widths. The company has made total profits of approximately $69 billion since 1992. They are the second most-renown American sporting company, after Nike.\nQuestion: are new balance and nike the same company\nAnswer:",
        "response": " New"
      },
      {
        "question": "Passage: Improvised weapon -- Many martial arts employ the use of common objects as weapons; Filipino martial arts such as Eskrima include practice with machetes, canes, bamboo spears, and knives as a result of the 333 year Spanish colonization that took place in the Philippines which prohibited the ownership and use of standard swords and bladed weapons; Chinese martial arts and some Korean martial arts commonly feature the use of improvised weapons such as fans, hammers and staves. There are even some western martial arts that are based on improvised weapons such as British quarterstaff fighting and Irish stick fighting.\nQuestion: can a hammer be used as a weapon\nAnswer:",