{
  "metadata": {
    "timestamp": "20241216_104059",
    "model_name": "meta-llama/Llama-3.2-3B",
    "num_pruned_layers": 18,
    "has_adapter": true,
    "task": "boolq"
  },
  "metrics": {
    "response_quality": {
      "total_responses": 3270,
      "valid_responses": 2454,
      "invalid_responses": 816,
      "invalid_percentage": 24.954128440366972
    },
    "metrics": {
      "accuracy": 0.6067644661776691,
      "evaluate_accuracy": {
        "accuracy": 0.45535168195718656
      },
      "precision": 0.6101068200493016,
      "recall": 0.9893404397068621,
      "f1": 0.7547649301143584,
      "total_evaluated": 2454,
      "confusion_matrix": {
        "true_positives": 1485,
        "true_negatives": 4,
        "false_positives": 949,
        "false_negatives": 16
      },
      "perplexities": [
        63.09375,
        59.71875,
        63.84375,
        59.96875,
        61.375,
        57.0,
        59.28125,
        61.875,
        60.1875,
        72.625,
        64.8125,
        59.03125,
        60.1875,
        66.125,
        57.90625,
        61.875,
        63.34375,
        69.8125,
        67.4375,
        66.375,
        71.75,
        54.0625,
        53.96875,
        62.125,
        69.3125,
        52.0,
        67.9375,
        62.34375,
        62.59375,
        74.0625,
        65.0625,
        56.125,
        60.65625,
        66.625,
        67.1875,
        58.5625,
        58.8125,
        72.625,
        64.8125,
        52.8125,
        51.6875,
        59.03125,
        68.75,
        54.28125,
        64.5625,
        61.375,
        64.5625,
        65.875,
        61.875,
        59.28125,
        65.0625,
        63.34375,
        58.34375,
        61.625,
        65.625,
        70.625,
        67.6875,
        71.5,
        57.0,
        66.375,
        70.625,
        55.46875,
        60.65625,
        72.875,
        73.75,
        59.71875,
        62.34375,
        63.34375,
        62.34375,
        59.5,
        69.0,
        73.1875,
        76.6875,
        60.1875,
        63.84375,
        71.1875,
        61.875,
        59.71875,
        65.875,
        68.1875,
        64.5625,
        68.75,
        53.84375,
        64.3125,
        61.375,
        55.03125,
        69.8125,
        81.625,
        72.0625,
        70.9375,
        65.0625,
        62.59375,
        71.5,
        77.625,
        64.0625,
        59.5,
        50.1875,
        59.5,
        71.75,
        69.0,
        48.75,
        73.1875,
        66.875,
        65.625,
        61.375,
        59.71875,
        57.65625,
        67.1875,
        67.1875,
        59.71875,
        50.90625,
        65.0625,
        58.34375,
        55.03125,
        72.3125,
        85.5625,
        71.5,
        66.625,
        62.125,
        61.375,
        58.5625,
        59.5,
        70.9375,
        63.34375,
        57.90625,
        56.5625,
        70.625,
        58.5625,
        68.75,
        74.3125,
        68.75,
        61.15625,
        66.875,
        66.625,
        65.875,
        59.71875,
        55.6875,
        64.0625,
        61.15625,
        63.09375,
        67.9375,
        63.84375,
        64.5625,
        54.59375,
        65.875,
        67.9375,
        59.71875,
        70.9375,
        69.0,
        69.0,
        60.65625,
        73.75,
        62.34375,
        72.3125,
        72.625,
        64.0625,
        61.15625,
        53.03125,
        59.28125,
        70.9375,
        66.375,
        50.3125,
        52.90625,
        72.625,
        73.75,
        69.5625,
        80.375,
        60.90625,
        60.90625,
        62.84375,
        60.4375,
        58.8125,
        58.5625,
        62.59375,
        76.125,
        67.9375,
        61.15625,
        61.15625,
        71.1875,
        55.25,
        72.625,
        69.5625,
        54.8125,
        55.90625,
        74.3125,
        62.59375,
        70.9375,
        55.6875,
        59.71875,
        62.59375,
        67.6875,
        63.84375,
        66.375,
        64.3125,
        61.875,
        57.65625,
        73.5,
        39.09375,
        66.875,
        69.8125,
        61.15625,
        71.75,
        59.71875,
        55.03125,
        67.1875
      ],
      "mean_perplexity": 63.958079268292686
    },
    "invalid_examples": [
      {
        "question": "Passage: Hydroxyzine -- Hydroxyzine preparations require a doctor's prescription. The drug is available in two formulations, the pamoate and the dihydrochloride or hydrochloride salts. Vistaril, Equipose, Masmoran, and Paxistil are preparations of the pamoate salt, while Atarax, Alamon, Aterax, Durrax, Tran-Q, Orgatrax, Quiess, and Tranquizine are of the hydrochloride salt.\nQuestion: is there a difference between hydroxyzine hcl and hydroxyzine pam\nAnswer:",
        "response": " Hydro"
      },
      {
        "question": "Passage: List of English words containing Q not followed by U -- Of the 71 words in this list, 67 are nouns, and most would generally be considered loanwords; the only modern-English words that contain Q not followed by U and are not borrowed from another language are qiana, qwerty, and tranq. However, all of the loanwords on this list are considered to be naturalised in English according to at least one major dictionary (see References), often because they refer to concepts or societal roles that do not have an accurate equivalent in English. For words to appear here, they must appear in their own entry in a dictionary; words which occur only as part of a longer phrase are not included.\nQuestion: is there a word with q without u\nAnswer:",
        "response": " q"
      },
      {
        "question": "Passage: Shower gel -- Shower gels for men may contain the ingredient menthol, which gives a cooling and stimulating sensation on the skin, and some men's shower gels are also designed specifically for use on hair and body. Shower gels contain milder surfactant bases than shampoos, and some also contain gentle conditioning agents in the formula. This means that shower gels can also double as an effective and perfectly acceptable substitute to shampoo, even if they are not labelled as a hair and body wash. Washing hair with shower gel should give approximately the same result as using a moisturising shampoo.\nQuestion: is it bad to wash your hair with shower gel\nAnswer:",
        "response": " Shower"
      },
      {
        "question": "Passage: Excretory system -- The liver detoxifies and breaks down chemicals, poisons and other toxins that enter the body. For example, the liver transforms ammonia (which is poisonous) into urea in fish, amphibians and mammals, and into uric acid in birds and reptiles. Urea is filtered by the kidney into urine or through the gills in fish and tadpoles. Uric acid is paste-like and expelled as a semi-solid waste (the ``white'' in bird excrements). The liver also produces bile, and the body uses bile to break down fats into usable fats and unusable waste.\nQuestion: is the liver part of the excretory system\nAnswer:",
        "response": " Ex"
      },
      {
        "question": "Passage: The Strangers (2008 film) -- The Strangers is a 2008 American slasher film written and directed by Bryan Bertino. Kristen (Liv Tyler) and James (Scott Speedman) are expecting a relaxing weekend at a family vacation home, but their stay turns out to be anything but peaceful as three masked torturers leave Kristen and James struggling for survival. Writer-director Bertino was inspired by real-life events: the Manson family Tate murders, a multiple homicide; the Keddie Cabin Murders, that occurred in California in 1981; and a series of break-ins that occurred in his own neighborhood as a child. Made on a budget of $9 million, the film was shot on location in rural South Carolina in the fall of 2006.\nQuestion: was the movie strangers based on a true story\nAnswer:",