{
  "metadata": {
    "timestamp": "20241216_103502",
    "model_name": "meta-llama/Llama-3.2-3B",
    "num_pruned_layers": 10,
    "has_adapter": true,
    "task": "boolq"
  },
  "metrics": {
    "response_quality": {
      "total_responses": 3270,
      "valid_responses": 3263,
      "invalid_responses": 7,
      "invalid_percentage": 0.21406727828746178
    },
    "metrics": {
      "accuracy": 0.5623659209316579,
      "evaluate_accuracy": {
        "accuracy": 0.5611620795107034
      },
      "precision": 0.7155110793423874,
      "recall": 0.49286065977351057,
      "f1": 0.5836734693877551,
      "total_evaluated": 3263,
      "confusion_matrix": {
        "true_positives": 1001,
        "true_negatives": 834,
        "false_positives": 398,
        "false_negatives": 1030
      },
      "perplexities": [
        25.4375,
        23.296875,
        23.15625,
        24.1875,
        24.140625,
        21.21875,
        24.0,
        22.84375,
        23.90625,
        27.78125,
        25.484375,
        23.4375,
        24.84375,
        24.75,
        22.0625,
        23.390625,
        25.09375,
        27.5,
        26.34375,
        24.953125,
        26.203125,
        22.0625,
        21.015625,
        23.671875,
        26.609375,
        20.796875,
        25.84375,
        25.046875,
        23.671875,
        27.828125,
        25.796875,
        20.765625,
        22.796875,
        25.046875,
        24.84375,
        21.71875,
        22.9375,
        27.828125,
        24.46875,
        20.4375,
        20.40625,
        22.3125,
        26.65625,
        20.6875,
        24.609375,
        22.28125,
        24.234375,
        25.59375,
        23.578125,
        21.96875,
        24.5625,
        23.953125,
        21.34375,
        24.09375,
        24.0,
        27.78125,
        26.453125,
        27.296875,
        22.140625,
        25.796875,
        26.25,
        22.71875,
        23.078125,
        27.5625,
        27.890625,
        23.296875,
        23.53125,
        22.984375,
        24.421875,
        21.796875,
        24.28125,
        26.65625,
        27.78125,
        24.328125,
        24.046875,
        27.609375,
        23.8125,
        23.90625,
        24.46875,
        26.34375,
        24.234375,
        25.390625,
        20.203125,
        25.546875,
        22.5,
        20.640625,
        27.34375,
        31.71875,
        27.03125,
        26.765625,
        25.390625,
        24.140625,
        27.34375,
        28.046875,
        23.53125,
        24.65625,
        19.890625,
        21.796875,
        28.21875,
        25.59375,
        18.984375,
        26.8125,
        24.953125,
        26.65625,
        23.578125,
        22.84375,
        22.671875,
        25.390625,
        24.421875,
        23.390625,
        19.65625,
        24.84375,
        21.421875,
        21.375,
        26.71875,
        31.84375,
        26.609375,
        24.09375,
        23.203125,
        22.671875,
        22.671875,
        22.140625,
        26.453125,
        24.140625,
        22.359375,
        22.0625,
        26.5625,
        23.125,
        26.921875,
        30.625,
        26.453125,
        23.203125,
        26.296875,
        24.90625,
        25.390625,
        23.53125,
        22.359375,
        24.375,
        23.4375,
        23.71875,
        26.921875,
        24.328125,
        25.484375,
        21.671875,
        24.796875,
        25.4375,
        22.5,
        27.03125,
        25.890625,
        26.8125,
        23.03125,
        27.34375,
        23.671875,
        27.453125,
        26.875,
        21.546875,
        24.65625,
        20.484375,
        22.234375,
        27.609375,
        25.546875,
        19.84375,
        21.71875,
        25.9375,
        28.265625,
        24.703125,
        30.921875,
        24.65625,
        23.578125,
        25.1875,
        24.609375,
        23.203125,
        22.5,
        24.0,
        27.828125,
        26.046875,
        22.53125,
        23.15625,
        26.09375,
        21.640625,
        28.0,
        28.546875,
        20.5625,
        21.796875,
        26.5,
        25.140625,
        25.9375,
        21.765625,
        23.078125,
        23.15625,
        25.0,
        23.625,
        26.203125,
        23.25,
        21.796875,
        21.21875,
        27.140625,
        16.421875,
        26.09375,
        26.25,
        23.34375,
        28.765625,
        22.9375,
        20.84375,
        26.40625
      ],
      "mean_perplexity": 24.429878048780488
    },
    "invalid_examples": [
      {
        "question": "Passage: United States men's national soccer team -- The best result for the United States in a World Cup came in 1930 when they reached the semifinals. The best result in the modern era is the 2002 World Cup, when the U.S. reached the quarterfinals. The worst result in the modern era was a first round elimination in 1990, 1998, and 2006.\nQuestion: did us ever win the world cup soccer\nAnswer:",
        "response": " us"
      },
      {
        "question": "Passage: Lobster sauce -- The sauce itself does not contain any lobster, and may vary in preparation method from place to place or restaurant to restaurant. However, it will typically contain chicken broth, garlic, ginger, fermented black beans, and eggs, and is thickened with cornstarch. Some recipes incorporate ground pork and soy sauce. The color varies from being pale white, to a yellow, mainly depending on how the eggs are incorporated into the sauce; if the eggs are added quickly, the sauce acquires a yellow hue. Lobster sauce in most of New England, where it is a thicker, brown sauce, is the exception.\nQuestion: is there lobster in shrimp with lobster sauce\nAnswer:",
        "response": " Lob"
      },
      {
        "question": "Passage: 2018 FIFA World Cup qualification \u2013 UEFA Group I -- The group winners, Iceland, qualified directly for the 2018 FIFA World Cup. The group runners-up, Croatia, advanced to the play-offs as one of the best 8 runners-up, where they won against Greece and thus qualified too. This was the first time Ukraine failed to advance to the play-offs.\nQuestion: did ukraine make it to the world cup\nAnswer:",
        "response": " u"
      },
      {
        "question": "Passage: List of teams to overcome 3\u20131 series deficits -- The following is the list of teams to overcome 3--1 series deficits by winning three straight games to win a best-of-seven playoff series. In the history of major North American pro sports, teams that were down 3--1 in the series came back and won the series 52 times, more than half of them were accomplished by National Hockey League (NHL) teams. Teams overcame 3--1 deficit in the final championship round eight times, six were accomplished by Major League Baseball (MLB) teams in the World Series. Teams overcoming 3--0 deficit by winning four straight games were accomplished five times, four times in the NHL and once in MLB.\nQuestion: has an nhl team ever come back from 3-0\nAnswer:",