{
  "metadata": {
    "timestamp": "20241216_122318",
    "model_name": "meta-llama/Meta-Llama-3-8B",
    "num_pruned_layers": 17,
    "has_adapter": true,
    "task": "boolq"
  },
  "metrics": {
    "response_quality": {
      "total_responses": 3270,
      "valid_responses": 2671,
      "invalid_responses": 599,
      "invalid_percentage": 18.318042813455655
    },
    "metrics": {
      "accuracy": 0.6050168476226132,
      "evaluate_accuracy": {
        "accuracy": 0.4941896024464832
      },
      "precision": 0.6074130105900152,
      "recall": 0.9895255699322243,
      "f1": 0.7527536911178815,
      "total_evaluated": 2671,
      "confusion_matrix": {
        "true_positives": 1606,
        "true_negatives": 10,
        "false_positives": 1038,
        "false_negatives": 17
      },
      "perplexities": [
        37.65625,
        35.53125,
        35.65625,
        35.8125,
        36.71875,
        34.09375,
        35.53125,
        37.53125,
        35.125,
        42.59375,
        37.96875,
        36.875,
        38.40625,
        38.40625,
        34.90625,
        36.4375,
        36.65625,
        42.03125,
        40.71875,
        38.40625,
        40.25,
        32.78125,
        32.65625,
        36.875,
        40.96875,
        31.421875,
        38.78125,
        35.9375,
        36.5,
        43.28125,
        40.25,
        32.28125,
        35.9375,
        39.09375,
        40.8125,
        33.3125,
        36.03125,
        43.53125,
        37.53125,
        31.421875,
        31.109375,
        34.96875,
        41.78125,
        32.65625,
        37.4375,
        35.375,
        38.5625,
        40.8125,
        36.21875,
        34.90625,
        37.96875,
        37.96875,
        33.5,
        36.4375,
        39.625,
        42.1875,
        40.34375,
        42.28125,
        32.65625,
        37.8125,
        39.875,
        33.6875,
        35.875,
        42.9375,
        43.4375,
        36.03125,
        36.65625,
        37.96875,
        36.65625,
        34.375,
        39.625,
        41.375,
        43.03125,
        35.3125,
        36.8125,
        41.375,
        35.9375,
        35.53125,
        37.09375,
        39.5625,
        37.75,
        39.46875,
        31.84375,
        35.875,
        36.3125,
        32.78125,
        41.78125,
        48.375,
        42.1875,
        41.78125,
        39.09375,
        37.59375,
        40.71875,
        43.96875,
        38.78125,
        36.5,
        29.28125,
        35.25,
        42.4375,
        40.65625,
        29.21875,
        42.09375,
        36.8125,
        37.96875,
        36.09375,
        34.78125,
        35.53125,
        41.21875,
        39.09375,
        35.875,
        30.453125,
        38.875,
        34.90625,
        32.84375,
        40.1875,
        50.3125,
        41.46875,
        39.1875,
        35.9375,
        35.8125,
        35.46875,
        35.46875,
        40.5,
        36.21875,
        35.25,
        34.375,
        42.09375,
        35.25,
        40.34375,
        46.15625,
        40.40625,
        36.4375,
        40.5625,
        38.125,
        39.25,
        37.4375,
        34.84375,
        38.34375,
        35.8125,
        35.46875,
        38.5,
        38.5,
        38.78125,
        31.71875,
        39.40625,
        39.78125,
        35.3125,
        41.0625,
        39.625,
        41.9375,
        36.65625,
        41.125,
        36.71875,
        42.09375,
        41.9375,
        35.53125,
        36.59375,
        32.71875,
        35.53125,
        41.125,
        40.09375,
        30.265625,
        32.09375,
        40.5625,
        44.5625,
        38.875,
        46.875,
        37.59375,
        36.59375,
        38.03125,
        37.21875,
        35.375,
        36.21875,
        36.65625,
        44.375,
        40.40625,
        35.25,
        36.875,
        41.125,
        32.21875,
        43.28125,
        42.09375,
        32.71875,
        32.15625,
        43.03125,
        38.5,
        41.53125,
        33.125,
        35.25,
        37.65625,
        38.5625,
        37.90625,
        39.40625,
        36.5,
        35.125,
        34.15625,
        41.875,
        23.15625,
        40.65625,
        39.9375,
        34.84375,
        42.4375,
        35.46875,
        31.59375,
        38.34375
      ],
      "mean_perplexity": 37.70068597560976
    },
    "invalid_examples": [
      {
        "question": "Passage: Barq's -- Barq's /\u02c8b\u0251\u02d0rks/ is an American soft drink. Its brand of root beer is notable for having caffeine. Barq's, created by Edward Barq and bottled since the turn of the 20th century, is owned by the Barq family but bottled by the Coca-Cola Company. It was known as Barq's Famous Olde Tyme Root Beer until 2012.\nQuestion: is barq's root beer a pepsi product\nAnswer:",
        "response": " Bar"
      },
      {
        "question": "Passage: Parity (mathematics) -- In mathematics, parity is the property of an integer's inclusion in one of two categories: even or odd. An integer is even if it is evenly divisible by two and odd if it is not even. For example, 6 is even because there is no remainder when dividing it by 2. By contrast, 3, 5, 7, 21 leave a remainder of 1 when divided by 2. Examples of even numbers include \u22124, 0, 82 and 178. In particular, zero is an even number. Some examples of odd numbers are \u22125, 3, 29, and 73.\nQuestion: can an odd number be divided by an even number\nAnswer:",
        "response": " An"
      },
      {
        "question": "Passage: American entry into Canada by land -- Persons driving into Canada must have their vehicle's registration document and proof of insurance.\nQuestion: can u drive in canada with us license\nAnswer:",
        "response": " can"
      },
      {
        "question": "Passage: Alcohol laws of New York -- In response to the National Minimum Drinking Age Act in 1984, which reduced by up to 10% the federal highway funding of any state which did not have a minimum purchasing age of 21, the New York Legislature raised the drinking age from 19 to 21, effective December 1, 1985. (The drinking age had been 18 for many years before the first raise on December 4th, 1982, to 19.) Persons under 21 are prohibited from purchasing alcohol or possessing alcohol with the intent to consume, unless the alcohol was given to that person by their parent or legal guardian. There is no law prohibiting where people under 21 may possess or consume alcohol that was given to them by their parents. Persons under 21 are prohibited from having a blood alcohol level of 0.02% or higher while driving.\nQuestion: can minors drink with parents in new york\nAnswer:",
        "response": " can"
      },
      {
        "question": "Passage: Deadpool -- As part of Marvel's Marvel NOW! initiative a new Deadpool ongoing series was launched, written by Brian Posehn and Gerry Duggan and illustrated by Tony Moore. He is also a member of the Thunderbolts. In the 27th issue of his new series, as part of ``All-New Marvel NOW!'', Deadpool was married for the third time. Initially a secret, his bride was revealed in the webcomic Deadpool: The Gauntlet to be Shiklah, Queen of the Undead. Deadpool also discovers that he has a daughter by the name of Eleanor from a former flame of Deadpool named Carmelita.\nQuestion: does deadpool have a kid in the comics\nAnswer:",
        "response": " Deadpool"
      },
      {
        "question": "Passage: Benson & Hedges -- Benson & Hedges is a British brand of cigarettes owned by either Philip Morris International, British American Tobacco, or Japan Tobacco, depending on the region. In the UK, they are registered in Old Bond Street in London, and are manufactured in Lisnafillan, Ballymena, Northern Ireland.\nQuestion: do they still make benson & hedges cigarettes\nAnswer:",