{
  "metadata": {
    "timestamp": "20241216_121912",
    "model_name": "meta-llama/Meta-Llama-3-8B",
    "num_pruned_layers": 13,
    "has_adapter": true,
    "task": "boolq"
  },
  "metrics": {
    "response_quality": {
      "total_responses": 3270,
      "valid_responses": 3258,
      "invalid_responses": 12,
      "invalid_percentage": 0.3669724770642202
    },
    "metrics": {
      "accuracy": 0.6823204419889503,
      "evaluate_accuracy": {
        "accuracy": 0.6798165137614679
      },
      "precision": 0.669047619047619,
      "recall": 0.9694430754066042,
      "f1": 0.7917085932783255,
      "total_evaluated": 3258,
      "confusion_matrix": {
        "true_positives": 1967,
        "true_negatives": 256,
        "false_positives": 973,
        "false_negatives": 62
      },
      "perplexities": [
        21.171875,
        20.28125,
        19.546875,
        20.765625,
        20.484375,
        18.828125,
        20.5625,
        19.546875,
        20.125,
        23.390625,
        21.71875,
        20.171875,
        21.09375,
        20.796875,
        18.828125,
        19.421875,
        21.640625,
        23.671875,
        22.5,
        21.640625,
        21.34375,
        19.09375,
        18.4375,
        20.484375,
        23.859375,
        17.625,
        21.5,
        21.09375,
        20.171875,
        23.859375,
        21.96875,
        18.078125,
        19.125,
        21.125,
        20.71875,
        18.71875,
        20.359375,
        23.578125,
        21.015625,
        17.28125,
        17.140625,
        19.234375,
        22.765625,
        17.546875,
        20.71875,
        18.765625,
        20.6875,
        21.25,
        19.703125,
        18.359375,
        21.125,
        20.96875,
        18.5,
        20.765625,
        20.71875,
        23.953125,
        22.578125,
        23.203125,
        19.125,
        22.140625,
        22.3125,
        19.015625,
        20.640625,
        23.71875,
        23.390625,
        19.96875,
        20.046875,
        19.421875,
        21.125,
        19.046875,
        21.046875,
        22.40625,
        22.9375,
        20.25,
        20.125,
        22.5,
        20.171875,
        20.25,
        20.6875,
        22.28125,
        20.71875,
        21.59375,
        17.515625,
        21.71875,
        18.90625,
        17.9375,
        23.15625,
        27.671875,
        23.15625,
        22.53125,
        21.84375,
        21.015625,
        23.34375,
        23.03125,
        20.890625,
        21.546875,
        17.34375,
        19.046875,
        22.359375,
        21.796875,
        16.6875,
        23.203125,
        21.421875,
        23.03125,
        19.8125,
        19.546875,
        19.125,
        22.359375,
        21.046875,
        20.359375,
        16.140625,
        21.375,
        18.828125,
        18.828125,
        22.109375,
        27.40625,
        23.4375,
        21.671875,
        19.78125,
        19.3125,
        19.5,
        19.578125,
        21.96875,
        20.609375,
        19.546875,
        18.609375,
        22.578125,
        20.28125,
        22.890625,
        25.640625,
        21.9375,
        19.203125,
        23.125,
        20.6875,
        21.546875,
        20.125,
        19.125,
        20.6875,
        20.125,
        19.890625,
        22.28125,
        21.09375,
        21.421875,
        18.609375,
        21.46875,
        21.765625,
        19.78125,
        23.15625,
        22.28125,
        22.53125,
        19.734375,
        23.078125,
        20.203125,
        23.390625,
        22.453125,
        18.4375,
        20.921875,
        17.859375,
        19.703125,
        23.25,
        22.1875,
        16.953125,
        18.546875,
        21.71875,
        24.84375,
        21.46875,
        26.140625,
        21.125,
        20.25,
        21.421875,
        21.015625,
        20.515625,
        20.078125,
        20.40625,
        23.625,
        22.578125,
        19.703125,
        20.5625,
        21.84375,
        18.546875,
        24.65625,
        24.328125,
        17.28125,
        18.828125,
        22.453125,
        22.890625,
        22.140625,
        18.71875,
        19.703125,
        19.734375,
        22.140625,
        20.078125,
        21.96875,
        20.171875,
        19.125,
        18.328125,
        22.671875,
        14.4140625,
        22.109375,
        22.765625,
        19.625,
        24.09375,
        19.703125,
        17.828125,
        22.40625
      ],
      "mean_perplexity": 20.885861280487806
    },
    "invalid_examples": [
      {
        "question": "Passage: Hydroxyzine -- Hydroxyzine preparations require a doctor's prescription. The drug is available in two formulations, the pamoate and the dihydrochloride or hydrochloride salts. Vistaril, Equipose, Masmoran, and Paxistil are preparations of the pamoate salt, while Atarax, Alamon, Aterax, Durrax, Tran-Q, Orgatrax, Quiess, and Tranquizine are of the hydrochloride salt.\nQuestion: is there a difference between hydroxyzine hcl and hydroxyzine pam\nAnswer:",
        "response": " Hydro"
      },
      {
        "question": "Passage: Carbon\u2013hydrogen bond -- The carbon-hydrogen bond (C--H bond) is a bond between carbon and hydrogen atoms that can be found in many organic compounds. This bond is a covalent bond meaning that carbon shares its outer valence electrons with up to four hydrogens. This completes both of their outer shells making them stable. Carbon--hydrogen bonds have a bond length of about 1.09 \u00c5 (1.09 \u00d7 10 m) and a bond energy of about 413 kJ/mol (see table below). Using Pauling's scale--C (2.55) and H (2.2)--the electronegativity difference between these two atoms is 0.35. Because of this small difference in electronegativities, the C\u2212H bond is generally regarded as being non-polar. In structural formulas of molecules, the hydrogen atoms are often omitted. Compound classes consisting solely of C--H bonds and C--C bonds are alkanes, alkenes, alkynes, and aromatic hydrocarbons. Collectively they are known as hydrocarbons.\nQuestion: can carbon form polar covalent bonds with hydrogen\nAnswer:",
        "response": " Carbon"
      },
      {
        "question": "Passage: A Quiet Place (film) -- The Abbott family -- wife Evelyn, husband Lee, congenitally deaf daughter Regan, and sons Marcus and Beau -- silently scavenge for supplies in a deserted town. While out in the open, the family communicates with American Sign Language (ASL). Four-year-old Beau is drawn to a battery-powered space shuttle toy, but Lee takes it away due to the noise it makes. Regan returns the toy to Beau, who also takes the batteries that his father removed from it. Beau activates the toy when the family is walking home and crossing a bridge, giving away his location to a nearby creature which kills him before Lee can save him.\nQuestion: does beau abbott die in a quiet place\nAnswer:",
        "response": " Beau"
      },
      {
        "question": "Passage: Fluid ounce -- The fluid ounce is distinct from the ounce as a unit of weight or mass, although it is sometimes referred to simply as an ``ounce'' where context makes the meaning clear, such as ounces in a bottle.\nQuestion: is 1 ounce the same as 1 fluid ounce\nAnswer:",
        "response": " "
      },
      {
        "question": "Passage: Olivia Benson -- At the conclusion of the season 15 finale, Benson becomes the court-appointed custodial guardian of Noah Porter, an orphaned baby. The appointment is for a trial period of one year, with the option to apply for legal adoption at the end of that period. Although the year is rocky due to Noah's health issues and the demands of her job, Benson grows to love Noah and formally adopts him a year later.\nQuestion: did olivia from law and order have a baby\nAnswer:",