{
  "metadata": {
    "timestamp": "20241216_101401",
    "model_name": "meta-llama/Llama-3.2-3B",
    "num_pruned_layers": 1,
    "has_adapter": false,
    "task": "boolq"
  },
  "metrics": {
    "response_quality": {
      "total_responses": 3270,
      "valid_responses": 3269,
      "invalid_responses": 1,
      "invalid_percentage": 0.03058103975535168
    },
    "metrics": {
      "accuracy": 0.37901498929336186,
      "evaluate_accuracy": {
        "accuracy": 0.37889908256880733
      },
      "precision": 1.0,
      "recall": 0.000984251968503937,
      "f1": 0.0019665683382497543,
      "total_evaluated": 3269,
      "confusion_matrix": {
        "true_positives": 2,
        "true_negatives": 1237,
        "false_positives": 0,
        "false_negatives": 2030
      },
      "perplexities": [
        11.53125,
        11.8515625,
        10.6015625,
        12.0859375,
        11.8046875,
        10.6015625,
        10.921875,
        10.6484375,
        11.625,
        12.8671875,
        12.6953125,
        11.6953125,
        13.171875,
        12.0625,
        9.984375,
        9.828125,
        12.0625,
        14.46875,
        13.9921875,
        11.671875,
        9.9453125,
        10.8359375,
        9.90625,
        9.4296875,
        13.5390625,
        10.4609375,
        10.2421875,
        12.84375,
        11.96875,
        13.171875,
        11.7421875,
        10.421875,
        10.4609375,
        10.8125,
        11.7578125,
        10.6484375,
        11.46875,
        13.859375,
        11.5546875,
        9.734375,
        9.46875,
        10.8359375,
        13.2734375,
        8.7265625,
        11.046875,
        10.0625,
        12.3984375,
        11.8984375,
        11.828125,
        10.5234375,
        10.5234375,
        10.15625,
        9.671875,
        12.9140625,
        10.546875,
        11.8515625,
        12.9921875,
        12.5703125,
        11.53125,
        10.984375,
        10.6484375,
        10.2421875,
        10.6875,
        13.40625,
        13.75,
        10.21875,
        10.21875,
        10.0390625,
        11.6015625,
        9.484375,
        11.53125,
        11.8515625,
        12.7421875,
        12.6640625,
        11.1328125,
        12.9921875,
        11.09375,
        11.1171875,
        12.0390625,
        12.1328125,
        10.984375,
        10.984375,
        9.8671875,
        11.203125,
        10.7734375,
        9.640625,
        12.8203125,
        15.953125,
        11.8515625,
        11.828125,
        12.375,
        10.875,
        12.3046875,
        10.3203125,
        10.1953125,
        11.875,
        10.296875,
        10.078125,
        12.5234375,
        11.2890625,
        8.703125,
        11.2265625,
        11.875,
        12.7421875,
        10.1796875,
        11.625,
        10.8359375,
        11.0703125,
        11.578125,
        10.7265625,
        8.65625,
        11.53125,
        10.2578125,
        9.921875,
        12.203125,
        11.15625,
        12.15625,
        12.6953125,
        10.3984375,
        10.75,
        10.0390625,
        9.921875,
        11.7578125,
        10.4609375,
        10.5234375,
        10.5234375,
        11.6953125,
        12.1796875,
        13.4609375,
        14.1328125,
        12.015625,
        10.3359375,
        11.4453125,
        11.15625,
        11.625,
        11.1171875,
        10.625,
        11.3125,
        11.71875,
        9.0,
        13.0703125,
        11.6953125,
        12.640625,
        10.3828125,
        11.9921875,
        11.3359375,
        10.3984375,
        12.3046875,
        10.921875,
        13.8828125,
        12.1328125,
        12.2578125,
        11.8046875,
        12.640625,
        13.046875,
        8.875,
        12.421875,
        10.0234375,
        9.65625,
        13.09375,
        12.015625,
        9.75,
        9.65625,
        10.8984375,
        13.7265625,
        11.203125,
        14.8359375,
        11.71875,
        11.3984375,
        12.765625,
        12.0390625,
        10.6484375,
        10.5,
        12.5703125,
        13.3046875,
        12.59375,
        10.078125,
        11.6953125,
        12.0625,
        11.203125,
        14.046875,
        13.25,
        10.2578125,
        10.078125,
        11.8046875,
        12.7890625,
        12.46875,
        10.484375,
        11.46875,
        10.1953125,
        11.6484375,
        10.140625,
        12.328125,
        9.640625,
        10.21875,
        8.5859375,
        11.7578125,
        8.640625,
        10.875,
        11.921875,
        10.9609375,
        13.1953125,
        10.2421875,
        10.5625,
        11.46875
      ],
      "mean_perplexity": 11.395236280487804
    },
    "invalid_examples": [
      {
        "question": "Passage: List of video games that support cross-platform play -- Cross-platform play (cross-play) is the ability to allow different gaming platforms to share the same online servers in a game, allowing players to join together regardless of the platform they own. Since the Dreamcast and Playstation 2 there have been online video games that support cross-play. Listed here is an incomplete list (which misses some mobile games and Xbox One backwards compatible games) of games that support cross-play with their consoles, computers, mobile and handheld game consoles:\nQuestion: are there any games that are cross platform\nAnswer:",
        "response": " are"
      }
    ]
  }
}