{
  "metadata": {
    "timestamp": "20241216_110401",
    "model_name": "meta-llama/Llama-3.2-1B",
    "num_pruned_layers": 7,
    "has_adapter": true,
    "task": "boolq"
  },
  "metrics": {
    "response_quality": {
      "total_responses": 3270,
      "valid_responses": 1624,
      "invalid_responses": 1646,
      "invalid_percentage": 50.33639143730887
    },
    "metrics": {
      "accuracy": 0.5966748768472906,
      "evaluate_accuracy": {
        "accuracy": 0.2963302752293578
      },
      "precision": 0.6130520764667106,
      "recall": 0.9318637274549099,
      "f1": 0.7395626242544732,
      "total_evaluated": 1624,
      "confusion_matrix": {
        "true_positives": 930,
        "true_negatives": 39,
        "false_positives": 587,
        "false_negatives": 68
      },
      "perplexities": [
        40.09375,
        37.09375,
        37.90625,
        39.3125,
        37.96875,
        34.90625,
        37.375,
        39.71875,
        35.65625,
        47.8125,
        42.28125,
        38.5625,
        40.34375,
        41.125,
        35.53125,
        39.1875,
        39.09375,
        45.09375,
        45.34375,
        40.8125,
        43.6875,
        34.84375,
        34.78125,
        34.90625,
        44.21875,
        32.84375,
        42.4375,
        37.53125,
        39.03125,
        46.0625,
        42.59375,
        34.3125,
        38.25,
        42.53125,
        42.34375,
        35.25,
        38.125,
        46.875,
        38.78125,
        32.84375,
        31.65625,
        37.96875,
        45.25,
        33.4375,
        39.625,
        37.375,
        42.6875,
        41.46875,
        36.8125,
        38.125,
        38.78125,
        40.03125,
        36.4375,
        38.875,
        40.90625,
        43.28125,
        44.5625,
        43.6875,
        35.59375,
        39.3125,
        39.3125,
        35.8125,
        38.34375,
        46.0625,
        47.8125,
        39.09375,
        38.125,
        39.03125,
        40.09375,
        37.09375,
        42.53125,
        45.4375,
        42.6875,
        35.65625,
        37.59375,
        43.625,
        39.46875,
        37.3125,
        40.09375,
        42.53125,
        37.59375,
        40.1875,
        34.03125,
        38.34375,
        36.5,
        34.96875,
        42.9375,
        51.28125,
        46.59375,
        43.03125,
        41.125,
        39.9375,
        42.53125,
        48.0,
        39.25,
        37.96875,
        30.265625,
        35.46875,
        46.96875,
        43.625,
        30.5625,
        44.3125,
        39.71875,
        41.78125,
        38.34375,
        38.34375,
        38.34375,
        41.9375,
        42.1875,
        39.03125,
        30.453125,
        39.03125,
        35.65625,
        34.15625,
        43.375,
        51.1875,
        40.8125,
        41.125,
        39.3125,
        38.25,
        38.03125,
        37.53125,
        42.1875,
        38.875,
        37.96875,
        36.3125,
        47.71875,
        38.9375,
        43.53125,
        47.4375,
        42.84375,
        36.875,
        42.84375,
        39.1875,
        41.9375,
        38.78125,
        36.5,
        39.1875,
        38.125,
        36.8125,
        41.875,
        39.1875,
        42.53125,
        33.5,
        42.6875,
        44.21875,
        38.34375,
        44.90625,
        38.125,
        44.75,
        39.40625,
        43.09375,
        40.5,
        43.625,
        46.875,
        38.03125,
        38.1875,
        34.4375,
        38.25,
        43.1875,
        41.9375,
        32.03125,
        32.03125,
        42.4375,
        48.46875,
        39.875,
        49.21875,
        42.34375,
        37.21875,
        40.09375,
        38.78125,
        38.03125,
        37.375,
        39.5625,
        45.53125,
        42.84375,
        37.15625,
        39.40625,
        43.625,
        34.21875,
        43.78125,
        45.71875,
        34.15625,
        33.375,
        47.4375,
        41.125,
        44.375,
        35.65625,
        37.65625,
        38.5625,
        42.78125,
        40.25,
        43.78125,
        37.09375,
        37.375,
        36.03125,
        43.1875,
        24.65625,
        43.375,
        43.6875,
        37.53125,
        44.3125,
        37.0,
        33.96875,
        38.25
      ],
      "mean_perplexity": 39.87439024390244
    },
    "invalid_examples": [
      {
        "question": "Passage: Harry Potter and the Escape from Gringotts -- Harry Potter and the Escape from Gringotts is an indoor steel roller coaster at Universal Studios Florida, a theme park located within the Universal Orlando Resort. Similar to dark rides, the roller coaster utilizes special effects in a controlled-lighting environment and also employs motion-based 3-D projection of both animation and live-action sequences to enhance the experience. The ride, which is themed to the Gringotts Wizarding Bank, became the flagship attraction for the expanded Wizarding World of Harry Potter when it opened on July 8, 2014.\nQuestion: is harry potter and the escape from gringotts a roller coaster ride\nAnswer:",
        "response": " Harry"
      },
      {
        "question": "Passage: Hydroxyzine -- Hydroxyzine preparations require a doctor's prescription. The drug is available in two formulations, the pamoate and the dihydrochloride or hydrochloride salts. Vistaril, Equipose, Masmoran, and Paxistil are preparations of the pamoate salt, while Atarax, Alamon, Aterax, Durrax, Tran-Q, Orgatrax, Quiess, and Tranquizine are of the hydrochloride salt.\nQuestion: is there a difference between hydroxyzine hcl and hydroxyzine pam\nAnswer:",
        "response": " Hydro"
      },
      {
        "question": "Passage: Barq's -- Barq's /\u02c8b\u0251\u02d0rks/ is an American soft drink. Its brand of root beer is notable for having caffeine. Barq's, created by Edward Barq and bottled since the turn of the 20th century, is owned by the Barq family but bottled by the Coca-Cola Company. It was known as Barq's Famous Olde Tyme Root Beer until 2012.\nQuestion: is barq's root beer a pepsi product\nAnswer:",
        "response": " Bar"
      },
      {
        "question": "Passage: Parity (mathematics) -- In mathematics, parity is the property of an integer's inclusion in one of two categories: even or odd. An integer is even if it is evenly divisible by two and odd if it is not even. For example, 6 is even because there is no remainder when dividing it by 2. By contrast, 3, 5, 7, 21 leave a remainder of 1 when divided by 2. Examples of even numbers include \u22124, 0, 82 and 178. In particular, zero is an even number. Some examples of odd numbers are \u22125, 3, 29, and 73.\nQuestion: can an odd number be divided by an even number\nAnswer:",
        "response": " can"
      },
      {
        "question": "Passage: American entry into Canada by land -- Persons driving into Canada must have their vehicle's registration document and proof of insurance.\nQuestion: can u drive in canada with us license\nAnswer:",
        "response": " can"
      },
      {
        "question": "Passage: 2018 FIFA World Cup knockout stage -- The knockout stage of the 2018 FIFA World Cup was the second and final stage of the competition, following the group stage. It began on 30 June with the round of 16 and ended on 15 July with the final match, held at the Luzhniki Stadium in Moscow. The top two teams from each group (16 in total) advanced to the knockout stage to compete in a single-elimination style tournament. A third place play-off was also played between the two losing teams of the semi-finals.\nQuestion: is there a play off for third place in the world cup\nAnswer:",