{
  "metadata": {
    "timestamp": "20241216_103055",
    "model_name": "meta-llama/Llama-3.2-3B",
    "num_pruned_layers": 5,
    "has_adapter": true,
    "task": "boolq"
  },
  "metrics": {
    "response_quality": {
      "total_responses": 3270,
      "valid_responses": 3267,
      "invalid_responses": 3,
      "invalid_percentage": 0.09174311926605505
    },
    "metrics": {
      "accuracy": 0.5558616467707377,
      "evaluate_accuracy": {
        "accuracy": 0.5553516819571865
      },
      "precision": 0.8691232528589581,
      "recall": 0.33661417322834647,
      "f1": 0.4852784675416814,
      "total_evaluated": 3267,
      "confusion_matrix": {
        "true_positives": 684,
        "true_negatives": 1132,
        "false_positives": 103,
        "false_negatives": 1348
      },
      "perplexities": [
        16.046875,
        15.21875,
        14.7265625,
        15.609375,
        15.4609375,
        13.828125,
        15.28125,
        14.46875,
        15.1328125,
        17.765625,
        16.546875,
        15.640625,
        17.28125,
        16.015625,
        13.96875,
        14.4921875,
        15.890625,
        17.96875,
        17.546875,
        15.34375,
        15.3671875,
        14.2421875,
        13.75,
        14.2734375,
        18.046875,
        13.6953125,
        15.671875,
        16.84375,
        15.5234375,
        17.828125,
        16.953125,
        13.8046875,
        14.3515625,
        15.859375,
        15.4296875,
        14.046875,
        15.3125,
        17.375,
        15.34375,
        13.5625,
        12.765625,
        14.4921875,
        18.1875,
        12.8671875,
        15.953125,
        14.1328125,
        15.953125,
        16.421875,
        15.609375,
        14.5546875,
        15.4296875,
        15.3125,
        13.484375,
        16.8125,
        15.3125,
        17.140625,
        17.3125,
        17.078125,
        14.8359375,
        16.171875,
        15.703125,
        14.5234375,
        14.984375,
        17.828125,
        18.109375,
        14.609375,
        15.1015625,
        14.609375,
        15.609375,
        13.828125,
        15.796875,
        17.046875,
        17.25,
        16.234375,
        15.0703125,
        17.078125,
        14.8359375,
        15.578125,
        15.953125,
        16.78125,
        15.4609375,
        15.796875,
        13.1171875,
        15.640625,
        14.4375,
        13.59375,
        17.453125,
        21.125,
        16.984375,
        16.875,
        16.140625,
        15.4296875,
        16.90625,
        16.140625,
        14.7265625,
        15.890625,
        13.1171875,
        13.828125,
        17.65625,
        16.140625,
        12.3515625,
        16.6875,
        16.296875,
        16.875,
        14.8984375,
        15.046875,
        14.7265625,
        16.296875,
        15.28125,
        15.0703125,
        12.0390625,
        16.328125,
        14.2421875,
        13.3828125,
        16.65625,
        19.171875,
        16.875,
        16.171875,
        14.78125,
        14.984375,
        14.2421875,
        14.328125,
        16.59375,
        14.6953125,
        14.2734375,
        13.8046875,
        16.203125,
        16.109375,
        17.375,
        18.90625,
        16.296875,
        14.296875,
        16.65625,
        15.578125,
        15.984375,
        15.1015625,
        14.5546875,
        15.828125,
        14.8671875,
        13.9140625,
        17.421875,
        15.859375,
        16.71875,
        13.96875,
        16.328125,
        15.984375,
        14.2734375,
        16.78125,
        15.5546875,
        17.21875,
        15.28125,
        17.046875,
        15.671875,
        17.375,
        17.625,
        12.59375,
        16.140625,
        13.9375,
        13.859375,
        17.546875,
        16.078125,
        12.6640625,
        13.5078125,
        15.765625,
        18.1875,
        15.1640625,
        19.546875,
        16.515625,
        14.953125,
        16.625,
        16.328125,
        14.8984375,
        14.3828125,
        15.828125,
        18.25,
        17.046875,
        14.1015625,
        15.4296875,
        16.328125,
        14.1875,
        17.96875,
        18.109375,
        13.5625,
        13.6171875,
        16.6875,
        17.3125,
        16.875,
        14.1015625,
        15.1015625,
        14.328125,
        16.171875,
        14.609375,
        16.953125,
        13.859375,
        13.96875,
        12.96875,
        16.328125,
        11.1171875,
        16.296875,
        16.984375,
        14.9296875,
        18.0,
        14.296875,
        13.859375,
        15.5234375
      ],
      "mean_perplexity": 15.603010670731708
    },
    "invalid_examples": [
      {
        "question": "Passage: Angular frequency -- Angular frequency (or angular speed) is the magnitude of the vector quantity angular velocity. The term angular frequency vector \u03c9 \u2192 (\\displaystyle (\\vec (\\omega ))) is sometimes used as a synonym for the vector quantity angular velocity.\nQuestion: is angular frequency and angular velocity the same\nAnswer:",
        "response": " Angular"
      },
      {
        "question": "Passage: Deep Blue Sea 2 -- Deep Blue Sea 2 also released the same week on VOD. It debuted at #10 on the Microsoft Store VOD chart for the week ended 04-23-18 just behind theatrical release Insidious: The Last Key and maintained its position at #10 the following week (for the week ended 04-30-18) just behind theatrical release, Matt Damon starrer Downsizing. The Deep Blue Sea 2 VOD debut ranking was approximately on-par with the VOD debut of theatrical release Winchester the following week. Deep Blue Sea 2 was the only non-theatrical release to appear in the top 10 of any VOD chart for the months of April and May 2018.\nQuestion: did deep blue sea 2 come out in theaters\nAnswer:",
        "response": " Deep"
      },
      {
        "question": "Passage: Dwight Howard -- Dwight David Howard (born December 8, 1985) is an American professional basketball player for the Washington Wizards of the National Basketball Association (NBA). Howard, who plays center, spent his high school career at Southwest Atlanta Christian Academy. He chose to forgo college and entered the 2004 NBA draft, and was selected first overall by the Orlando Magic. An eight-time All-Star, eight-time All-NBA Team honoree, five-time All-Defensive member, and three-time Defensive Player of the Year, Howard has been ranked consistently as one of the best in the league in rebounds, blocks, and field goal percentage, and has set numerous franchise and league records. In 2009, he led the Magic to the NBA Finals. In 2012, after eight seasons with the Magic, Howard was traded to the Los Angeles Lakers. After one season with the Lakers, he joined the Houston Rockets. He spent three seasons with the Rockets, before joining the Atlanta Hawks in 2016, and being traded to the Hornets in 2017. In July 2018, he was traded once again, this time to the Brooklyn Nets.\nQuestion: did dwight howard play for the houston rockets\nAnswer:",
        "response": " dw"
      }
    ]
  }
}