{
  "metadata": {
    "timestamp": "20241216_123132",
    "model_name": "meta-llama/Meta-Llama-3-8B",
    "num_pruned_layers": 28,
    "has_adapter": true,
    "task": "boolq"
  },
  "metrics": {
    "response_quality": {
      "total_responses": 3270,
      "valid_responses": 2247,
      "invalid_responses": 1023,
      "invalid_percentage": 31.28440366972477
    },
    "metrics": {
      "accuracy": 0.6186025812194037,
      "evaluate_accuracy": {
        "accuracy": 0.42507645259938837
      },
      "precision": 0.6221425369789332,
      "recall": 0.9900142653352354,
      "f1": 0.7641067987888798,
      "total_evaluated": 2247,
      "confusion_matrix": {
        "true_positives": 1388,
        "true_negatives": 2,
        "false_positives": 843,
        "false_negatives": 14
      },
      "perplexities": [
        264.5,
        237.125,
        278.25,
        258.5,
        285.0,
        259.5,
        246.625,
        249.5,
        260.5,
        286.0,
        299.75,
        255.375,
        248.5,
        277.25,
        270.75,
        262.5,
        282.75,
        285.0,
        277.25,
        314.25,
        313.0,
        235.375,
        220.25,
        267.75,
        278.25,
        210.125,
        296.25,
        254.5,
        246.625,
        313.0,
        278.25,
        254.5,
        265.5,
        274.0,
        307.0,
        260.5,
        224.5,
        277.25,
        313.0,
        272.0,
        262.5,
        230.75,
        283.75,
        259.5,
        281.75,
        229.875,
        261.5,
        288.25,
        244.75,
        253.5,
        282.75,
        276.25,
        258.5,
        235.375,
        272.0,
        283.75,
        279.5,
        308.0,
        261.5,
        316.75,
        292.75,
        249.5,
        266.75,
        303.25,
        307.0,
        252.5,
        251.5,
        264.5,
        287.25,
        246.625,
        308.0,
        343.75,
        309.25,
        241.875,
        268.75,
        299.75,
        264.5,
        266.75,
        310.5,
        261.5,
        309.25,
        321.75,
        309.25,
        288.25,
        250.5,
        275.0,
        288.25,
        338.5,
        301.0,
        283.75,
        278.25,
        251.5,
        346.5,
        338.5,
        263.5,
        231.625,
        214.25,
        279.5,
        297.5,
        321.75,
        198.875,
        313.0,
        289.5,
        273.0,
        290.5,
        282.75,
        260.5,
        294.0,
        301.0,
        246.625,
        211.0,
        290.5,
        248.5,
        233.5,
        294.0,
        341.0,
        319.25,
        316.75,
        257.5,
        264.5,
        249.5,
        288.25,
        303.25,
        296.25,
        249.5,
        229.875,
        295.25,
        226.25,
        295.25,
        319.25,
        297.5,
        251.5,
        289.5,
        292.75,
        274.0,
        264.5,
        216.0,
        286.0,
        260.5,
        261.5,
        290.5,
        287.25,
        247.625,
        217.625,
        308.0,
        324.25,
        241.875,
        320.5,
        325.5,
        321.75,
        242.75,
        297.5,
        231.625,
        290.5,
        290.5,
        281.75,
        250.5,
        219.375,
        274.0,
        302.25,
        298.75,
        196.625,
        209.25,
        318.0,
        326.75,
        345.0,
        321.75,
        244.75,
        273.0,
        255.375,
        252.5,
        246.625,
        235.375,
        259.5,
        311.75,
        246.625,
        260.5,
        255.375,
        324.25,
        244.75,
        342.5,
        262.5,
        221.0,
        217.625,
        294.0,
        225.375,
        269.75,
        241.875,
        277.25,
        244.75,
        358.75,
        280.5,
        281.75,
        274.0,
        250.5,
        277.25,
        338.5,
        214.25,
        283.75,
        298.75,
        254.5,
        267.75,
        262.5,
        238.125,
        275.0
      ],
      "mean_perplexity": 274.3067073170732
    },
    "invalid_examples": [
      {
        "question": "Passage: Ethanol fuel -- All biomass goes through at least some of these steps: it needs to be grown, collected, dried, fermented, distilled, and burned. All of these steps require resources and an infrastructure. The total amount of energy input into the process compared to the energy released by burning the resulting ethanol fuel is known as the energy balance (or ``energy returned on energy invested''). Figures compiled in a 2007 report by National Geographic Magazine point to modest results for corn ethanol produced in the US: one unit of fossil-fuel energy is required to create 1.3 energy units from the resulting ethanol. The energy balance for sugarcane ethanol produced in Brazil is more favorable, with one unit of fossil-fuel energy required to create 8 from the ethanol. Energy balance estimates are not easily produced, thus numerous such reports have been generated that are contradictory. For instance, a separate survey reports that production of ethanol from sugarcane, which requires a tropical climate to grow productively, returns from 8 to 9 units of energy for each unit expended, as compared to corn, which only returns about 1.34 units of fuel energy for each unit of energy expended. A 2006 University of California Berkeley study, after analyzing six separate studies, concluded that producing ethanol from corn uses much less petroleum than producing gasoline.\nQuestion: does ethanol take more energy make that produces\nAnswer:",
        "response": " "
      },
      {
        "question": "Passage: Harry Potter and the Escape from Gringotts -- Harry Potter and the Escape from Gringotts is an indoor steel roller coaster at Universal Studios Florida, a theme park located within the Universal Orlando Resort. Similar to dark rides, the roller coaster utilizes special effects in a controlled-lighting environment and also employs motion-based 3-D projection of both animation and live-action sequences to enhance the experience. The ride, which is themed to the Gringotts Wizarding Bank, became the flagship attraction for the expanded Wizarding World of Harry Potter when it opened on July 8, 2014.\nQuestion: is harry potter and the escape from gringotts a roller coaster ride\nAnswer:",
        "response": " "
      },
      {
        "question": "Passage: Barq's -- Barq's /\u02c8b\u0251\u02d0rks/ is an American soft drink. Its brand of root beer is notable for having caffeine. Barq's, created by Edward Barq and bottled since the turn of the 20th century, is owned by the Barq family but bottled by the Coca-Cola Company. It was known as Barq's Famous Olde Tyme Root Beer until 2012.\nQuestion: is barq's root beer a pepsi product\nAnswer:",
        "response": " "
      },
      {
        "question": "Passage: Parity (mathematics) -- In mathematics, parity is the property of an integer's inclusion in one of two categories: even or odd. An integer is even if it is evenly divisible by two and odd if it is not even. For example, 6 is even because there is no remainder when dividing it by 2. By contrast, 3, 5, 7, 21 leave a remainder of 1 when divided by 2. Examples of even numbers include \u22124, 0, 82 and 178. In particular, zero is an even number. Some examples of odd numbers are \u22125, 3, 29, and 73.\nQuestion: can an odd number be divided by an even number\nAnswer:",