{
  "metadata": {
    "timestamp": "20241216_104249",
    "model_name": "meta-llama/Llama-3.2-3B",
    "num_pruned_layers": 19,
    "has_adapter": true,
    "task": "boolq"
  },
  "metrics": {
    "response_quality": {
      "total_responses": 3270,
      "valid_responses": 2142,
      "invalid_responses": 1128,
      "invalid_percentage": 34.4954128440367
    },
    "metrics": {
      "accuracy": 0.5952380952380952,
      "evaluate_accuracy": {
        "accuracy": 0.38990825688073394
      },
      "precision": 0.5977496483825597,
      "recall": 0.9929906542056075,
      "f1": 0.746268656716418,
      "total_evaluated": 2142,
      "confusion_matrix": {
        "true_positives": 1275,
        "true_negatives": 0,
        "false_positives": 858,
        "false_negatives": 9
      },
      "perplexities": [
        75.1875,
        69.8125,
        74.3125,
        69.0,
        73.5,
        66.875,
        68.75,
        72.3125,
        68.75,
        84.5625,
        78.5,
        70.625,
        70.9375,
        76.125,
        70.625,
        74.9375,
        75.1875,
        80.6875,
        79.4375,
        80.375,
        84.875,
        64.0625,
        62.84375,
        74.625,
        81.9375,
        61.875,
        78.8125,
        73.75,
        73.75,
        87.25,
        77.875,
        65.625,
        73.5,
        80.375,
        79.75,
        69.3125,
        68.5,
        84.875,
        76.375,
        63.09375,
        61.15625,
        70.125,
        82.9375,
        63.09375,
        75.5,
        73.5,
        78.5,
        77.625,
        73.5,
        70.375,
        75.5,
        76.375,
        69.3125,
        76.125,
        76.125,
        83.25,
        81.3125,
        84.875,
        67.9375,
        80.375,
        84.25,
        65.375,
        73.75,
        86.25,
        86.5625,
        71.75,
        74.0625,
        74.625,
        71.1875,
        71.5,
        83.25,
        86.5625,
        88.625,
        71.75,
        72.625,
        83.875,
        73.1875,
        71.5,
        77.3125,
        79.75,
        72.0625,
        82.3125,
        65.625,
        75.8125,
        71.1875,
        65.0625,
        82.625,
        95.4375,
        84.875,
        82.625,
        77.3125,
        74.0625,
        84.5625,
        91.0625,
        74.9375,
        70.9375,
        59.03125,
        69.5625,
        86.5625,
        81.625,
        56.5625,
        85.875,
        79.125,
        77.625,
        73.5,
        70.9375,
        68.75,
        79.125,
        78.5,
        70.9375,
        60.65625,
        77.0,
        68.5,
        64.5625,
        86.5625,
        103.625,
        84.875,
        79.75,
        73.5,
        72.3125,
        68.1875,
        69.8125,
        82.3125,
        74.625,
        68.1875,
        66.875,
        83.25,
        69.5625,
        82.625,
        87.25,
        81.625,
        71.1875,
        78.5,
        78.8125,
        77.3125,
        71.5,
        66.125,
        74.9375,
        73.1875,
        73.5,
        81.0,
        74.3125,
        75.8125,
        65.0625,
        78.1875,
        80.0625,
        71.1875,
        84.5625,
        81.3125,
        83.5625,
        71.1875,
        84.25,
        72.875,
        84.875,
        87.5625,
        75.5,
        72.0625,
        63.09375,
        69.5625,
        82.3125,
        78.5,
        58.125,
        62.34375,
        85.875,
        88.25,
        83.5625,
        95.4375,
        72.0625,
        72.0625,
        75.5,
        71.75,
        69.5625,
        69.3125,
        75.5,
        88.625,
        79.75,
        72.3125,
        71.1875,
        85.875,
        66.125,
        85.875,
        80.6875,
        63.34375,
        65.875,
        89.3125,
        73.5,
        84.25,
        65.625,
        70.9375,
        72.3125,
        82.625,
        75.8125,
        79.4375,
        75.8125,
        72.3125,
        67.6875,
        84.5625,
        45.34375,
        78.1875,
        80.375,
        73.75,
        85.25,
        70.9375,
        64.3125,
        75.5
      ],
      "mean_perplexity": 75.56798780487804
    },
    "invalid_examples": [
      {
        "question": "Passage: Parity (mathematics) -- In mathematics, parity is the property of an integer's inclusion in one of two categories: even or odd. An integer is even if it is evenly divisible by two and odd if it is not even. For example, 6 is even because there is no remainder when dividing it by 2. By contrast, 3, 5, 7, 21 leave a remainder of 1 when divided by 2. Examples of even numbers include \u22124, 0, 82 and 178. In particular, zero is an even number. Some examples of odd numbers are \u22125, 3, 29, and 73.\nQuestion: can an odd number be divided by an even number\nAnswer:",
        "response": " can"
      },
      {
        "question": "Passage: American entry into Canada by land -- Persons driving into Canada must have their vehicle's registration document and proof of insurance.\nQuestion: can u drive in canada with us license\nAnswer:",
        "response": " can"
      },
      {
        "question": "Passage: Alcohol laws of New York -- In response to the National Minimum Drinking Age Act in 1984, which reduced by up to 10% the federal highway funding of any state which did not have a minimum purchasing age of 21, the New York Legislature raised the drinking age from 19 to 21, effective December 1, 1985. (The drinking age had been 18 for many years before the first raise on December 4th, 1982, to 19.) Persons under 21 are prohibited from purchasing alcohol or possessing alcohol with the intent to consume, unless the alcohol was given to that person by their parent or legal guardian. There is no law prohibiting where people under 21 may possess or consume alcohol that was given to them by their parents. Persons under 21 are prohibited from having a blood alcohol level of 0.02% or higher while driving.\nQuestion: can minors drink with parents in new york\nAnswer:",
        "response": " can"
      },
      {
        "question": "Passage: The Vampire Diaries (season 8) -- The Vampire Diaries, an American supernatural drama, was renewed for an eighth season by The CW on March 11, 2016. On July 23, 2016, the CW announced that the upcoming season would be the series' last and would consist of 16 episodes. The season premiered on October 21, 2016 and concluded on March 10, 2017.\nQuestion: will there be a season 8 of vampire diaries\nAnswer:",
        "response": " will"
      },
      {
        "question": "Passage: The Strangers (2008 film) -- The Strangers is a 2008 American slasher film written and directed by Bryan Bertino. Kristen (Liv Tyler) and James (Scott Speedman) are expecting a relaxing weekend at a family vacation home, but their stay turns out to be anything but peaceful as three masked torturers leave Kristen and James struggling for survival. Writer-director Bertino was inspired by real-life events: the Manson family Tate murders, a multiple homicide; the Keddie Cabin Murders, that occurred in California in 1981; and a series of break-ins that occurred in his own neighborhood as a child. Made on a budget of $9 million, the film was shot on location in rural South Carolina in the fall of 2006.\nQuestion: was the movie strangers based on a true story\nAnswer:",
        "response": " was"
      },
      {
        "question": "Passage: Russell Group -- In March 2012 it was announced that four universities -- Durham, Exeter, Queen Mary University of London; and York -- would become members of the Russell Group in August of the same year. All of the new members had previously been members of the 1994 Group of British universities.\nQuestion: is durham university part of the russell group\nAnswer:",