{
  "metadata": {
    "timestamp": "20241216_110210",
    "model_name": "meta-llama/Llama-3.2-1B",
    "num_pruned_layers": 5,
    "has_adapter": false,
    "task": "boolq"
  },
  "metrics": {
    "response_quality": {
      "total_responses": 3270,
      "valid_responses": 2326,
      "invalid_responses": 944,
      "invalid_percentage": 28.868501529051986
    },
    "metrics": {
      "accuracy": 0.6070507308684436,
      "evaluate_accuracy": {
        "accuracy": 0.43180428134556575
      },
      "precision": 0.6100656455142232,
      "recall": 0.9837685250529288,
      "f1": 0.7531064289573204,
      "total_evaluated": 2326,
      "confusion_matrix": {
        "true_positives": 1394,
        "true_negatives": 18,
        "false_positives": 891,
        "false_negatives": 23
      },
      "perplexities": [
        514.0,
        549.5,
        625.0,
        494.25,
        560.0,
        528.0,
        627.5,
        516.0,
        492.25,
        971.5,
        733.5,
        506.0,
        622.5,
        520.0,
        634.5,
        605.5,
        702.5,
        713.5,
        564.5,
        891.5,
        771.5,
        424.5,
        504.0,
        566.5,
        821.5,
        429.5,
        828.0,
        446.5,
        514.0,
        713.5,
        705.5,
        545.0,
        555.5,
        589.5,
        768.5,
        601.0,
        444.75,
        665.0,
        578.0,
        634.5,
        516.0,
        514.0,
        1038.0,
        575.5,
        837.5,
        530.5,
        512.0,
        632.0,
        553.5,
        877.5,
        518.0,
        634.5,
        564.5,
        536.5,
        541.0,
        780.5,
        589.5,
        783.5,
        502.0,
        675.5,
        711.0,
        560.0,
        573.5,
        536.5,
        888.0,
        566.5,
        622.5,
        469.75,
        547.0,
        617.5,
        647.0,
        657.5,
        655.0,
        436.25,
        566.5,
        834.5,
        488.5,
        632.0,
        571.0,
        681.0,
        530.5,
        625.0,
        528.0,
        629.5,
        510.0,
        528.0,
        697.0,
        1633.0,
        617.5,
        787.0,
        632.0,
        587.0,
        841.0,
        1257.0,
        753.5,
        455.25,
        541.0,
        622.5,
        768.5,
        857.5,
        411.5,
        975.5,
        464.25,
        562.5,
        697.0,
        534.5,
        945.5,
        888.0,
        912.5,
        532.5,
        514.0,
        774.5,
        506.0,
        551.5,
        670.5,
        1219.0,
        765.5,
        564.5,
        580.0,
        697.0,
        573.5,
        812.0,
        683.5,
        713.5,
        512.0,
        584.5,
        660.0,
        498.25,
        920.0,
        736.0,
        627.5,
        484.75,
        605.5,
        808.5,
        601.0,
        1034.0,
        538.5,
        753.5,
        490.5,
        733.5,
        520.0,
        549.5,
        571.0,
        538.5,
        534.5,
        756.5,
        512.0,
        753.5,
        905.5,
        615.0,
        448.25,
        796.0,
        547.0,
        748.0,
        601.0,
        647.0,
        558.0,
        573.5,
        691.5,
        622.5,
        629.5,
        427.75,
        508.0,
        902.0,
        675.5,
        662.5,
        558.0,
        468.0,
        532.5,
        608.0,
        575.5,
        573.5,
        589.5,
        562.5,
        739.0,
        605.5,
        573.5,
        575.5,
        828.0,
        475.25,
        867.5,
        736.0,
        587.0,
        459.0,
        821.5,
        620.0,
        655.0,
        464.25,
        575.5,
        613.0,
        673.0,
        722.0,
        673.0,
        1163.0,
        475.25,
        629.5,
        847.5,
        411.5,
        881.0,
        678.5,
        603.5,
        541.0,
        603.5,
        591.5,
        453.5
      ],
      "mean_perplexity": 643.3853658536585
    },
    "invalid_examples": [
      {
        "question": "Passage: Parity (mathematics) -- In mathematics, parity is the property of an integer's inclusion in one of two categories: even or odd. An integer is even if it is evenly divisible by two and odd if it is not even. For example, 6 is even because there is no remainder when dividing it by 2. By contrast, 3, 5, 7, 21 leave a remainder of 1 when divided by 2. Examples of even numbers include \u22124, 0, 82 and 178. In particular, zero is an even number. Some examples of odd numbers are \u22125, 3, 29, and 73.\nQuestion: can an odd number be divided by an even number\nAnswer:",
        "response": " a"
      },
      {
        "question": "Passage: List of English words containing Q not followed by U -- Of the 71 words in this list, 67 are nouns, and most would generally be considered loanwords; the only modern-English words that contain Q not followed by U and are not borrowed from another language are qiana, qwerty, and tranq. However, all of the loanwords on this list are considered to be naturalised in English according to at least one major dictionary (see References), often because they refer to concepts or societal roles that do not have an accurate equivalent in English. For words to appear here, they must appear in their own entry in a dictionary; words which occur only as part of a longer phrase are not included.\nQuestion: is there a word with q without u\nAnswer:",
        "response": " P"
      },
      {
        "question": "Passage: American entry into Canada by land -- Persons driving into Canada must have their vehicle's registration document and proof of insurance.\nQuestion: can u drive in canada with us license\nAnswer:",
        "response": " "
      },
      {
        "question": "Passage: Excretory system -- The liver detoxifies and breaks down chemicals, poisons and other toxins that enter the body. For example, the liver transforms ammonia (which is poisonous) into urea in fish, amphibians and mammals, and into uric acid in birds and reptiles. Urea is filtered by the kidney into urine or through the gills in fish and tadpoles. Uric acid is paste-like and expelled as a semi-solid waste (the ``white'' in bird excrements). The liver also produces bile, and the body uses bile to break down fats into usable fats and unusable waste.\nQuestion: is the liver part of the excretory system\nAnswer:",
        "response": " "
      },
      {
        "question": "Passage: Russell Group -- In March 2012 it was announced that four universities -- Durham, Exeter, Queen Mary University of London; and York -- would become members of the Russell Group in August of the same year. All of the new members had previously been members of the 1994 Group of British universities.\nQuestion: is durham university part of the russell group\nAnswer:",
        "response": " Russell"
      },
      {
        "question": "Passage: The Resident (TV series) -- The Resident is an American medical drama television series aired by Fox Broadcasting Company that premiered on January 21, 2018, as a mid-season replacement entry in the 2017--18 television season. The fictional series focuses on the lives and duties of staff members at Chastain Park Memorial Hospital, while delving into the bureaucratic practices of the hospital industry. Formerly called The City, the show was purchased by Fox from Showtime in 2017. It was created by created by Amy Holden Jones, Hayley Schore, and Roshan Sethi. On May 10, 2017, Fox ordered a full 14-episode season and renewed the series for a second season on May 7, 2018. The first season officially concluded on May 14, 2018.\nQuestion: is the tv show the resident over for the season\nAnswer:",