{
  "metadata": {
    "timestamp": "20241216_103803",
    "model_name": "meta-llama/Llama-3.2-3B",
    "num_pruned_layers": 13,
    "has_adapter": true,
    "task": "boolq"
  },
  "metrics": {
    "response_quality": {
      "total_responses": 3270,
      "valid_responses": 2888,
      "invalid_responses": 382,
      "invalid_percentage": 11.681957186544341
    },
    "metrics": {
      "accuracy": 0.618421052631579,
      "evaluate_accuracy": {
        "accuracy": 0.5461773700305811
      },
      "precision": 0.6209902370990237,
      "recall": 0.9916481069042317,
      "f1": 0.7637221269296741,
      "total_evaluated": 2888,
      "confusion_matrix": {
        "true_positives": 1781,
        "true_negatives": 5,
        "false_positives": 1087,
        "false_negatives": 15
      },
      "perplexities": [
        39.25,
        36.5,
        38.03125,
        38.34375,
        37.8125,
        33.90625,
        36.15625,
        36.8125,
        37.09375,
        43.4375,
        39.1875,
        36.5,
        38.25,
        40.25,
        35.46875,
        37.4375,
        38.125,
        42.53125,
        41.28125,
        39.46875,
        42.6875,
        33.0625,
        33.4375,
        38.9375,
        41.375,
        31.59375,
        40.25,
        37.21875,
        37.15625,
        44.65625,
        39.625,
        33.0625,
        36.3125,
        39.09375,
        40.09375,
        33.6875,
        36.09375,
        44.21875,
        38.25,
        32.78125,
        32.09375,
        36.21875,
        42.59375,
        32.53125,
        38.5,
        35.03125,
        38.9375,
        40.03125,
        36.9375,
        35.59375,
        38.625,
        38.25,
        36.09375,
        38.125,
        39.9375,
        43.09375,
        41.125,
        43.09375,
        34.71875,
        39.71875,
        41.46875,
        34.71875,
        35.65625,
        44.125,
        44.46875,
        37.21875,
        36.59375,
        38.25,
        37.8125,
        34.96875,
        40.34375,
        42.59375,
        44.65625,
        37.75,
        37.53125,
        42.09375,
        37.375,
        37.15625,
        39.1875,
        40.90625,
        38.40625,
        42.09375,
        32.15625,
        39.25,
        36.5,
        33.84375,
        43.09375,
        49.90625,
        43.6875,
        43.28125,
        40.03125,
        38.625,
        43.1875,
        45.4375,
        37.90625,
        37.8125,
        30.15625,
        35.375,
        43.96875,
        40.71875,
        29.859375,
        42.34375,
        40.1875,
        40.25,
        36.8125,
        36.375,
        35.9375,
        41.21875,
        39.03125,
        36.09375,
        31.46875,
        39.78125,
        35.53125,
        32.84375,
        42.34375,
        52.59375,
        42.53125,
        40.03125,
        37.4375,
        37.15625,
        36.15625,
        35.3125,
        42.6875,
        38.625,
        36.15625,
        35.59375,
        43.53125,
        36.4375,
        40.96875,
        46.0625,
        41.21875,
        36.59375,
        41.46875,
        39.46875,
        41.21875,
        35.59375,
        33.90625,
        39.1875,
        37.59375,
        37.53125,
        41.53125,
        38.125,
        39.5625,
        33.6875,
        40.40625,
        41.125,
        35.53125,
        43.1875,
        41.9375,
        41.875,
        36.875,
        42.1875,
        36.71875,
        43.375,
        43.78125,
        36.375,
        37.8125,
        32.84375,
        34.96875,
        42.53125,
        39.40625,
        30.6875,
        33.125,
        42.09375,
        44.5625,
        39.25,
        47.90625,
        38.9375,
        36.65625,
        38.1875,
        37.59375,
        36.21875,
        36.59375,
        37.75,
        44.3125,
        40.71875,
        36.875,
        36.09375,
        42.09375,
        34.09375,
        44.21875,
        42.84375,
        33.125,
        33.96875,
        43.6875,
        38.40625,
        42.78125,
        35.03125,
        36.4375,
        37.65625,
        39.625,
        38.25,
        41.21875,
        38.03125,
        36.4375,
        34.4375,
        45.1875,
        24.46875,
        40.71875,
        41.125,
        36.8125,
        44.3125,
        35.8125,
        33.25,
        41.0625
      ],
      "mean_perplexity": 38.64702743902439
    },
    "invalid_examples": [
      {
        "question": "Passage: New Balance -- New Balance maintains a manufacturing presence in the United States, as well as in the United Kingdom for the European market, where they produce some of their most popular models such as the 990 model--in contrast to its competitors, which often manufacture exclusively outside the USA and Europe. As a result, New Balance shoes tend to be more expensive than those of many other manufacturers. To offset this pricing difference, New Balance claims to differentiate their products with technical features, such as blended gel inserts, heel counters and a greater selection of sizes, particularly for very narrow and/or very wide widths. The company has made total profits of approximately $69 billion since 1992. They are the second most-renown American sporting company, after Nike.\nQuestion: are new balance and nike the same company\nAnswer:",
        "response": " New"
      },
      {
        "question": "Passage: Fox hunting -- Fox hunting with hounds, as a formalised activity, originated in England in the sixteenth century, in a form very similar to that practised until February 2005, when a law banning the activity in England and Wales came into force. A ban on hunting in Scotland had been passed in 2002, but it continues to be within the law in Northern Ireland and several other countries, including Australia, Canada, France, Ireland and the United States. In Australia, the term also refers to the hunting of foxes with firearms, similar to deer hunting. In much of the world, hunting in general is understood to relate to any game animals or weapons (e.g., deer hunting with bow and arrow); in Britain and Ireland, ``hunting'' without qualification implies fox hunting (or other forms of hunting with hounds--beagling, drag hunting, hunting the clean boot, mink hunting, or stag hunting), as described here.\nQuestion: do they still have fox hunts in england\nAnswer:",