{
  "metadata": {
    "timestamp": "20241216_115915",
    "model_name": "meta-llama/Meta-Llama-3-8B",
    "num_pruned_layers": 2,
    "has_adapter": true,
    "task": "boolq"
  },
  "metrics": {
    "response_quality": {
      "total_responses": 3270,
      "valid_responses": 3253,
      "invalid_responses": 17,
      "invalid_percentage": 0.5198776758409785
    },
    "metrics": {
      "accuracy": 0.697202582231786,
      "evaluate_accuracy": {
        "accuracy": 0.6935779816513762
      },
      "precision": 0.82356608478803,
      "recall": 0.6529906080079091,
      "f1": 0.7284256961676316,
      "total_evaluated": 3253,
      "confusion_matrix": {
        "true_positives": 1321,
        "true_negatives": 947,
        "false_positives": 283,
        "false_negatives": 702
      },
      "perplexities": [
        9.0546875,
        9.671875,
        8.6015625,
        9.3046875,
        9.375,
        8.390625,
        8.6875,
        8.859375,
        9.1953125,
        9.6953125,
        10.3984375,
        9.15625,
        10.4609375,
        9.234375,
        7.8359375,
        7.92578125,
        9.65625,
        11.2421875,
        10.9609375,
        9.1953125,
        7.578125,
        8.46875,
        8.1015625,
        7.59375,
        10.875,
        8.3203125,
        8.1796875,
        10.796875,
        9.6015625,
        10.75,
        9.234375,
        8.421875,
        8.375,
        8.8125,
        9.234375,
        8.421875,
        9.0390625,
        10.6640625,
        9.0,
        7.7734375,
        7.7421875,
        8.5859375,
        10.3203125,
        6.83984375,
        8.5859375,
        8.0546875,
        9.734375,
        9.3046875,
        9.9609375,
        8.2890625,
        8.46875,
        8.375,
        7.609375,
        10.3828125,
        8.484375,
        9.6015625,
        10.7265625,
        9.734375,
        9.34375,
        8.6015625,
        8.6015625,
        8.2578125,
        8.84375,
        10.421875,
        10.6875,
        8.1640625,
        8.1015625,
        8.0390625,
        9.1796875,
        7.40234375,
        9.46875,
        9.6015625,
        9.6953125,
        9.9453125,
        8.7421875,
        10.28125,
        8.875,
        9.359375,
        9.7734375,
        9.484375,
        8.625,
        8.828125,
        8.2578125,
        8.875,
        8.6875,
        7.609375,
        10.0390625,
        12.640625,
        9.359375,
        9.4296875,
        9.9453125,
        8.6875,
        9.7734375,
        8.0546875,
        8.3046875,
        9.5234375,
        8.625,
        8.2890625,
        9.8671875,
        9.0703125,
        7.3046875,
        8.9453125,
        10.0,
        10.0625,
        8.3203125,
        9.3984375,
        8.703125,
        9.109375,
        9.2890625,
        8.828125,
        6.90234375,
        9.5234375,
        7.65234375,
        8.2265625,
        9.4296875,
        8.8125,
        9.8046875,
        10.5859375,
        8.1953125,
        8.1171875,
        7.89453125,
        8.0390625,
        9.359375,
        8.390625,
        8.34375,
        8.421875,
        9.1953125,
        10.078125,
        10.5234375,
        11.2421875,
        9.671875,
        8.3046875,
        9.0859375,
        8.625,
        9.2890625,
        8.65625,
        8.484375,
        9.3984375,
        9.140625,
        7.03515625,
        10.75,
        9.3984375,
        10.078125,
        8.5703125,
        9.8671875,
        8.7734375,
        8.1796875,
        9.25,
        8.640625,
        10.984375,
        9.453125,
        9.8671875,
        9.6171875,
        9.8671875,
        10.3359375,
        7.2890625,
        9.7890625,
        8.1484375,
        7.609375,
        10.3828125,
        9.5625,
        7.7890625,
        7.8515625,
        8.5703125,
        10.75,
        8.671875,
        11.671875,
        9.640625,
        9.109375,
        9.921875,
        9.9453125,
        8.484375,
        8.8125,
        10.21875,
        10.3203125,
        10.3203125,
        7.97265625,
        9.578125,
        9.1953125,
        9.140625,
        10.875,
        10.5625,
        8.1640625,
        7.94140625,
        9.546875,
        10.1796875,
        10.0,
        8.359375,
        9.1796875,
        8.484375,
        9.46875,
        8.2265625,
        9.8046875,
        7.7421875,
        8.375,
        7.03125,
        9.1796875,
        7.0234375,
        8.625,
        9.6015625,
        8.625,
        10.5859375,
        8.625,
        8.46875,
        9.1953125
      ],
      "mean_perplexity": 9.097313262195122
    },
    "invalid_examples": [
      {
        "question": "Passage: Gambling in Australia -- Gamblers' winnings in Australia are not taxed . There are 3 main reasons for that:\nQuestion: do you pay tax on gambling winnings in australia\nAnswer:",
        "response": " Gambling"
      },
      {
        "question": "Passage: Ottoman Egypt -- The Egypt Eyalet (1517--1867) was established when the Egypt region came under the direct rule of the Ottoman Empire with their 1517 victory over the Mamluk Sultanate. The interruption of the Napoleon's French campaign in Egypt and Syria (1798--1801) allowed Muhammad Ali's seizure of power from Ottoman Hurshid Pasha, and the founding of the Muhammad Ali dynasty.\nQuestion: was egypt a part of the ottoman empire\nAnswer:",
        "response": " was"
      },
      {
        "question": "Passage: Allies of World War II -- At the start of the war on 1 September 1939, the Allies consisted of France, Poland and the United Kingdom, as well as their dependent states, such as British India. Within days they were joined by the independent Dominions of the British Commonwealth: Australia, Canada, New Zealand and South Africa. After the start of the German invasion of North Europe until the Balkan Campaign, the Netherlands, Belgium, Greece, and Yugoslavia joined the Allies. After first having cooperated with Germany in invading Poland whilst remaining neutral in the Allied-Axis conflict, the Soviet Union perforce joined the Allies in June 1941 after being invaded by Germany. The United States provided war materiel and money all along, and officially joined in December 1941 after the Japanese attack on Pearl Harbor. China had already been in a prolonged war with Japan since the Marco Polo Bridge Incident of 1937, but officially joined the Allies in 1941.\nQuestion: was the soviet union an ally in ww2\nAnswer:",
        "response": " was"
      },
      {
        "question": "Passage: George Edalji -- Julian Barnes's 2005 novel Arthur & George is based on the events, and was the basis for the March 2015 ITV three-part dramatisation of the case Arthur & George, starring Arsher Ali as Edalji.\nQuestion: was arthur and george based on a true story\nAnswer:",
        "response": " was"
      },
      {
        "question": "Passage: Second Amendment to the United States Constitution -- The Second Amendment (Amendment II) to the United States Constitution protects the right of the people to keep and bear arms and was adopted on December 15, 1791, as part of the first ten amendments contained in the Bill of Rights. The Supreme Court of the United States has ruled that the right belongs to individuals for self-defense, while also ruling that the right is not unlimited and does not prohibit all regulation of either firearms or similar devices. State and local governments are limited to the same extent as the federal government from infringing this right, per the incorporation of the Bill of Rights.\nQuestion: was the right to bear arms in the original constitution\nAnswer:",
        "response": " was"
      },
      {
        "question": "Passage: The Kissing Booth -- The filming took place in Los Angeles, California, and in Cape Town, South Africa between January and April 2017.\nQuestion: was the kissing booth filmed in cape town\nAnswer:",