{
  "metadata": {
    "timestamp": "20241216_102944",
    "model_name": "meta-llama/Llama-3.2-3B",
    "num_pruned_layers": 6,
    "has_adapter": true,
    "task": "boolq"
  },
  "metrics": {
    "response_quality": {
      "total_responses": 3270,
      "valid_responses": 3264,
      "invalid_responses": 6,
      "invalid_percentage": 0.1834862385321101
    },
    "metrics": {
      "accuracy": 0.7098651960784313,
      "evaluate_accuracy": {
        "accuracy": 0.7085626911314985
      },
      "precision": 0.7665024630541872,
      "recall": 0.7668802365697388,
      "f1": 0.7666913032766692,
      "total_evaluated": 3264,
      "confusion_matrix": {
        "true_positives": 1556,
        "true_negatives": 761,
        "false_positives": 474,
        "false_negatives": 473
      },
      "perplexities": [
        17.484375,
        16.484375,
        16.015625,
        17.078125,
        16.984375,
        15.1328125,
        16.625,
        15.4609375,
        16.265625,
        19.234375,
        18.21875,
        16.8125,
        18.25,
        17.25,
        15.28125,
        16.109375,
        17.34375,
        19.578125,
        18.65625,
        17.109375,
        17.015625,
        15.1640625,
        14.8984375,
        15.734375,
        19.46875,
        14.953125,
        17.25,
        18.109375,
        16.6875,
        19.5,
        18.359375,
        14.8671875,
        15.734375,
        17.375,
        17.1875,
        15.1015625,
        16.546875,
        19.015625,
        16.84375,
        14.8125,
        13.9140625,
        15.640625,
        19.5,
        14.2421875,
        17.34375,
        15.4609375,
        17.109375,
        18.109375,
        16.90625,
        15.609375,
        16.84375,
        16.71875,
        14.5546875,
        18.0,
        16.65625,
        18.828125,
        18.6875,
        18.546875,
        15.859375,
        17.65625,
        17.375,
        15.890625,
        16.484375,
        19.09375,
        19.65625,
        16.109375,
        16.421875,
        15.984375,
        17.015625,
        15.1015625,
        17.1875,
        18.796875,
        18.875,
        17.59375,
        16.296875,
        18.65625,
        16.359375,
        16.953125,
        17.28125,
        18.25,
        16.953125,
        17.3125,
        14.4921875,
        17.28125,
        15.4921875,
        14.6640625,
        19.015625,
        22.71875,
        18.578125,
        18.21875,
        17.453125,
        17.046875,
        18.71875,
        18.390625,
        16.109375,
        17.109375,
        14.328125,
        15.28125,
        19.171875,
        17.6875,
        13.3828125,
        18.25,
        17.90625,
        18.28125,
        16.078125,
        16.078125,
        16.171875,
        18.21875,
        16.75,
        16.421875,
        13.25,
        17.90625,
        15.5546875,
        14.640625,
        18.078125,
        21.046875,
        18.6875,
        17.546875,
        15.984375,
        16.140625,
        15.640625,
        15.703125,
        18.109375,
        16.359375,
        15.5234375,
        15.015625,
        17.765625,
        17.375,
        18.828125,
        20.96875,
        17.765625,
        15.4609375,
        18.609375,
        17.046875,
        17.59375,
        16.390625,
        15.796875,
        17.1875,
        16.484375,
        15.5234375,
        19.171875,
        17.21875,
        18.140625,
        15.1875,
        17.796875,
        17.765625,
        15.3984375,
        18.609375,
        17.421875,
        18.765625,
        16.515625,
        18.4375,
        17.078125,
        19.015625,
        19.171875,
        13.8046875,
        17.421875,
        15.046875,
        15.046875,
        19.5,
        17.515625,
        13.9921875,
        14.78125,
        17.421875,
        19.921875,
        16.65625,
        20.96875,
        18.0,
        16.171875,
        17.65625,
        17.421875,
        16.484375,
        15.640625,
        17.34375,
        20.171875,
        18.390625,
        15.4609375,
        16.6875,
        17.484375,
        15.21875,
        19.46875,
        19.78125,
        14.75,
        14.8671875,
        18.140625,
        18.21875,
        18.25,
        15.609375,
        16.390625,
        15.828125,
        17.90625,
        16.078125,
        18.5,
        15.3125,
        15.25,
        13.859375,
        17.96875,
        11.8515625,
        18.1875,
        18.609375,
        16.296875,
        19.578125,
        15.4921875,
        15.0703125,
        17.1875
      ],
      "mean_perplexity": 17.012080792682926
    },
    "invalid_examples": [
      {
        "question": "Passage: Angular frequency -- Angular frequency (or angular speed) is the magnitude of the vector quantity angular velocity. The term angular frequency vector \u03c9 \u2192 (\\displaystyle (\\vec (\\omega ))) is sometimes used as a synonym for the vector quantity angular velocity.\nQuestion: is angular frequency and angular velocity the same\nAnswer:",
        "response": " Angular"
      },
      {
        "question": "Passage: Stand by Me (film) -- Stand by Me is a 1986 American coming-of-age comedy-drama film directed by Rob Reiner and starring Wil Wheaton, River Phoenix, Corey Feldman, and Jerry O'Connell. The film, whose plot is based on Stephen King's novella The Body (1982) and title is derived from Ben E. King's eponymous song, which plays over the ending credits, tells the story of four boys in a small town in Maine who go on a hike to find the dead body of a missing child.\nQuestion: did river phoenix play in stand by me\nAnswer:",
        "response": " river"
      },
      {
        "question": "Passage: Blue Bell Creameries -- Blue Bell Creameries is an American food company that manufactures ice cream. It was founded in 1907 in Brenham, Texas. For much of its early history, the company manufactured both ice cream and butter locally. In the mid-20th century, it abandoned butter production and expanded to the entire state of Texas and soon much of the Southern United States. The company's corporate headquarters are located at the ``Little Creamery'' in Brenham, Texas. Since 1919, it has been in the hands of the Kruse family. Despite being sold in a limited number of states, as of 2015 Blue Bell is the fourth highest-selling ice cream brand in the United States as a whole.\nQuestion: is blue bell ice cream still in business\nAnswer:",
        "response": " Blue"
      },
      {
        "question": "Passage: Dwight Howard -- Dwight David Howard (born December 8, 1985) is an American professional basketball player for the Washington Wizards of the National Basketball Association (NBA). Howard, who plays center, spent his high school career at Southwest Atlanta Christian Academy. He chose to forgo college and entered the 2004 NBA draft, and was selected first overall by the Orlando Magic. An eight-time All-Star, eight-time All-NBA Team honoree, five-time All-Defensive member, and three-time Defensive Player of the Year, Howard has been ranked consistently as one of the best in the league in rebounds, blocks, and field goal percentage, and has set numerous franchise and league records. In 2009, he led the Magic to the NBA Finals. In 2012, after eight seasons with the Magic, Howard was traded to the Los Angeles Lakers. After one season with the Lakers, he joined the Houston Rockets. He spent three seasons with the Rockets, before joining the Atlanta Hawks in 2016, and being traded to the Hornets in 2017. In July 2018, he was traded once again, this time to the Brooklyn Nets.\nQuestion: did dwight howard play for the houston rockets\nAnswer:",