{
  "metadata": {
    "timestamp": "20241216_141640",
    "model_name": "meta-llama/Llama-3.2-3B",
    "num_pruned_layers": 3,
    "has_adapter": false,
    "task": "boolq"
  },
  "metrics": {
    "response_quality": {
      "total_responses": 3270,
      "valid_responses": 2860,
      "invalid_responses": 410,
      "invalid_percentage": 12.538226299694188
    },
    "metrics": {
      "accuracy": 0.5958041958041959,
      "evaluate_accuracy": {
        "accuracy": 0.5211009174311927
      },
      "precision": 0.6965732087227414,
      "recall": 0.6256295467263571,
      "f1": 0.6591981132075472,
      "total_evaluated": 2860,
      "confusion_matrix": {
        "true_positives": 1118,
        "true_negatives": 586,
        "false_positives": 487,
        "false_negatives": 669
      },
      "perplexities": [
        19.171875,
        18.90625,
        17.6875,
        19.390625,
        19.203125,
        18.359375,
        18.390625,
        17.625,
        18.109375,
        22.109375,
        20.609375,
        19.046875,
        21.34375,
        19.8125,
        17.765625,
        17.65625,
        19.546875,
        22.578125,
        20.84375,
        19.359375,
        18.25,
        17.109375,
        17.015625,
        17.546875,
        22.765625,
        16.625,
        19.5,
        20.125,
        19.421875,
        21.765625,
        21.546875,
        17.453125,
        18.328125,
        19.015625,
        18.71875,
        17.765625,
        19.5,
        22.109375,
        19.28125,
        16.359375,
        16.421875,
        17.59375,
        22.71875,
        15.890625,
        19.84375,
        17.484375,
        19.625,
        19.8125,
        18.984375,
        17.515625,
        18.46875,
        18.359375,
        16.328125,
        20.515625,
        19.171875,
        20.96875,
        20.28125,
        21.046875,
        18.390625,
        19.625,
        19.015625,
        17.6875,
        18.0,
        21.46875,
        23.078125,
        18.21875,
        18.0,
        17.546875,
        20.0,
        16.78125,
        19.625,
        21.25,
        21.421875,
        19.390625,
        18.546875,
        22.140625,
        18.078125,
        18.140625,
        19.578125,
        20.515625,
        18.71875,
        20.359375,
        16.546875,
        19.5,
        17.453125,
        16.6875,
        21.375,
        26.09375,
        20.484375,
        21.5,
        19.65625,
        19.578125,
        20.796875,
        20.890625,
        18.6875,
        19.625,
        15.1015625,
        16.90625,
        21.125,
        19.46875,
        15.1328125,
        21.84375,
        19.359375,
        21.21875,
        18.546875,
        19.09375,
        18.609375,
        19.46875,
        18.796875,
        18.828125,
        15.734375,
        20.0,
        18.078125,
        17.421875,
        20.40625,
        21.9375,
        21.46875,
        20.96875,
        17.71875,
        19.625,
        18.0,
        17.828125,
        21.015625,
        17.859375,
        17.9375,
        17.796875,
        19.65625,
        20.125,
        21.46875,
        24.046875,
        19.84375,
        17.28125,
        19.890625,
        19.8125,
        18.609375,
        19.09375,
        18.71875,
        19.28125,
        18.5,
        16.75,
        20.921875,
        19.46875,
        19.625,
        17.078125,
        19.96875,
        20.328125,
        17.71875,
        20.6875,
        20.125,
        22.453125,
        18.046875,
        20.484375,
        18.828125,
        21.59375,
        21.640625,
        15.953125,
        19.734375,
        17.015625,
        17.484375,
        22.28125,
        20.0,
        15.828125,
        15.859375,
        19.625,
        23.125,
        20.046875,
        24.375,
        19.578125,
        18.078125,
        20.25,
        19.78125,
        18.1875,
        17.421875,
        19.703125,
        23.03125,
        20.84375,
        17.59375,
        18.46875,
        20.71875,
        17.546875,
        22.796875,
        22.453125,
        17.546875,
        16.953125,
        20.6875,
        20.796875,
        21.296875,
        17.34375,
        19.046875,
        17.6875,
        20.796875,
        17.9375,
        20.046875,
        17.65625,
        17.375,
        16.296875,
        19.703125,
        13.4296875,
        19.46875,
        21.015625,
        18.796875,
        21.546875,
        17.515625,
        16.84375,
        19.125
      ],
      "mean_perplexity": 19.264596036585367
    },
    "invalid_examples": [
      {
        "question": "Passage: Spark plug -- A spark plug (sometimes, in British English, a sparking plug, and, colloquially, a plug) is a device for delivering electric current from an ignition system to the combustion chamber of a spark-ignition engine to ignite the compressed fuel/air mixture by an electric spark, while containing combustion pressure within the engine. A spark plug has a metal threaded shell, electrically isolated from a central electrode by a porcelain insulator. The central electrode, which may contain a resistor, is connected by a heavily insulated wire to the output terminal of an ignition coil or magneto. The spark plug's metal shell is screwed into the engine's cylinder head and thus electrically grounded. The central electrode protrudes through the porcelain insulator into the combustion chamber, forming one or more spark gaps between the inner end of the central electrode and usually one or more protuberances or structures attached to the inner end of the threaded shell and designated the side, earth, or ground electrode(s).\nQuestion: does a spark plug keep an engine running\nAnswer:",
        "response": " ("
      },
      {
        "question": "Passage: Cloak -- Ladies may wear a long (over the shoulders or to ankles) cloak usually called a cape, or a full-length cloak. Gentlemen wear an ankle-length or full-length cloak. Formal cloaks often have expensive, colored linings and trimmings such as silk, satin, velvet and fur.\nQuestion: is a cape and a cloak the same\nAnswer:",
        "response": " A"
      },
      {
        "question": "Passage: Feather -- Contour feathers are not uniformly distributed on the skin of the bird except in some groups such as the penguins, ratites and screamers. In most birds the feathers grow from specific tracts of skin called pterylae; between the pterylae there are regions which are free of feathers called apterylae (or apteria). Filoplumes and down may arise from the apterylae. The arrangement of these feather tracts, pterylosis or pterylography, varies across bird families and has been used in the past as a means for determining the evolutionary relationships of bird families.\nQuestion: do penguins have feathers arising from the epidermis\nAnswer:",
        "response": " ("
      },
      {
        "question": "Passage: Crankshaft position sensor -- The crank sensor can be used in combination with a similar camshaft position sensor to monitor the relationship between the pistons and valves in the engine, which is particularly important in engines with variable valve timing. This method is also used to ``synchronise'' a four stroke engine upon starting, allowing the management system to know when to inject the fuel. It is also commonly used as the primary source for the measurement of engine speed in revolutions per minute.\nQuestion: is an engine speed sensor the same as a crankshaft sensor\nAnswer:",