{
  "metadata": {
    "timestamp": "20241216_141827",
    "model_name": "meta-llama/Llama-3.2-3B",
    "num_pruned_layers": 4,
    "has_adapter": true,
    "task": "boolq"
  },
  "metrics": {
    "response_quality": {
      "total_responses": 3270,
      "valid_responses": 3258,
      "invalid_responses": 12,
      "invalid_percentage": 0.3669724770642202
    },
    "metrics": {
      "accuracy": 0.4229588704726826,
      "evaluate_accuracy": {
        "accuracy": 0.42140672782874616
      },
      "precision": 0.9294117647058824,
      "recall": 0.07798617966436328,
      "f1": 0.14389799635701275,
      "total_evaluated": 3258,
      "confusion_matrix": {
        "true_positives": 158,
        "true_negatives": 1220,
        "false_positives": 12,
        "false_negatives": 1868
      },
      "perplexities": [
        14.296875,
        13.7265625,
        13.015625,
        14.0234375,
        13.75,
        12.4453125,
        13.6171875,
        12.96875,
        13.671875,
        15.765625,
        14.8984375,
        13.8046875,
        15.5546875,
        14.1328125,
        12.2265625,
        12.59375,
        14.2421875,
        16.234375,
        15.828125,
        13.640625,
        13.25,
        12.640625,
        12.203125,
        12.46875,
        16.140625,
        12.203125,
        13.5625,
        15.25,
        13.9921875,
        15.984375,
        15.1640625,
        12.2265625,
        12.890625,
        13.9375,
        13.78125,
        12.640625,
        13.6953125,
        15.640625,
        13.75,
        12.015625,
        11.578125,
        12.8671875,
        15.765625,
        11.203125,
        14.0234375,
        12.3984375,
        14.328125,
        14.5546875,
        13.859375,
        12.7890625,
        13.78125,
        13.328125,
        11.828125,
        14.8984375,
        13.2265625,
        15.0703125,
        15.4609375,
        15.4296875,
        13.2734375,
        13.828125,
        13.5625,
        12.84375,
        13.1484375,
        15.796875,
        15.953125,
        12.8203125,
        13.2265625,
        12.59375,
        13.9140625,
        12.15625,
        14.21875,
        14.8984375,
        15.25,
        14.78125,
        13.5625,
        14.984375,
        13.2265625,
        13.59375,
        14.2421875,
        14.8125,
        13.7265625,
        13.78125,
        11.7421875,
        13.78125,
        12.890625,
        11.9453125,
        15.28125,
        18.46875,
        15.015625,
        14.8984375,
        14.4375,
        13.7265625,
        14.75,
        13.9140625,
        12.9921875,
        14.1015625,
        11.8515625,
        12.2578125,
        15.609375,
        14.1015625,
        10.984375,
        14.8125,
        14.296875,
        15.046875,
        13.0703125,
        13.8046875,
        13.25,
        14.328125,
        13.6171875,
        13.59375,
        10.796875,
        14.1328125,
        12.84375,
        11.9921875,
        14.8125,
        16.484375,
        14.9296875,
        14.75,
        13.171875,
        13.4296875,
        12.546875,
        12.546875,
        14.6953125,
        13.09375,
        12.7890625,
        12.375,
        14.1875,
        14.2734375,
        15.5234375,
        16.78125,
        14.46875,
        12.5703125,
        14.640625,
        13.6953125,
        14.1015625,
        13.2734375,
        13.0703125,
        13.8828125,
        13.4296875,
        12.1328125,
        15.609375,
        14.1875,
        15.0703125,
        12.640625,
        14.578125,
        13.96875,
        12.4453125,
        14.984375,
        13.6953125,
        15.4921875,
        13.8046875,
        15.28125,
        14.078125,
        15.25,
        15.734375,
        11.09375,
        14.21875,
        12.1328125,
        12.328125,
        15.3984375,
        14.296875,
        11.375,
        12.109375,
        13.828125,
        16.140625,
        13.328125,
        17.375,
        14.640625,
        13.046875,
        15.046875,
        14.5546875,
        13.3515625,
        12.7421875,
        14.3515625,
        16.046875,
        15.1875,
        12.328125,
        13.6953125,
        14.328125,
        12.6640625,
        15.953125,
        16.109375,
        12.203125,
        12.109375,
        14.75,
        15.4296875,
        14.984375,
        12.7890625,
        13.4609375,
        12.546875,
        14.1015625,
        12.6953125,
        14.8359375,
        12.28125,
        12.3984375,
        11.1796875,
        14.2421875,
        10.0625,
        14.15625,
        15.1875,
        13.328125,
        15.859375,
        12.8203125,
        12.546875,
        13.828125
      ],
      "mean_perplexity": 13.837766768292683
    },
    "invalid_examples": [
      {
        "question": "Passage: Angular frequency -- Angular frequency (or angular speed) is the magnitude of the vector quantity angular velocity. The term angular frequency vector \u03c9 \u2192 (\\displaystyle (\\vec (\\omega ))) is sometimes used as a synonym for the vector quantity angular velocity.\nQuestion: is angular frequency and angular velocity the same\nAnswer:",
        "response": " Angular"
      },
      {
        "question": "Passage: Boo (dog) -- In April 2012, Boo was the subject of a death hoax after #RIPBOO appeared on Facebook. Tweets followed as Gizmodo writer Sam Biddle tweeted that Boo had died. It was later confirmed by the Chronicle Book staff that Boo was alive and well.\nQuestion: did boo the world's cutest dog die\nAnswer:",
        "response": " Boo"
      },
      {
        "question": "Passage: Berlin Blockade -- By the spring of 1949, the airlift was clearly succeeding, and by April it was delivering more cargo than had previously been transported into the city by rail. On 12 May 1949, the USSR lifted the blockade of West Berlin. The Berlin Blockade served to highlight the competing ideological and economic visions for postwar Europe.\nQuestion: is the berlin wall the same as the berlin blockade\nAnswer:",
        "response": " Berlin"
      },
      {
        "question": "Passage: Berlin Station (TV series) -- A ten-episode first season premiered on Epix on October 16, 2016. On November 17, 2016, Epix renewed Berlin Station for a second season, originally planned to contain ten episodes, which premiered on October 15, 2017 and concluded a nine-episode-season-run on December 3, 2017. On December 6, 2017, Epix renewed the series for a third season, which is scheduled to premiere on December 3, 2018.\nQuestion: is there a 3rd season of berlin station\nAnswer:",
        "response": " Berlin"
      },
      {
        "question": "Passage: Spider-Man: Turn Off the Dark -- Despite poor reviews and bad publicity, Spider-Man was at times successful at the box office. Ticket sales the day after the first preview on November 28, 2010, were more than one million dollars. During the first full week of 2011, Spider-Man had the highest box-office gross on Broadway, with a total of $1,588,514.\nQuestion: did spider man turn off the dark make money\nAnswer:",
        "response": " Spider"
      },
      {
        "question": "Passage: BMW 1 Series -- The 1 Series is BMW's entry level of model range. Unusually for a small car, the 1 Series range is mostly rear-wheel drive, (except for the F52 sedan, which is front-wheel drive) with optional all-wheel drive being available on some models.\nQuestion: is a bmw 1 series front wheel drive\nAnswer:",