{
  "metadata": {
    "timestamp": "20241216_110138",
    "model_name": "meta-llama/Llama-3.2-1B",
    "num_pruned_layers": 3,
    "has_adapter": false,
    "task": "boolq"
  },
  "metrics": {
    "response_quality": {
      "total_responses": 3270,
      "valid_responses": 3047,
      "invalid_responses": 223,
      "invalid_percentage": 6.819571865443424
    },
    "metrics": {
      "accuracy": 0.6137184115523465,
      "evaluate_accuracy": {
        "accuracy": 0.5718654434250765
      },
      "precision": 0.6270175438596491,
      "recall": 0.9400315623356128,
      "f1": 0.7522626815407283,
      "total_evaluated": 3047,
      "confusion_matrix": {
        "true_positives": 1787,
        "true_negatives": 83,
        "false_positives": 1063,
        "false_negatives": 114
      },
      "perplexities": [
        91.8125,
        100.4375,
        110.75,
        96.5625,
        105.25,
        96.1875,
        108.1875,
        89.3125,
        90.75,
        133.0,
        152.5,
        87.5625,
        108.5625,
        91.0625,
        95.0625,
        97.3125,
        107.75,
        121.125,
        102.8125,
        117.375,
        135.625,
        97.3125,
        81.625,
        104.4375,
        117.375,
        83.25,
        192.0,
        96.1875,
        90.75,
        117.375,
        115.5625,
        100.8125,
        95.8125,
        100.0,
        104.8125,
        90.375,
        94.0,
        112.4375,
        108.5625,
        85.5625,
        82.625,
        94.0,
        113.375,
        94.6875,
        116.0625,
        95.8125,
        92.125,
        125.4375,
        104.0,
        120.1875,
        103.625,
        107.75,
        100.8125,
        99.625,
        109.0,
        141.625,
        107.3125,
        116.9375,
        90.0,
        140.5,
        118.3125,
        98.875,
        90.0,
        111.5625,
        138.875,
        104.0,
        101.625,
        86.25,
        112.0,
        99.625,
        111.1875,
        127.4375,
        112.9375,
        91.4375,
        105.25,
        126.4375,
        99.625,
        102.0,
        111.5625,
        109.4375,
        95.8125,
        118.3125,
        97.3125,
        109.0,
        92.875,
        93.25,
        136.75,
        140.5,
        107.75,
        122.5625,
        98.125,
        109.4375,
        118.8125,
        161.125,
        112.9375,
        96.1875,
        96.5625,
        92.125,
        118.8125,
        114.6875,
        78.1875,
        134.125,
        95.4375,
        101.1875,
        108.1875,
        95.4375,
        106.0625,
        117.875,
        109.4375,
        100.0,
        95.8125,
        106.5,
        91.8125,
        102.8125,
        120.6875,
        163.0,
        125.0,
        102.8125,
        100.4375,
        108.1875,
        92.125,
        121.125,
        103.1875,
        123.0625,
        90.75,
        85.25,
        114.6875,
        97.6875,
        120.6875,
        132.5,
        109.4375,
        98.125,
        114.25,
        103.625,
        125.9375,
        109.875,
        92.875,
        110.3125,
        94.0,
        136.75,
        99.25,
        90.375,
        102.0,
        99.625,
        99.625,
        147.875,
        96.1875,
        134.125,
        112.9375,
        102.8125,
        100.0,
        113.375,
        93.25,
        114.25,
        100.4375,
        116.9375,
        105.25,
        98.875,
        113.375,
        149.625,
        105.625,
        77.0,
        86.5625,
        122.5625,
        125.0,
        112.4375,
        112.4375,
        98.875,
        97.3125,
        88.625,
        100.4375,
        104.4375,
        89.3125,
        111.1875,
        116.0625,
        106.875,
        100.0,
        94.3125,
        114.25,
        91.0625,
        140.0,
        113.8125,
        90.0,
        96.5625,
        116.0625,
        106.5,
        118.8125,
        78.1875,
        98.125,
        102.375,
        123.5,
        119.75,
        104.4375,
        119.75,
        90.75,
        115.5625,
        117.875,
        66.375,
        136.25,
        111.5625,
        98.125,
        108.5625,
        92.875,
        90.0,
        96.1875
      ],
      "mean_perplexity": 107.3655487804878
    },
    "invalid_examples": [
      {
        "question": "Passage: Renunciation of citizenship -- Renunciation of U.S. citizenship was free until July 2010, at which time a fee of $450 was established. An increase to $2,350, effective September 12, 2014, was justified as ``reflective of the true cost'' of processing. This followed a fee increase of approximately 220% in 2013. The increase took effect in January 2015.\nQuestion: does it cost money to renounce us citizenship\nAnswer:",
        "response": "\u00a0"
      },
      {
        "question": "Passage: Miracle on Ice -- Of the 20 players on Team USA, 13 eventually played in the NHL. Five of them went on to play over 500 NHL games, and three would play over 1,000 NHL games.\nQuestion: did anyone from the 1980 us hockey team play in the nhl\nAnswer:",
        "response": "\u00a0"
      },
      {
        "question": "Passage: Tennis scoring system -- The tiebreak is sometimes not employed for the final set of a match and an advantage set is used instead. Therefore, the deciding set must be played until one player or team has won two more games than the opponent. This is true in three of the four major tennis championships, all except the US Open where a tiebreak is played even in the deciding set (fifth set for the men, third set for the women) at 6--6. A tiebreak is not played in the deciding set in the other three majors -- the Australian Open, the French Open, and Wimbledon. (When the tiebreak was first introduced at Wimbledon in 1971, it was invoked at 8--8 rather than 6--6.) The US Open holds ``Super Saturday'' where the two men's semi-finals are played along with the women's final on the second Saturday of the event; therefore a tie-break is more prudent where player rest and scheduling is more important.\nQuestion: is there a tiebreaker in final set at wimbledon\nAnswer:",
        "response": "\u00a0"
      },
      {
        "question": "Passage: Celebratory gunfire -- Bullets fired into the air usually fall back with terminal velocities much lower than their muzzle velocity when they leave the barrel of a firearm. Nevertheless, people can be injured, sometimes fatally, when bullets discharged into the air fall back down to the ground. Bullets fired at angles less than vertical are more dangerous as the bullet maintains its angular ballistic trajectory and is far less likely to engage in tumbling motion; it therefore travels at speeds much higher than a bullet in free fall.\nQuestion: can someone die from a bullet shot in the air\nAnswer:",
        "response": "\u00a0"
      },
      {
        "question": "Passage: Gambling in Australia -- Gamblers' winnings in Australia are not taxed . There are 3 main reasons for that:\nQuestion: do you pay tax on gambling winnings in australia\nAnswer:",
        "response": "\u00a0"
      },
      {
        "question": "Passage: Enthalpy of vaporization -- The heat of vaporization is temperature-dependent, though a constant heat of vaporization can be assumed for small temperature ranges and for reduced temperature T r (\\displaystyle T_(r)) \u226a 1 (\\displaystyle \\ll 1) . The heat of vaporization diminishes with increasing temperature and it vanishes completely at a certain point called the critical temperature ( T r = 1 (\\displaystyle T_(r)=1) ). Above the critical temperature, the liquid and vapor phases are indistinguishable, and the substance is called a supercritical fluid.\nQuestion: does latent heat of vaporization change with temperature\nAnswer:",