{
  "metadata": {
    "timestamp": "20241216_115724",
    "model_name": "meta-llama/Meta-Llama-3-8B",
    "num_pruned_layers": 1,
    "has_adapter": true,
    "task": "boolq"
  },
  "metrics": {
    "response_quality": {
      "total_responses": 3270,
      "valid_responses": 3184,
      "invalid_responses": 86,
      "invalid_percentage": 2.6299694189602447
    },
    "metrics": {
      "accuracy": 0.6542085427135679,
      "evaluate_accuracy": {
        "accuracy": 0.6370030581039755
      },
      "precision": 0.8612040133779264,
      "recall": 0.5241730279898219,
      "f1": 0.6516925023726668,
      "total_evaluated": 3184,
      "confusion_matrix": {
        "true_positives": 1030,
        "true_negatives": 1053,
        "false_positives": 166,
        "false_negatives": 935
      },
      "perplexities": [
        8.2578125,
        8.625,
        7.7421875,
        8.5859375,
        8.5234375,
        7.5625,
        7.65234375,
        8.1484375,
        8.2734375,
        8.8984375,
        9.65625,
        8.34375,
        9.453125,
        8.2265625,
        7.12109375,
        7.03515625,
        8.7890625,
        10.3359375,
        10.1015625,
        8.5078125,
        6.609375,
        7.7734375,
        7.32421875,
        6.53515625,
        9.75,
        7.4921875,
        7.078125,
        10.140625,
        8.875,
        9.828125,
        8.2265625,
        7.8046875,
        7.53515625,
        7.8515625,
        8.3203125,
        7.8203125,
        8.2265625,
        9.84375,
        8.0390625,
        6.90234375,
        7.03515625,
        7.8359375,
        9.4296875,
        6.109375,
        7.53515625,
        7.140625,
        8.9140625,
        8.5859375,
        9.125,
        7.3515625,
        7.59375,
        7.65234375,
        6.9609375,
        9.453125,
        7.69921875,
        8.625,
        9.8828125,
        8.7421875,
        8.7421875,
        7.94140625,
        7.89453125,
        7.40234375,
        7.8203125,
        9.5078125,
        10.0234375,
        7.50390625,
        7.2890625,
        7.203125,
        8.1640625,
        6.39453125,
        8.375,
        8.5859375,
        8.671875,
        9.0,
        7.94140625,
        9.375,
        8.0234375,
        8.5390625,
        9.0703125,
        8.625,
        7.5625,
        7.95703125,
        7.375,
        8.1171875,
        7.8203125,
        6.83203125,
        9.2109375,
        11.625,
        8.2265625,
        8.5546875,
        9.140625,
        7.8359375,
        8.671875,
        7.203125,
        7.19140625,
        8.421875,
        8.0234375,
        7.63671875,
        8.9140625,
        8.1640625,
        6.4375,
        7.7578125,
        9.265625,
        9.140625,
        7.2890625,
        8.5234375,
        7.8828125,
        8.0859375,
        8.5234375,
        7.8828125,
        6.19140625,
        8.5859375,
        6.71484375,
        7.4921875,
        8.5703125,
        7.578125,
        8.625,
        9.7109375,
        7.04296875,
        7.1328125,
        6.9609375,
        7.09765625,
        8.46875,
        7.53515625,
        7.50390625,
        7.65234375,
        8.1640625,
        9.4296875,
        9.8671875,
        10.421875,
        8.828125,
        7.66796875,
        8.1171875,
        7.89453125,
        8.5390625,
        7.7421875,
        7.609375,
        8.6875,
        8.40625,
        6.24609375,
        9.8828125,
        8.3046875,
        9.265625,
        7.609375,
        9.0859375,
        7.8671875,
        7.4765625,
        8.2890625,
        7.8203125,
        10.140625,
        8.828125,
        9.125,
        8.7890625,
        9.0,
        9.5234375,
        6.6484375,
        9.140625,
        7.2265625,
        6.67578125,
        9.1953125,
        8.5078125,
        6.9609375,
        6.93359375,
        7.7421875,
        9.75,
        7.71484375,
        10.8125,
        8.5234375,
        8.390625,
        9.125,
        8.8984375,
        7.609375,
        7.94140625,
        9.34375,
        9.25,
        9.484375,
        7.24609375,
        9.109375,
        8.3046875,
        8.40625,
        10.1015625,
        9.4296875,
        7.26171875,
        7.19140625,
        8.2421875,
        9.375,
        9.109375,
        7.3671875,
        8.421875,
        7.578125,
        8.390625,
        7.25390625,
        8.7265625,
        6.56640625,
        7.63671875,
        6.44921875,
        8.2734375,
        6.45703125,
        7.8203125,
        8.9140625,
        8.0703125,
        9.6953125,
        7.609375,
        7.7734375,
        8.1171875
      ],
      "mean_perplexity": 8.22985899390244
    },
    "invalid_examples": [
      {
        "question": "Passage: Gambling in Australia -- Gamblers' winnings in Australia are not taxed . There are 3 main reasons for that:\nQuestion: do you pay tax on gambling winnings in australia\nAnswer:",
        "response": " Gambling"
      },
      {
        "question": "Passage: A Quiet Place (film) -- The Abbott family -- wife Evelyn, husband Lee, congenitally deaf daughter Regan, and sons Marcus and Beau -- silently scavenge for supplies in a deserted town. While out in the open, the family communicates with American Sign Language (ASL). Four-year-old Beau is drawn to a battery-powered space shuttle toy, but Lee takes it away due to the noise it makes. Regan returns the toy to Beau, who also takes the batteries that his father removed from it. Beau activates the toy when the family is walking home and crossing a bridge, giving away his location to a nearby creature which kills him before Lee can save him.\nQuestion: does beau abbott die in a quiet place\nAnswer:",
        "response": " Beau"
      },
      {
        "question": "Passage: Life of Pi -- The second part of the novel begins with Pi's family aboard the Tsimtsum, a Japanese freighter that is transporting animals from their zoo to North America. A few days out of port from Manila, the ship encounters a storm and sinks. Pi manages to escape in a small lifeboat, only to learn that the boat also holds a spotted hyena, an injured Grant's zebra, and an orangutan named Orange Juice. Much to the boy's distress, the hyena kills the zebra and then Orange Juice. A tiger has been hiding under the boat's tarpaulin: it's Richard Parker, who had boarded the lifeboat with ambivalent assistance from Pi himself some time before the hyena attack. Suddenly emerging from his hideaway, Richard Parker kills and eats the hyena.\nQuestion: was the tiger really on the boat in life of pi\nAnswer:",