{
  "metadata": {
    "timestamp": "20241216_103244",
    "model_name": "meta-llama/Llama-3.2-3B",
    "num_pruned_layers": 9,
    "has_adapter": true,
    "task": "boolq"
  },
  "metrics": {
    "response_quality": {
      "total_responses": 3270,
      "valid_responses": 3237,
      "invalid_responses": 33,
      "invalid_percentage": 1.0091743119266057
    },
    "metrics": {
      "accuracy": 0.677170219338894,
      "evaluate_accuracy": {
        "accuracy": 0.6703363914373088
      },
      "precision": 0.7046894803548795,
      "recall": 0.8282025819265144,
      "f1": 0.7614699840219128,
      "total_evaluated": 3237,
      "confusion_matrix": {
        "true_positives": 1668,
        "true_negatives": 524,
        "false_positives": 699,
        "false_negatives": 346
      },
      "perplexities": [
        22.796875,
        21.046875,
        20.921875,
        22.015625,
        21.765625,
        19.171875,
        21.796875,
        19.8125,
        21.890625,
        25.234375,
        23.296875,
        21.375,
        23.078125,
        22.140625,
        19.703125,
        21.125,
        22.578125,
        24.90625,
        24.0,
        22.28125,
        23.71875,
        19.578125,
        19.09375,
        21.421875,
        24.140625,
        19.046875,
        23.4375,
        22.1875,
        21.421875,
        25.09375,
        23.296875,
        18.765625,
        20.515625,
        22.578125,
        22.234375,
        19.703125,
        21.046875,
        25.390625,
        21.96875,
        18.71875,
        18.390625,
        20.328125,
        24.140625,
        18.578125,
        21.96875,
        19.96875,
        21.9375,
        23.078125,
        21.46875,
        19.890625,
        22.1875,
        21.890625,
        19.5,
        21.765625,
        21.84375,
        25.0,
        23.8125,
        24.46875,
        20.0,
        23.078125,
        23.765625,
        20.609375,
        21.171875,
        24.796875,
        25.4375,
        21.21875,
        21.125,
        20.796875,
        21.9375,
        19.703125,
        21.796875,
        24.0,
        24.90625,
        22.234375,
        21.59375,
        24.1875,
        21.546875,
        21.59375,
        22.109375,
        24.09375,
        22.109375,
        23.125,
        18.046875,
        23.03125,
        20.40625,
        18.828125,
        24.703125,
        28.609375,
        24.65625,
        24.421875,
        22.671875,
        21.96875,
        24.140625,
        24.84375,
        21.296875,
        22.109375,
        18.1875,
        19.890625,
        25.296875,
        22.890625,
        17.078125,
        23.8125,
        22.53125,
        24.375,
        21.25,
        20.40625,
        20.765625,
        23.03125,
        22.109375,
        21.375,
        17.625,
        22.3125,
        19.703125,
        19.546875,
        23.859375,
        28.546875,
        23.90625,
        21.796875,
        20.765625,
        20.40625,
        20.765625,
        20.4375,
        23.765625,
        21.796875,
        20.125,
        19.78125,
        23.765625,
        21.09375,
        24.140625,
        27.671875,
        23.8125,
        20.96875,
        23.953125,
        22.109375,
        22.84375,
        21.296875,
        20.125,
        22.109375,
        20.96875,
        21.34375,
        24.046875,
        22.0625,
        23.34375,
        19.5,
        21.890625,
        22.984375,
        20.4375,
        24.703125,
        23.203125,
        24.09375,
        21.015625,
        24.515625,
        21.25,
        25.046875,
        24.75,
        19.3125,
        22.5,
        18.46875,
        19.96875,
        25.390625,
        22.578125,
        17.96875,
        19.46875,
        23.671875,
        25.546875,
        21.671875,
        27.671875,
        22.765625,
        21.09375,
        22.625,
        21.765625,
        21.5,
        20.6875,
        21.640625,
        25.09375,
        23.390625,
        20.078125,
        21.296875,
        22.984375,
        19.625,
        25.484375,
        25.84375,
        18.609375,
        19.65625,
        24.140625,
        22.890625,
        23.625,
        19.734375,
        20.765625,
        21.25,
        22.453125,
        21.296875,
        23.4375,
        20.96875,
        19.921875,
        18.796875,
        24.46875,
        15.1640625,
        23.625,
        24.046875,
        20.71875,
        26.140625,
        20.6875,
        18.9375,
        23.53125
      ],
      "mean_perplexity": 22.065053353658538
    },
    "invalid_examples": [
      {
        "question": "Passage: Hydroxyzine -- Hydroxyzine preparations require a doctor's prescription. The drug is available in two formulations, the pamoate and the dihydrochloride or hydrochloride salts. Vistaril, Equipose, Masmoran, and Paxistil are preparations of the pamoate salt, while Atarax, Alamon, Aterax, Durrax, Tran-Q, Orgatrax, Quiess, and Tranquizine are of the hydrochloride salt.\nQuestion: is there a difference between hydroxyzine hcl and hydroxyzine pam\nAnswer:",
        "response": " Hydro"
      },
      {
        "question": "Passage: Angular frequency -- Angular frequency (or angular speed) is the magnitude of the vector quantity angular velocity. The term angular frequency vector \u03c9 \u2192 (\\displaystyle (\\vec (\\omega ))) is sometimes used as a synonym for the vector quantity angular velocity.\nQuestion: is angular frequency and angular velocity the same\nAnswer:",
        "response": " Angular"
      },
      {
        "question": "Passage: Sawed-off shotgun -- The bank robber Clyde Barrow modified his Browning A-5 shotgun by cutting the barrel down to the same length as the magazine tube, and shortening the stock by 5 to 6 inches (125 to 150 mm) to make it more concealable. A small, 10--12-inch (250--300 mm) strap was attached to both ends of the butt of the gun, and was looped around his shoulder, concealing the gun between his arm and chest under his jacket in the manner of a shoulder holster. The gun was drawn up quickly and fired from the shoulder under which it was carried. Barrow dubbed it the ``Whippit'', as he was able to ``whip it'' out easily.\nQuestion: can you cut the stock off a shotgun\nAnswer:",
        "response": " can"
      },
      {
        "question": "Passage: United States men's national soccer team -- The best result for the United States in a World Cup came in 1930 when they reached the semifinals. The best result in the modern era is the 2002 World Cup, when the U.S. reached the quarterfinals. The worst result in the modern era was a first round elimination in 1990, 1998, and 2006.\nQuestion: did us ever win the world cup soccer\nAnswer:",
        "response": " us"
      },
      {
        "question": "Passage: Tort -- The person who commits the act is called a tortfeasor. Although crimes may be torts, the cause of legal action in civil torts is not necessarily the result of criminal action; the harm in civil torts may be due to negligence, which does not amount to criminal negligence. The victim of the harm can recover their loss as damages in a lawsuit. In order to prevail, the plaintiff in the lawsuit, commonly referred to as the injured party, must show that the actions or lack of action was the legally recognizable cause of the harm. The equivalent of tort in civil law jurisdictions is ``delict''.\nQuestion: can an act be a tort and a crime\nAnswer:",
        "response": " can"
      },
      {
        "question": "Passage: Peroxide -- Aside from hydrogen peroxide, some other major classes of peroxides are these:\nQuestion: is peroxide and hydrogen peroxide the same thing\nAnswer:",