{
  "metadata": {
    "timestamp": "20241216_121105",
    "model_name": "meta-llama/Meta-Llama-3-8B",
    "num_pruned_layers": 7,
    "has_adapter": true,
    "task": "boolq"
  },
  "metrics": {
    "response_quality": {
      "total_responses": 3270,
      "valid_responses": 3239,
      "invalid_responses": 31,
      "invalid_percentage": 0.9480122324159022
    },
    "metrics": {
      "accuracy": 0.7798703303488731,
      "evaluate_accuracy": {
        "accuracy": 0.7724770642201835
      },
      "precision": 0.8051643192488263,
      "recall": 0.8519622454048683,
      "f1": 0.8279024861211682,
      "total_evaluated": 3239,
      "confusion_matrix": {
        "true_positives": 1715,
        "true_negatives": 811,
        "false_positives": 415,
        "false_negatives": 298
      },
      "perplexities": [
        14.1328125,
        13.859375,
        12.890625,
        13.7265625,
        13.8828125,
        12.28125,
        13.5390625,
        13.0703125,
        13.5078125,
        15.640625,
        15.015625,
        13.484375,
        14.953125,
        13.9375,
        12.46875,
        12.7421875,
        14.328125,
        16.359375,
        15.28125,
        13.640625,
        13.5390625,
        12.84375,
        12.6953125,
        12.84375,
        16.078125,
        12.3515625,
        13.640625,
        14.8359375,
        13.6171875,
        16.234375,
        14.5234375,
        12.28125,
        12.890625,
        13.5078125,
        13.96875,
        12.375,
        13.671875,
        15.5546875,
        13.859375,
        11.9921875,
        11.375,
        12.9140625,
        15.4609375,
        11.3125,
        13.9375,
        12.59375,
        14.0234375,
        14.6953125,
        13.7265625,
        12.5703125,
        13.5078125,
        13.859375,
        11.828125,
        14.4140625,
        14.296875,
        15.640625,
        15.796875,
        14.8359375,
        13.015625,
        13.6171875,
        13.640625,
        12.640625,
        13.671875,
        15.953125,
        15.984375,
        12.9921875,
        13.25,
        13.1953125,
        14.15625,
        12.3046875,
        13.9921875,
        15.1640625,
        14.8671875,
        13.9140625,
        13.2265625,
        14.8359375,
        13.5625,
        13.5625,
        13.828125,
        14.953125,
        13.3828125,
        13.9375,
        11.8046875,
        13.9375,
        12.7421875,
        12.15625,
        14.8359375,
        18.390625,
        15.0703125,
        14.8125,
        14.5234375,
        13.78125,
        15.5546875,
        14.328125,
        13.09375,
        14.46875,
        12.15625,
        12.4453125,
        14.953125,
        14.1328125,
        11.2890625,
        14.2421875,
        14.328125,
        15.34375,
        12.7421875,
        13.6171875,
        12.9140625,
        14.1875,
        13.75,
        13.5078125,
        10.6015625,
        14.1328125,
        12.6640625,
        12.4453125,
        15.1328125,
        16.875,
        14.578125,
        14.78125,
        13.0703125,
        13.046875,
        12.6953125,
        13.171875,
        14.4140625,
        13.171875,
        12.765625,
        12.546875,
        14.3828125,
        14.296875,
        15.28125,
        16.71875,
        14.984375,
        12.546875,
        14.953125,
        13.9140625,
        14.328125,
        13.859375,
        13.3515625,
        13.5625,
        13.2265625,
        12.2265625,
        15.4609375,
        14.21875,
        15.0703125,
        12.4453125,
        14.4375,
        13.9140625,
        12.7890625,
        14.578125,
        13.8046875,
        15.28125,
        13.640625,
        14.7265625,
        13.5390625,
        15.34375,
        15.1015625,
        11.5546875,
        14.46875,
        12.5234375,
        13.09375,
        15.671875,
        14.6640625,
        11.6484375,
        12.0859375,
        13.96875,
        16.234375,
        13.25,
        17.21875,
        14.75,
        13.2734375,
        14.5546875,
        14.5546875,
        13.4296875,
        12.890625,
        14.2734375,
        15.671875,
        15.3984375,
        12.9921875,
        13.9921875,
        14.046875,
        12.5234375,
        16.015625,
        15.921875,
        11.53125,
        12.28125,
        14.8671875,
        15.4609375,
        14.6640625,
        12.640625,
        13.5625,
        13.046875,
        14.6953125,
        13.1484375,
        15.34375,
        12.5703125,
        12.546875,
        11.671875,
        14.3515625,
        9.921875,
        14.3828125,
        15.1328125,
        13.0703125,
        16.046875,
        12.9140625,
        12.2578125,
        14.2421875
      ],
      "mean_perplexity": 13.85705030487805
    },
    "invalid_examples": [
      {
        "question": "Passage: Ivory Coast -- Ivory Coast, also known as C\u00f4te d'Ivoire and officially as the Republic of C\u00f4te d'Ivoire, is a sovereign state located in West Africa. Ivory Coast's political capital is Yamoussoukro, and its economic capital and largest city is the port city of Abidjan. Its bordering countries are Guinea and Liberia in the west, Burkina Faso and Mali in the north, and Ghana in the east. The Gulf of Guinea (Atlantic Ocean) is located south of Ivory Coast.\nQuestion: is ivory coast and cote d ivoire the same\nAnswer:",
        "response": " Ivory"
      },
      {
        "question": "Passage: Eye of the Tiger -- ``Eye of the Tiger'' is a song by American rock band Survivor. It was released as a single from their third album of the same name Eye of the Tiger and was also the theme song for the film Rocky III, which was released a day before the single. The song was written by Survivor guitarist Frankie Sullivan and keyboardist Jim Peterik, and was recorded at the request of Rocky III star, writer, and director Sylvester Stallone, after Queen denied him permission to use ``Another One Bites the Dust'', the song Stallone intended as the Rocky III theme. Originally, the song was made for the movie The Karate Kid. The director of both Rocky and The Karate Kid planned to use the song for a fighting montage towards the end of the feature. John G. Avildsen opted to using ``You're the Best'' by Joe Esposito. The version of the song that appears in the movie is the demo version of the song. The movie version also contained tiger growls, something that did not appear on the album version. It features original Survivor singer Dave Bickler on lead vocals.\nQuestion: was eye of the tiger written for rocky\nAnswer:",
        "response": " eye"
      },
      {
        "question": "Passage: A Quiet Place (film) -- The Abbott family -- wife Evelyn, husband Lee, congenitally deaf daughter Regan, and sons Marcus and Beau -- silently scavenge for supplies in a deserted town. While out in the open, the family communicates with American Sign Language (ASL). Four-year-old Beau is drawn to a battery-powered space shuttle toy, but Lee takes it away due to the noise it makes. Regan returns the toy to Beau, who also takes the batteries that his father removed from it. Beau activates the toy when the family is walking home and crossing a bridge, giving away his location to a nearby creature which kills him before Lee can save him.\nQuestion: does beau abbott die in a quiet place\nAnswer:",