{
  "metadata": {
    "timestamp": "20241216_103339",
    "model_name": "meta-llama/Llama-3.2-3B",
    "num_pruned_layers": 10,
    "has_adapter": false,
    "task": "boolq"
  },
  "metrics": {
    "response_quality": {
      "total_responses": 3270,
      "valid_responses": 500,
      "invalid_responses": 2770,
      "invalid_percentage": 84.70948012232415
    },
    "metrics": {
      "accuracy": 0.626,
      "evaluate_accuracy": {
        "accuracy": 0.09571865443425076
      },
      "precision": 0.6319018404907976,
      "recall": 0.9778481012658228,
      "f1": 0.7677018633540373,
      "total_evaluated": 500,
      "confusion_matrix": {
        "true_positives": 309,
        "true_negatives": 4,
        "false_positives": 180,
        "false_negatives": 7
      },
      "perplexities": [
        686.5,
        662.5,
        689.0,
        691.5,
        736.0,
        745.0,
        780.5,
        689.0,
        610.5,
        938.0,
        756.5,
        629.5,
        620.0,
        700.0,
        756.5,
        694.5,
        700.0,
        768.5,
        694.5,
        751.0,
        831.0,
        652.5,
        622.5,
        805.5,
        745.0,
        532.5,
        881.0,
        610.5,
        644.5,
        673.0,
        815.0,
        719.0,
        702.5,
        739.0,
        762.5,
        637.0,
        584.5,
        727.5,
        783.5,
        683.5,
        660.0,
        594.0,
        736.0,
        802.5,
        927.0,
        828.0,
        647.0,
        670.5,
        610.5,
        622.5,
        632.0,
        642.0,
        697.0,
        665.0,
        796.0,
        831.0,
        662.5,
        697.0,
        584.5,
        891.5,
        844.0,
        558.0,
        736.0,
        841.0,
        793.0,
        821.5,
        756.5,
        751.0,
        722.0,
        783.5,
        818.0,
        938.0,
        867.5,
        719.0,
        768.5,
        898.5,
        637.0,
        665.0,
        802.5,
        793.0,
        818.0,
        812.0,
        673.0,
        799.0,
        594.0,
        655.0,
        730.5,
        774.5,
        730.5,
        841.0,
        716.5,
        702.5,
        964.0,
        1071.0,
        881.0,
        647.0,
        429.5,
        673.0,
        739.0,
        705.5,
        514.0,
        945.5,
        691.5,
        686.5,
        768.5,
        617.5,
        705.5,
        790.0,
        941.5,
        705.5,
        587.0,
        765.5,
        719.0,
        722.0,
        705.5,
        1145.0,
        802.5,
        667.5,
        665.0,
        884.5,
        733.5,
        771.5,
        751.0,
        783.5,
        725.0,
        620.0,
        777.5,
        642.0,
        844.0,
        847.5,
        751.0,
        601.0,
        821.5,
        861.0,
        644.5,
        864.0,
        662.5,
        722.0,
        598.5,
        941.5,
        681.0,
        694.5,
        686.5,
        594.0,
        673.0,
        987.0,
        733.5,
        877.5,
        850.5,
        762.5,
        536.5,
        765.5,
        620.0,
        812.0,
        847.5,
        837.5,
        603.5,
        667.5,
        874.5,
        847.5,
        790.0,
        662.5,
        639.5,
        824.5,
        748.0,
        1186.0,
        815.0,
        662.5,
        610.5,
        629.5,
        694.5,
        700.0,
        647.0,
        642.0,
        864.0,
        655.0,
        739.0,
        657.5,
        874.5,
        639.5,
        837.5,
        736.0,
        598.5,
        700.0,
        867.5,
        644.5,
        759.5,
        673.0,
        675.5,
        683.5,
        808.5,
        765.5,
        793.0,
        877.5,
        665.0,
        898.5,
        802.5,
        329.25,
        831.0,
        847.5,
        771.5,
        771.5,
        647.0,
        605.5,
        780.5
      ],
      "mean_perplexity": 737.1378048780488
    },
    "invalid_examples": [
      {
        "question": "Passage: Ethanol fuel -- All biomass goes through at least some of these steps: it needs to be grown, collected, dried, fermented, distilled, and burned. All of these steps require resources and an infrastructure. The total amount of energy input into the process compared to the energy released by burning the resulting ethanol fuel is known as the energy balance (or ``energy returned on energy invested''). Figures compiled in a 2007 report by National Geographic Magazine point to modest results for corn ethanol produced in the US: one unit of fossil-fuel energy is required to create 1.3 energy units from the resulting ethanol. The energy balance for sugarcane ethanol produced in Brazil is more favorable, with one unit of fossil-fuel energy required to create 8 from the ethanol. Energy balance estimates are not easily produced, thus numerous such reports have been generated that are contradictory. For instance, a separate survey reports that production of ethanol from sugarcane, which requires a tropical climate to grow productively, returns from 8 to 9 units of energy for each unit expended, as compared to corn, which only returns about 1.34 units of fuel energy for each unit of energy expended. A 2006 University of California Berkeley study, after analyzing six separate studies, concluded that producing ethanol from corn uses much less petroleum than producing gasoline.\nQuestion: does ethanol take more energy make that produces\nAnswer:",
        "response": "b"
      },
      {
        "question": "Passage: Property tax -- Property tax or 'house tax' is a local tax on buildings, along with appurtenant land. It is and imposed on the Possessor (not the custodian of property as per 1978, 44th amendment of constitution). It resembles the US-type wealth tax and differs from the excise-type UK rate. The tax power is vested in the states and is delegated to local bodies, specifying the valuation method, rate band, and collection procedures. The tax base is the annual rental value (ARV) or area-based rating. Owner-occupied and other properties not producing rent are assessed on cost and then converted into ARV by applying a percentage of cost, usually four percent. Vacant land is generally exempt. Central government properties are exempt. Instead a 'service charge' is permissible under executive order. Properties of foreign missions also enjoy tax exemption without requiring reciprocity. The tax is usually accompanied by service taxes, e.g., water tax, drainage tax, conservancy (sanitation) tax, lighting tax, all using the same tax base. The rate structure is flat on rural (panchayat) properties, but in the urban (municipal) areas it is mildly progressive with about 80% of assessments falling in the first two brackets.\nQuestion: is house tax and property tax are same\nAnswer:",
        "response": "b"
      },
      {
        "question": "Passage: Hydroxyzine -- Hydroxyzine preparations require a doctor's prescription. The drug is available in two formulations, the pamoate and the dihydrochloride or hydrochloride salts. Vistaril, Equipose, Masmoran, and Paxistil are preparations of the pamoate salt, while Atarax, Alamon, Aterax, Durrax, Tran-Q, Orgatrax, Quiess, and Tranquizine are of the hydrochloride salt.\nQuestion: is there a difference between hydroxyzine hcl and hydroxyzine pam\nAnswer:",
        "response": "b"
      },
      {
        "question": "Passage: Parity (mathematics) -- In mathematics, parity is the property of an integer's inclusion in one of two categories: even or odd. An integer is even if it is evenly divisible by two and odd if it is not even. For example, 6 is even because there is no remainder when dividing it by 2. By contrast, 3, 5, 7, 21 leave a remainder of 1 when divided by 2. Examples of even numbers include \u22124, 0, 82 and 178. In particular, zero is an even number. Some examples of odd numbers are \u22125, 3, 29, and 73.\nQuestion: can an odd number be divided by an even number\nAnswer:",