{
  "metadata": {
    "timestamp": "20241216_115531",
    "model_name": "meta-llama/Meta-Llama-3-8B",
    "num_pruned_layers": 2,
    "has_adapter": false,
    "task": "boolq"
  },
  "metrics": {
    "response_quality": {
      "total_responses": 3270,
      "valid_responses": 3189,
      "invalid_responses": 81,
      "invalid_percentage": 2.4770642201834865
    },
    "metrics": {
      "accuracy": 0.6346817184070241,
      "evaluate_accuracy": {
        "accuracy": 0.618960244648318
      },
      "precision": 0.773369199731002,
      "recall": 0.5813953488372093,
      "f1": 0.6637806637806638,
      "total_evaluated": 3189,
      "confusion_matrix": {
        "true_positives": 1150,
        "true_negatives": 874,
        "false_positives": 337,
        "false_negatives": 828
      },
      "perplexities": [
        9.578125,
        10.5859375,
        9.3984375,
        9.90625,
        10.0234375,
        9.1953125,
        9.3984375,
        9.453125,
        9.6953125,
        10.6015625,
        10.875,
        9.90625,
        11.15625,
        10.296875,
        8.625,
        8.7578125,
        10.3203125,
        11.78125,
        11.3984375,
        10.0234375,
        8.46875,
        9.1953125,
        8.7578125,
        8.2734375,
        11.6015625,
        8.875,
        9.140625,
        11.2890625,
        10.3359375,
        11.625,
        10.140625,
        9.0,
        9.0390625,
        9.3984375,
        10.0390625,
        9.0,
        9.84375,
        11.265625,
        9.921875,
        8.453125,
        8.2890625,
        9.1796875,
        11.1171875,
        7.43359375,
        9.3046875,
        8.6875,
        10.546875,
        9.9453125,
        10.6640625,
        8.9453125,
        9.125,
        8.9140625,
        8.3046875,
        11.3125,
        9.1796875,
        10.28125,
        11.3125,
        10.5859375,
        9.84375,
        9.234375,
        9.25,
        8.8125,
        9.578125,
        11.2890625,
        11.3125,
        9.109375,
        8.7734375,
        8.7265625,
        10.0390625,
        8.2109375,
        10.1953125,
        10.421875,
        10.6484375,
        10.484375,
        9.5234375,
        10.8984375,
        9.4296875,
        9.921875,
        10.2421875,
        10.3359375,
        9.2890625,
        9.6953125,
        9.0703125,
        9.640625,
        9.34375,
        8.2734375,
        10.3984375,
        13.0703125,
        10.2421875,
        10.2421875,
        10.625,
        9.5078125,
        10.7265625,
        8.8984375,
        9.0546875,
        10.15625,
        9.109375,
        8.875,
        10.625,
        9.640625,
        8.0703125,
        9.65625,
        10.796875,
        10.921875,
        8.984375,
        10.0625,
        9.671875,
        9.9609375,
        9.828125,
        9.7890625,
        7.578125,
        10.4375,
        8.421875,
        8.8125,
        10.0,
        9.7890625,
        10.7109375,
        11.3515625,
        9.0546875,
        8.828125,
        8.7578125,
        8.84375,
        10.28125,
        9.265625,
        8.9140625,
        9.1953125,
        10.0,
        10.625,
        10.8984375,
        12.0390625,
        10.1953125,
        8.96875,
        9.921875,
        9.265625,
        9.828125,
        9.375,
        9.125,
        9.8828125,
        9.8671875,
        7.8828125,
        11.203125,
        10.3203125,
        10.875,
        9.4140625,
        10.5859375,
        9.65625,
        8.84375,
        10.078125,
        9.0859375,
        11.671875,
        9.7734375,
        10.4375,
        10.1171875,
        10.6875,
        11.0703125,
        8.1171875,
        10.28125,
        8.859375,
        8.5390625,
        11.2265625,
        10.421875,
        8.84375,
        8.5859375,
        9.2890625,
        11.3515625,
        9.5078125,
        12.2265625,
        10.546875,
        9.734375,
        10.6640625,
        10.75,
        9.25,
        9.4140625,
        10.796875,
        11.265625,
        10.859375,
        8.8125,
        10.2421875,
        10.0390625,
        9.578125,
        11.2890625,
        11.5078125,
        8.703125,
        8.703125,
        10.296875,
        10.7109375,
        10.9609375,
        9.109375,
        10.0234375,
        9.15625,
        10.21875,
        8.9453125,
        10.7265625,
        8.6015625,
        8.859375,
        7.91015625,
        9.9609375,
        7.55078125,
        9.3203125,
        10.4609375,
        9.125,
        11.3515625,
        9.2109375,
        9.0546875,
        9.984375
      ],
      "mean_perplexity": 9.810537347560976
    },
    "invalid_examples": [
      {
        "question": "Passage: Kindle Fire -- The Fire Tablet, formerly called the Kindle Fire, is a tablet computer developed by Amazon.com. Built with Quanta Computer, the Kindle Fire was first released in November 2011, featuring a color 7-inch multi-touch display with IPS technology and running a custom version of Google's Android operating system called Fire OS. The Kindle Fire HD followed in September 2012, and the Kindle Fire HDX in September 2013. In September 2014, when the fourth generation was introduced, the name ``Kindle'' was dropped. In September 2015, the fifth generation Fire 7 was released, followed by the sixth generation Fire HD 8, in September 2016. The seventh generation Fire 7 was released in June 2017.\nQuestion: is a fire 7 the same as a kindle\nAnswer:",
        "response": ""
      },
      {
        "question": "Passage: NCIS: New Orleans (season 4) -- The fourth season of NCIS: New Orleans premiered on September 26, 2017 on CBS. The series continues to air following Bull, Tuesday at 10:00 p.m. (ET) and contained 24 episodes. The season concluded on May 15, 2018.\nQuestion: is ncis new orleans over for the season\nAnswer:",
        "response": " NC"
      },
      {
        "question": "Passage: Daredevil (season 3) -- At San Diego Comic-Con International 2016, Marvel and Netflix revealed the series had been renewed for a third season, with the expectation that Doug Petrie and Marco Ramirez would return as showrunners from the second season. In October 2017, it was announced that Erik Oleson would replace Petrie and Ramirez as showrunner for the season. The season had yet to be scheduled for release by the end of July 2018, and television critics wondered whether the quality of the season was to blame on this. Netflix VP Cindy Holland responded that the scheduling of the various Marvel Netflix series, especially the crossover miniseries The Defenders which required cast members from all of the series to come together, was to blame for the delay, and that the company had no issue with the quality of the season; on the contrary, Holland described the season as ``fantastic'' and felt it was a ``real return to form'' for the series.\nQuestion: is there going to be a season 3 for daredevil\nAnswer:",
        "response": " Dare"
      },
      {
        "question": "Passage: Ivory Coast -- Ivory Coast, also known as C\u00f4te d'Ivoire and officially as the Republic of C\u00f4te d'Ivoire, is a sovereign state located in West Africa. Ivory Coast's political capital is Yamoussoukro, and its economic capital and largest city is the port city of Abidjan. Its bordering countries are Guinea and Liberia in the west, Burkina Faso and Mali in the north, and Ghana in the east. The Gulf of Guinea (Atlantic Ocean) is located south of Ivory Coast.\nQuestion: is ivory coast and cote d ivoire the same\nAnswer:",