{
  "metadata": {
    "timestamp": "20241216_115333",
    "model_name": "meta-llama/Meta-Llama-3-8B",
    "num_pruned_layers": 1,
    "has_adapter": false,
    "task": "boolq"
  },
  "metrics": {
    "response_quality": {
      "total_responses": 3270,
      "valid_responses": 3164,
      "invalid_responses": 106,
      "invalid_percentage": 3.241590214067278
    },
    "metrics": {
      "accuracy": 0.6434892541087232,
      "evaluate_accuracy": {
        "accuracy": 0.6226299694189602
      },
      "precision": 0.8831168831168831,
      "recall": 0.4872057318321392,
      "f1": 0.6279683377308707,
      "total_evaluated": 3164,
      "confusion_matrix": {
        "true_positives": 952,
        "true_negatives": 1084,
        "false_positives": 126,
        "false_negatives": 1002
      },
      "perplexities": [
        8.3203125,
        8.9296875,
        8.0078125,
        8.7734375,
        8.671875,
        7.8359375,
        7.89453125,
        8.2890625,
        8.34375,
        9.0546875,
        9.671875,
        8.5703125,
        9.75,
        8.5390625,
        7.296875,
        7.24609375,
        8.9140625,
        10.3984375,
        10.21875,
        8.7265625,
        6.93359375,
        7.98828125,
        7.4609375,
        6.734375,
        9.8828125,
        7.51953125,
        7.25390625,
        10.1171875,
        8.984375,
        10.0,
        8.40625,
        7.95703125,
        7.71484375,
        7.91015625,
        8.5703125,
        7.89453125,
        8.453125,
        10.0,
        8.2890625,
        7.15625,
        7.2109375,
        8.0234375,
        9.6953125,
        6.203125,
        7.68359375,
        7.265625,
        9.1796875,
        8.640625,
        9.2890625,
        7.5625,
        7.8046875,
        7.68359375,
        7.19140625,
        9.6015625,
        7.8203125,
        8.7890625,
        10.0,
        9.0390625,
        8.828125,
        7.89453125,
        7.97265625,
        7.55078125,
        8.0546875,
        9.671875,
        10.140625,
        7.7578125,
        7.4921875,
        7.4921875,
        8.4375,
        6.59765625,
        8.5078125,
        8.859375,
        8.9140625,
        9.15625,
        8.0859375,
        9.5625,
        8.1328125,
        8.5859375,
        9.0703125,
        8.7421875,
        7.7734375,
        8.2109375,
        7.609375,
        8.421875,
        8.0078125,
        7.10546875,
        9.359375,
        11.6015625,
        8.5390625,
        8.8125,
        9.2109375,
        8.0078125,
        9.0390625,
        7.4765625,
        7.390625,
        8.5390625,
        8.1015625,
        7.7421875,
        9.0703125,
        8.34375,
        6.6875,
        7.8515625,
        9.375,
        9.375,
        7.33984375,
        8.7421875,
        8.1484375,
        8.359375,
        8.65625,
        8.0859375,
        6.44921875,
        8.7890625,
        7.015625,
        7.609375,
        8.7578125,
        7.8359375,
        8.7890625,
        9.8828125,
        7.32421875,
        7.33203125,
        7.2109375,
        7.23828125,
        8.6875,
        7.69921875,
        7.69921875,
        7.8515625,
        8.453125,
        9.453125,
        9.828125,
        10.546875,
        8.9140625,
        7.8046875,
        8.3046875,
        8.0546875,
        8.6015625,
        7.91015625,
        7.7890625,
        8.7578125,
        8.5078125,
        6.45703125,
        9.9609375,
        8.5703125,
        9.375,
        7.89453125,
        9.2109375,
        8.0546875,
        7.63671875,
        8.453125,
        7.8515625,
        10.2421875,
        8.8125,
        9.1953125,
        8.96875,
        9.25,
        9.6171875,
        6.79296875,
        9.234375,
        7.34765625,
        6.9140625,
        9.3203125,
        8.5546875,
        7.2890625,
        7.1328125,
        7.8828125,
        9.7734375,
        7.89453125,
        10.859375,
        8.671875,
        8.5859375,
        9.3203125,
        9.0859375,
        7.8203125,
        8.1328125,
        9.3203125,
        9.5625,
        9.5234375,
        7.59375,
        9.2890625,
        8.40625,
        8.5078125,
        10.1171875,
        9.828125,
        7.43359375,
        7.41796875,
        8.484375,
        9.4140625,
        9.4140625,
        7.69921875,
        8.640625,
        7.66796875,
        8.5078125,
        7.33984375,
        9.125,
        6.8125,
        7.69921875,
        6.67578125,
        8.46875,
        6.5703125,
        8.0390625,
        9.15625,
        8.1953125,
        9.8046875,
        7.8046875,
        7.8515625,
        8.453125
      ],
      "mean_perplexity": 8.399714176829269
    },
    "invalid_examples": [
      {
        "question": "Passage: Kindle Fire -- The Fire Tablet, formerly called the Kindle Fire, is a tablet computer developed by Amazon.com. Built with Quanta Computer, the Kindle Fire was first released in November 2011, featuring a color 7-inch multi-touch display with IPS technology and running a custom version of Google's Android operating system called Fire OS. The Kindle Fire HD followed in September 2012, and the Kindle Fire HDX in September 2013. In September 2014, when the fourth generation was introduced, the name ``Kindle'' was dropped. In September 2015, the fifth generation Fire 7 was released, followed by the sixth generation Fire HD 8, in September 2016. The seventh generation Fire 7 was released in June 2017.\nQuestion: is a fire 7 the same as a kindle\nAnswer:",
        "response": ""
      },
      {
        "question": "Passage: Gambling in Australia -- Gamblers' winnings in Australia are not taxed . There are 3 main reasons for that:\nQuestion: do you pay tax on gambling winnings in australia\nAnswer:",
        "response": " Gambling"
      },
      {
        "question": "Passage: Journey 2: The Mysterious Island -- Journey 2: The Mysterious Island is a 2012 American science fiction comedy adventure film directed by Brad Peyton and produced by Beau Flynn, Tripp Vinson and Charlotte Huggins. It is the sequel to Journey to the Center of the Earth (2008). Following the first film, the sequel is based on another Jules Verne novel, this time The Mysterious Island. The film stars Dwayne ``The Rock'' Johnson, Michael Caine, Josh Hutcherson, Vanessa Hudgens, Luis Guzm\u00e1n, and Kristin Davis. The story was written by Richard Outten, Brian Gunn and Mark Gunn, and the screenplay by Brian and Mark Gunn. Journey 2: The Mysterious Island was released in cinemas on February 10, 2012 by Warner Bros. Pictures, New Line Cinema and Walden Media to mixed reviews, but became a box office success with a worldwide gross of nearly $335 million, surpassing its predecessor. Journey 2: The Mysterious Island was released on DVD/Blu-ray on June 5, 2012.\nQuestion: is journey 2 the mysterious island a sequel\nAnswer:",
        "response": " Journey"
      },
      {
        "question": "Passage: Gollum -- The Ring, which Gollum referred to as ``my precious'' or ``precious'', extended his life far beyond natural limits. Centuries of the Ring's influence twisted Gollum's body and mind, and, by the time of the novels, he ``loved and hated (the Ring), just as he loved and hated himself.'' Throughout the story, Gollum was torn between his lust for the Ring and his desire to be free of it. Bilbo Baggins found the Ring and took it for his own, and Gollum afterwards pursued it for the rest of his life. Gollum finally seized the Ring from Frodo Baggins at the Cracks of Doom in Orodruin in Mordor; but he fell into the fires of the volcano, where both he and the Ring were destroyed.\nQuestion: does smeagol die in lord of the rings\nAnswer:",