{
  "metadata": {
    "timestamp": "20241216_103941",
    "model_name": "meta-llama/Llama-3.2-3B",
    "num_pruned_layers": 17,
    "has_adapter": false,
    "task": "boolq"
  },
  "metrics": {
    "response_quality": {
      "total_responses": 3270,
      "valid_responses": 1388,
      "invalid_responses": 1882,
      "invalid_percentage": 57.55351681957187
    },
    "metrics": {
      "accuracy": 0.6080691642651297,
      "evaluate_accuracy": {
        "accuracy": 0.2581039755351682
      },
      "precision": 0.6166158536585366,
      "recall": 0.951764705882353,
      "f1": 0.7483811285846438,
      "total_evaluated": 1388,
      "confusion_matrix": {
        "true_positives": 809,
        "true_negatives": 35,
        "false_positives": 503,
        "false_negatives": 41
      },
      "perplexities": [
        14784.0,
        14336.0,
        13048.0,
        12648.0,
        17152.0,
        12256.0,
        15864.0,
        14000.0,
        12552.0,
        14672.0,
        13888.0,
        12168.0,
        13464.0,
        13888.0,
        12456.0,
        12072.0,
        12952.0,
        14784.0,
        14560.0,
        15024.0,
        11696.0,
        11976.0,
        13360.0,
        14000.0,
        13464.0,
        10992.0,
        14784.0,
        13784.0,
        12168.0,
        17152.0,
        14224.0,
        13680.0,
        13888.0,
        14224.0,
        14560.0,
        14112.0,
        12952.0,
        13464.0,
        13464.0,
        15376.0,
        14112.0,
        13568.0,
        13464.0,
        13464.0,
        13568.0,
        10408.0,
        13888.0,
        14784.0,
        14904.0,
        12168.0,
        13152.0,
        14224.0,
        14904.0,
        11880.0,
        13464.0,
        14336.0,
        15024.0,
        12648.0,
        15992.0,
        16112.0,
        16112.0,
        11248.0,
        11520.0,
        17984.0,
        13360.0,
        13680.0,
        10488.0,
        14112.0,
        14000.0,
        13464.0,
        16752.0,
        16624.0,
        13784.0,
        14784.0,
        14336.0,
        14448.0,
        14784.0,
        15496.0,
        15864.0,
        14672.0,
        14336.0,
        18400.0,
        15496.0,
        15864.0,
        13568.0,
        16496.0,
        13464.0,
        17152.0,
        12168.0,
        14224.0,
        16496.0,
        11608.0,
        17984.0,
        11696.0,
        13152.0,
        12256.0,
        12848.0,
        13784.0,
        12352.0,
        15024.0,
        9328.0,
        14560.0,
        14904.0,
        15616.0,
        14904.0,
        15496.0,
        12648.0,
        14672.0,
        16896.0,
        13360.0,
        10160.0,
        16240.0,
        11424.0,
        12168.0,
        14112.0,
        16368.0,
        18256.0,
        16624.0,
        13256.0,
        15376.0,
        13464.0,
        14560.0,
        12848.0,
        14336.0,
        14000.0,
        12072.0,
        15376.0,
        13680.0,
        15256.0,
        15744.0,
        13888.0,
        13360.0,
        13464.0,
        14784.0,
        11976.0,
        13568.0,
        9848.0,
        12072.0,
        13048.0,
        10408.0,
        14672.0,
        16112.0,
        13888.0,
        12072.0,
        15744.0,
        13360.0,
        13152.0,
        14784.0,
        13568.0,
        17840.0,
        14784.0,
        15864.0,
        12552.0,
        12848.0,
        15616.0,
        12848.0,
        14000.0,
        10992.0,
        14112.0,
        14560.0,
        15024.0,
        12456.0,
        11336.0,
        13888.0,
        17024.0,
        17840.0,
        16368.0,
        13464.0,
        15864.0,
        15376.0,
        13360.0,
        11520.0,
        11976.0,
        15616.0,
        15864.0,
        11520.0,
        13048.0,
        11880.0,
        15256.0,
        13680.0,
        19280.0,
        13888.0,
        9328.0,
        13048.0,
        14672.0,
        12352.0,
        13784.0,
        11608.0,
        15376.0,
        11976.0,
        14112.0,
        13256.0,
        14560.0,
        11976.0,
        14336.0,
        12072.0,
        16752.0,
        11248.0,
        14000.0,
        14560.0,
        13568.0,
        17024.0,
        16624.0,
        13464.0,
        15256.0
      ],
      "mean_perplexity": 13999.024390243903
    },
    "invalid_examples": [
      {
        "question": "Passage: Ethanol fuel -- All biomass goes through at least some of these steps: it needs to be grown, collected, dried, fermented, distilled, and burned. All of these steps require resources and an infrastructure. The total amount of energy input into the process compared to the energy released by burning the resulting ethanol fuel is known as the energy balance (or ``energy returned on energy invested''). Figures compiled in a 2007 report by National Geographic Magazine point to modest results for corn ethanol produced in the US: one unit of fossil-fuel energy is required to create 1.3 energy units from the resulting ethanol. The energy balance for sugarcane ethanol produced in Brazil is more favorable, with one unit of fossil-fuel energy required to create 8 from the ethanol. Energy balance estimates are not easily produced, thus numerous such reports have been generated that are contradictory. For instance, a separate survey reports that production of ethanol from sugarcane, which requires a tropical climate to grow productively, returns from 8 to 9 units of energy for each unit expended, as compared to corn, which only returns about 1.34 units of fuel energy for each unit of energy expended. A 2006 University of California Berkeley study, after analyzing six separate studies, concluded that producing ethanol from corn uses much less petroleum than producing gasoline.\nQuestion: does ethanol take more energy make that produces\nAnswer:",
        "response": "so"
      },
      {
        "question": "Passage: Phantom pain -- Phantom pain sensations are described as perceptions that an individual experiences relating to a limb or an organ that is not physically part of the body. Limb loss is a result of either removal by amputation or congenital limb deficiency. However, phantom limb sensations can also occur following nerve avulsion or spinal cord injury.\nQuestion: is pain experienced in a missing body part or paralyzed area\nAnswer:",
        "response": "so"
      },
      {
        "question": "Passage: Hydroxyzine -- Hydroxyzine preparations require a doctor's prescription. The drug is available in two formulations, the pamoate and the dihydrochloride or hydrochloride salts. Vistaril, Equipose, Masmoran, and Paxistil are preparations of the pamoate salt, while Atarax, Alamon, Aterax, Durrax, Tran-Q, Orgatrax, Quiess, and Tranquizine are of the hydrochloride salt.\nQuestion: is there a difference between hydroxyzine hcl and hydroxyzine pam\nAnswer:",
        "response": "so"
      },
      {
        "question": "Passage: Alcohol laws of New York -- In response to the National Minimum Drinking Age Act in 1984, which reduced by up to 10% the federal highway funding of any state which did not have a minimum purchasing age of 21, the New York Legislature raised the drinking age from 19 to 21, effective December 1, 1985. (The drinking age had been 18 for many years before the first raise on December 4th, 1982, to 19.) Persons under 21 are prohibited from purchasing alcohol or possessing alcohol with the intent to consume, unless the alcohol was given to that person by their parent or legal guardian. There is no law prohibiting where people under 21 may possess or consume alcohol that was given to them by their parents. Persons under 21 are prohibited from having a blood alcohol level of 0.02% or higher while driving.\nQuestion: can minors drink with parents in new york\nAnswer:",