{
  "metadata": {
    "timestamp": "20241216_105212",
    "model_name": "Qwen/Qwen2.5-0.5B",
    "num_pruned_layers": 10,
    "has_adapter": false,
    "task": "boolq"
  },
  "metrics": {
    "response_quality": {
      "total_responses": 3270,
      "valid_responses": 2074,
      "invalid_responses": 1196,
      "invalid_percentage": 36.57492354740061
    },
    "metrics": {
      "accuracy": 0.6041465766634523,
      "evaluate_accuracy": {
        "accuracy": 0.38318042813455655
      },
      "precision": 0.619682214249103,
      "recall": 0.9386645962732919,
      "f1": 0.7465267057733869,
      "total_evaluated": 2074,
      "confusion_matrix": {
        "true_positives": 1209,
        "true_negatives": 44,
        "false_positives": 742,
        "false_negatives": 79
      },
      "perplexities": [
        173.5,
        150.75,
        161.125,
        176.875,
        170.875,
        156.75,
        153.75,
        170.875,
        153.125,
        207.625,
        189.875,
        156.75,
        149.625,
        168.875,
        168.875,
        173.5,
        164.25,
        190.625,
        181.875,
        170.125,
        186.875,
        151.375,
        137.75,
        151.875,
        210.125,
        128.5,
        192.875,
        157.375,
        164.25,
        196.625,
        182.5,
        150.75,
        170.125,
        186.125,
        204.5,
        162.375,
        148.375,
        203.625,
        188.375,
        154.875,
        131.5,
        152.5,
        213.375,
        156.125,
        183.25,
        170.875,
        158.625,
        179.75,
        164.25,
        145.0,
        161.75,
        169.5,
        163.0,
        149.625,
        168.875,
        181.875,
        174.25,
        210.125,
        172.125,
        172.875,
        198.875,
        145.5,
        164.875,
        201.25,
        217.625,
        189.875,
        168.875,
        145.5,
        184.75,
        145.5,
        202.125,
        220.25,
        217.625,
        144.375,
        184.0,
        241.875,
        152.5,
        155.5,
        192.875,
        183.25,
        170.125,
        176.875,
        151.875,
        179.75,
        150.75,
        147.875,
        192.0,
        240.0,
        194.375,
        181.125,
        173.5,
        163.0,
        175.5,
        240.0,
        185.375,
        157.375,
        124.5,
        150.125,
        220.25,
        215.125,
        131.5,
        183.25,
        171.5,
        184.0,
        163.0,
        153.75,
        168.125,
        177.625,
        181.125,
        153.125,
        145.5,
        175.5,
        141.625,
        150.75,
        194.375,
        221.875,
        181.125,
        183.25,
        169.5,
        176.25,
        156.75,
        181.875,
        197.375,
        176.875,
        160.5,
        151.875,
        185.375,
        162.375,
        188.375,
        226.25,
        220.25,
        159.25,
        190.625,
        180.375,
        168.875,
        171.5,
        146.125,
        158.0,
        151.375,
        192.0,
        170.875,
        168.875,
        163.625,
        139.375,
        205.25,
        211.75,
        174.25,
        176.875,
        178.375,
        210.125,
        179.0,
        170.125,
        160.5,
        211.75,
        188.375,
        181.875,
        153.125,
        140.0,
        178.375,
        189.125,
        187.625,
        141.625,
        143.25,
        195.875,
        208.5,
        200.5,
        224.5,
        180.375,
        172.875,
        162.375,
        168.125,
        147.25,
        145.0,
        170.875,
        216.0,
        188.375,
        152.5,
        185.375,
        189.875,
        150.75,
        192.0,
        187.625,
        156.125,
        137.25,
        228.125,
        176.875,
        164.875,
        149.625,
        184.75,
        166.875,
        210.125,
        194.375,
        179.0,
        151.875,
        151.375,
        195.125,
        216.75,
        134.625,
        201.25,
        203.625,
        151.375,
        182.5,
        153.75,
        141.125,
        149.625
      ],
      "mean_perplexity": 174.7378048780488
    },
    "invalid_examples": [
      {
        "question": "Passage: Harry Potter and the Escape from Gringotts -- Harry Potter and the Escape from Gringotts is an indoor steel roller coaster at Universal Studios Florida, a theme park located within the Universal Orlando Resort. Similar to dark rides, the roller coaster utilizes special effects in a controlled-lighting environment and also employs motion-based 3-D projection of both animation and live-action sequences to enhance the experience. The ride, which is themed to the Gringotts Wizarding Bank, became the flagship attraction for the expanded Wizarding World of Harry Potter when it opened on July 8, 2014.\nQuestion: is harry potter and the escape from gringotts a roller coaster ride\nAnswer:",
        "response": " Gr"
      },
      {
        "question": "Passage: Hydroxyzine -- Hydroxyzine preparations require a doctor's prescription. The drug is available in two formulations, the pamoate and the dihydrochloride or hydrochloride salts. Vistaril, Equipose, Masmoran, and Paxistil are preparations of the pamoate salt, while Atarax, Alamon, Aterax, Durrax, Tran-Q, Orgatrax, Quiess, and Tranquizine are of the hydrochloride salt.\nQuestion: is there a difference between hydroxyzine hcl and hydroxyzine pam\nAnswer:",
        "response": " Hydro"
      },
      {
        "question": "Passage: Barq's -- Barq's /\u02c8b\u0251\u02d0rks/ is an American soft drink. Its brand of root beer is notable for having caffeine. Barq's, created by Edward Barq and bottled since the turn of the 20th century, is owned by the Barq family but bottled by the Coca-Cola Company. It was known as Barq's Famous Olde Tyme Root Beer until 2012.\nQuestion: is barq's root beer a pepsi product\nAnswer:",
        "response": " Bar"
      },
      {
        "question": "Passage: American entry into Canada by land -- Persons driving into Canada must have their vehicle's registration document and proof of insurance.\nQuestion: can u drive in canada with us license\nAnswer:",
        "response": " You"
      },
      {
        "question": "Passage: Alcohol laws of New York -- In response to the National Minimum Drinking Age Act in 1984, which reduced by up to 10% the federal highway funding of any state which did not have a minimum purchasing age of 21, the New York Legislature raised the drinking age from 19 to 21, effective December 1, 1985. (The drinking age had been 18 for many years before the first raise on December 4th, 1982, to 19.) Persons under 21 are prohibited from purchasing alcohol or possessing alcohol with the intent to consume, unless the alcohol was given to that person by their parent or legal guardian. There is no law prohibiting where people under 21 may possess or consume alcohol that was given to them by their parents. Persons under 21 are prohibited from having a blood alcohol level of 0.02% or higher while driving.\nQuestion: can minors drink with parents in new york\nAnswer:",
        "response": " Alcohol"
      },
      {
        "question": "Passage: Bloodline (TV series) -- Bloodline was announced in October 2014 as part of a partnership between Netflix and Sony Pictures Television, representing Netflix's first major deal with a major film studio for a television series. The series was created and executive produced by Todd A. Kessler, Glenn Kessler, and Daniel Zelman, who previously created the FX series Damages. According to its official synopsis released by Netflix, Bloodline ``centers on a close-knit family of four adult siblings whose secrets and scars are revealed when their black sheep brother returns home.''\nQuestion: is the show bloodline based on a true story\nAnswer:",