{
  "metadata": {
    "timestamp": "20241216_140122",
    "model_name": "Qwen/Qwen2.5-14B",
    "num_pruned_layers": 35,
    "has_adapter": false,
    "task": "boolq"
  },
  "metrics": {
    "response_quality": {
      "total_responses": 3270,
      "valid_responses": 2807,
      "invalid_responses": 463,
      "invalid_percentage": 14.15902140672783
    },
    "metrics": {
      "accuracy": 0.6277164232276452,
      "evaluate_accuracy": {
        "accuracy": 0.5388379204892967
      },
      "precision": 0.6278986799857296,
      "recall": 0.9988649262202043,
      "f1": 0.7710843373493976,
      "total_evaluated": 2807,
      "confusion_matrix": {
        "true_positives": 1760,
        "true_negatives": 2,
        "false_positives": 1043,
        "false_negatives": 2
      },
      "perplexities": [
        Infinity,
        24000.0,
        26992.0,
        Infinity,
        11792.0,
        16112.0,
        Infinity,
        58048.0,
        19440.0,
        64736.0,
        22896.0,
        34656.0,
        8696.0,
        Infinity,
        15864.0,
        34912.0,
        18992.0,
        12552.0,
        Infinity,
        Infinity,
        13256.0,
        57568.0,
        Infinity,
        9112.0,
        12072.0,
        18256.0,
        24192.0,
        33600.0,
        36608.0,
        9040.0,
        4840.0,
        15992.0,
        Infinity,
        Infinity,
        9040.0,
        15496.0,
        45184.0,
        Infinity,
        8968.0,
        16896.0,
        10088.0,
        26160.0,
        Infinity,
        45184.0,
        9928.0,
        23264.0,
        6020.0,
        20528.0,
        10160.0,
        4728.0,
        28064.0,
        33056.0,
        10648.0,
        9256.0,
        21024.0,
        15744.0,
        16496.0,
        33600.0,
        Infinity,
        25360.0,
        50016.0,
        Infinity,
        8040.0,
        Infinity,
        58944.0,
        27408.0,
        50816.0,
        8760.0,
        Infinity,
        12256.0,
        18688.0,
        8832.0,
        25360.0,
        23440.0,
        Infinity,
        15024.0,
        5700.0,
        13568.0,
        Infinity,
        23088.0,
        26992.0,
        Infinity,
        10816.0,
        12744.0,
        26368.0,
        Infinity,
        9928.0,
        7916.0,
        22544.0,
        31056.0,
        43808.0,
        Infinity,
        10160.0,
        24576.0,
        18544.0,
        8560.0,
        6460.0,
        Infinity,
        52032.0,
        8696.0,
        46272.0,
        7152.0,
        29872.0,
        Infinity,
        43456.0,
        9696.0,
        31792.0,
        Infinity,
        Infinity,
        44480.0,
        27840.0,
        62272.0,
        22720.0,
        13256.0,
        Infinity,
        15496.0,
        21344.0,
        22544.0,
        18112.0,
        7096.0,
        12952.0,
        20688.0,
        16496.0,
        11424.0,
        Infinity,
        Infinity,
        9112.0,
        12072.0,
        17840.0,
        43136.0,
        25360.0,
        50816.0,
        33600.0,
        11976.0,
        14904.0,
        Infinity,
        38048.0,
        38976.0,
        14784.0,
        61280.0,
        64736.0,
        22368.0,
        24384.0,
        32560.0,
        29184.0,
        13152.0,
        20688.0,
        38368.0,
        11424.0,
        16496.0,
        8560.0,
        Infinity,
        6564.0,
        Infinity,
        Infinity,
        27200.0,
        11336.0,
        26992.0,
        Infinity,
        Infinity,
        Infinity,
        13464.0,
        Infinity,
        Infinity,
        7320.0,
        38048.0,
        Infinity,
        28960.0,
        58944.0,
        59872.0,
        8968.0,
        25952.0,
        Infinity,
        25152.0,
        14000.0,
        20688.0,
        16112.0,
        Infinity,
        33312.0,
        Infinity,
        65248.0,
        9112.0,
        10408.0,
        15616.0,
        Infinity,
        47744.0,
        6664.0,
        13048.0,
        Infinity,
        5884.0,
        51200.0,
        14112.0,
        25744.0,
        11336.0,
        17568.0,
        38048.0,
        18256.0,
        8424.0,
        25360.0,
        14784.0,
        37472.0,
        7612.0,
        28720.0,
        31056.0,
        35744.0
      ],
      "mean_perplexity": Infinity
    },
    "invalid_examples": [
      {
        "question": "Passage: Property tax -- Property tax or 'house tax' is a local tax on buildings, along with appurtenant land. It is and imposed on the Possessor (not the custodian of property as per 1978, 44th amendment of constitution). It resembles the US-type wealth tax and differs from the excise-type UK rate. The tax power is vested in the states and is delegated to local bodies, specifying the valuation method, rate band, and collection procedures. The tax base is the annual rental value (ARV) or area-based rating. Owner-occupied and other properties not producing rent are assessed on cost and then converted into ARV by applying a percentage of cost, usually four percent. Vacant land is generally exempt. Central government properties are exempt. Instead a 'service charge' is permissible under executive order. Properties of foreign missions also enjoy tax exemption without requiring reciprocity. The tax is usually accompanied by service taxes, e.g., water tax, drainage tax, conservancy (sanitation) tax, lighting tax, all using the same tax base. The rate structure is flat on rural (panchayat) properties, but in the urban (municipal) areas it is mildly progressive with about 80% of assessments falling in the first two brackets.\nQuestion: is house tax and property tax are same\nAnswer:",
        "response": " =\""
      },
      {
        "question": "Passage: Phantom pain -- Phantom pain sensations are described as perceptions that an individual experiences relating to a limb or an organ that is not physically part of the body. Limb loss is a result of either removal by amputation or congenital limb deficiency. However, phantom limb sensations can also occur following nerve avulsion or spinal cord injury.\nQuestion: is pain experienced in a missing body part or paralyzed area\nAnswer:",
        "response": " a"
      },
      {
        "question": "Passage: Barq's -- Barq's /\u02c8b\u0251\u02d0rks/ is an American soft drink. Its brand of root beer is notable for having caffeine. Barq's, created by Edward Barq and bottled since the turn of the 20th century, is owned by the Barq family but bottled by the Coca-Cola Company. It was known as Barq's Famous Olde Tyme Root Beer until 2012.\nQuestion: is barq's root beer a pepsi product\nAnswer:",
        "response": "\\'"
      },
      {
        "question": "Passage: Kindle Fire -- The Fire Tablet, formerly called the Kindle Fire, is a tablet computer developed by Amazon.com. Built with Quanta Computer, the Kindle Fire was first released in November 2011, featuring a color 7-inch multi-touch display with IPS technology and running a custom version of Google's Android operating system called Fire OS. The Kindle Fire HD followed in September 2012, and the Kindle Fire HDX in September 2013. In September 2014, when the fourth generation was introduced, the name ``Kindle'' was dropped. In September 2015, the fifth generation Fire 7 was released, followed by the sixth generation Fire HD 8, in September 2016. The seventh generation Fire 7 was released in June 2017.\nQuestion: is a fire 7 the same as a kindle\nAnswer:",