{
  "metadata": {
    "timestamp": "20241216_141221",
    "model_name": "Qwen/Qwen2.5-14B",
    "num_pruned_layers": 42,
    "has_adapter": true,
    "task": "boolq"
  },
  "metrics": {
    "response_quality": {
      "total_responses": 3270,
      "valid_responses": 2938,
      "invalid_responses": 332,
      "invalid_percentage": 10.15290519877676
    },
    "metrics": {
      "accuracy": 0.6255956432947584,
      "evaluate_accuracy": {
        "accuracy": 0.5620795107033639
      },
      "precision": 0.6261107313738893,
      "recall": 0.9967355821545157,
      "f1": 0.7691015952980689,
      "total_evaluated": 2938,
      "confusion_matrix": {
        "true_positives": 1832,
        "true_negatives": 6,
        "false_positives": 1094,
        "false_negatives": 6
      },
      "perplexities": [
        131.5,
        109.875,
        126.9375,
        124.5,
        134.125,
        114.6875,
        125.4375,
        132.0,
        122.0625,
        151.375,
        145.5,
        126.9375,
        122.5625,
        130.0,
        131.0,
        124.5,
        131.0,
        140.0,
        140.0,
        138.375,
        138.875,
        115.5625,
        107.75,
        121.625,
        150.75,
        93.625,
        143.25,
        126.9375,
        130.5,
        151.875,
        144.375,
        115.5625,
        132.5,
        143.875,
        139.375,
        124.0,
        118.3125,
        145.0,
        140.0,
        112.4375,
        112.4375,
        119.25,
        147.875,
        119.75,
        137.75,
        128.5,
        125.4375,
        143.25,
        124.0,
        115.5625,
        126.9375,
        129.5,
        121.125,
        110.3125,
        133.0,
        143.875,
        134.625,
        161.75,
        116.9375,
        145.5,
        150.75,
        110.3125,
        122.5625,
        155.5,
        161.75,
        122.5625,
        125.4375,
        125.0,
        135.625,
        118.3125,
        157.375,
        163.0,
        154.375,
        112.0,
        131.5,
        149.0,
        118.3125,
        125.0,
        134.125,
        136.25,
        125.0,
        147.25,
        119.75,
        140.0,
        116.0625,
        123.0625,
        154.375,
        181.875,
        146.125,
        140.5,
        129.0,
        125.0,
        143.875,
        166.25,
        130.0,
        114.25,
        95.4375,
        121.125,
        164.25,
        153.125,
        98.5,
        143.875,
        133.0,
        139.375,
        125.9375,
        133.5,
        118.8125,
        141.125,
        137.25,
        123.5,
        100.4375,
        136.75,
        117.375,
        105.25,
        146.125,
        184.75,
        149.0,
        141.125,
        124.5,
        131.0,
        114.25,
        131.0,
        144.375,
        130.5,
        119.75,
        119.25,
        141.125,
        116.9375,
        150.75,
        157.375,
        151.875,
        123.5,
        147.875,
        143.25,
        133.5,
        132.0,
        110.75,
        132.5,
        121.625,
        137.25,
        139.375,
        128.5,
        125.4375,
        104.8125,
        147.25,
        142.125,
        128.5,
        150.125,
        136.25,
        164.875,
        135.625,
        146.625,
        119.75,
        143.25,
        149.625,
        126.9375,
        124.5,
        99.625,
        131.0,
        135.125,
        142.75,
        97.6875,
        102.375,
        153.75,
        166.875,
        160.5,
        175.5,
        123.5,
        141.625,
        119.75,
        127.4375,
        114.25,
        111.5625,
        130.0,
        148.375,
        125.4375,
        124.0,
        133.0,
        159.875,
        103.625,
        168.875,
        145.5,
        107.3125,
        107.3125,
        152.5,
        130.0,
        131.5,
        113.375,
        124.0,
        127.9375,
        151.875,
        134.125,
        138.375,
        122.5625,
        114.25,
        126.9375,
        146.125,
        89.3125,
        142.75,
        150.125,
        126.4375,
        149.0,
        116.0625,
        102.375,
        124.5
      ],
      "mean_perplexity": 132.27286585365854
    },
    "invalid_examples": [
      {
        "question": "Passage: Harry Potter and the Escape from Gringotts -- Harry Potter and the Escape from Gringotts is an indoor steel roller coaster at Universal Studios Florida, a theme park located within the Universal Orlando Resort. Similar to dark rides, the roller coaster utilizes special effects in a controlled-lighting environment and also employs motion-based 3-D projection of both animation and live-action sequences to enhance the experience. The ride, which is themed to the Gringotts Wizarding Bank, became the flagship attraction for the expanded Wizarding World of Harry Potter when it opened on July 8, 2014.\nQuestion: is harry potter and the escape from gringotts a roller coaster ride\nAnswer:",
        "response": " Harry"
      },
      {
        "question": "Passage: Russell Group -- In March 2012 it was announced that four universities -- Durham, Exeter, Queen Mary University of London; and York -- would become members of the Russell Group in August of the same year. All of the new members had previously been members of the 1994 Group of British universities.\nQuestion: is durham university part of the russell group\nAnswer:",
        "response": " Russell"
      },
      {
        "question": "Passage: Magnesium citrate -- Magnesium citrate is a magnesium preparation in salt form with citric acid in a 1:1 ratio (1 magnesium atom per citrate molecule). The name ``magnesium citrate'' is ambiguous and sometimes may refer to other salts such as trimagnesium citrate which has a magnesium:citrate ratio of 3:2.\nQuestion: does magnesium citrate have citric acid in it\nAnswer:",
        "response": " Magn"
      },
      {
        "question": "Passage: Post-office box -- Street Addressing will have the same street address of the post office, plus a ``unit number'' that matches the P.O. Box number. As an example, in El Centro, California, the post office is located at 1598 Main Street. Therefore, for P.O. Box 9975 (fictitious), the Street Addressing would be: 1598 Main Street Unit 9975, El Centro, CA. Nationally, the first five digits of the zip code may or may not be the same as the P.O. Box address, and the last four digits (Zip + 4) are virtually always different. Except for a few of the largest post offices in the U.S., the 'Street Addressing' (not the P.O. Box address) nine digit Zip + 4 is the same for all boxes at a given location.\nQuestion: does p o box come before street address\nAnswer:",
        "response": " P"
      },
      {
        "question": "Passage: Deadpool -- As part of Marvel's Marvel NOW! initiative a new Deadpool ongoing series was launched, written by Brian Posehn and Gerry Duggan and illustrated by Tony Moore. He is also a member of the Thunderbolts. In the 27th issue of his new series, as part of ``All-New Marvel NOW!'', Deadpool was married for the third time. Initially a secret, his bride was revealed in the webcomic Deadpool: The Gauntlet to be Shiklah, Queen of the Undead. Deadpool also discovers that he has a daughter by the name of Eleanor from a former flame of Deadpool named Carmelita.\nQuestion: does deadpool have a kid in the comics\nAnswer:",
        "response": " Deadpool"
      },
      {
        "question": "Passage: Benson & Hedges -- Benson & Hedges is a British brand of cigarettes owned by either Philip Morris International, British American Tobacco, or Japan Tobacco, depending on the region. In the UK, they are registered in Old Bond Street in London, and are manufactured in Lisnafillan, Ballymena, Northern Ireland.\nQuestion: do they still make benson & hedges cigarettes\nAnswer:",