{
  "metadata": {
    "timestamp": "20241216_133001",
    "model_name": "Qwen/Qwen2.5-14B",
    "num_pruned_layers": 17,
    "has_adapter": false,
    "task": "boolq"
  },
  "metrics": {
    "response_quality": {
      "total_responses": 3270,
      "valid_responses": 3243,
      "invalid_responses": 27,
      "invalid_percentage": 0.8256880733944955
    },
    "metrics": {
      "accuracy": 0.6225716928769658,
      "evaluate_accuracy": {
        "accuracy": 0.6174311926605505
      },
      "precision": 0.6224552745219001,
      "recall": 1.0,
      "f1": 0.7673003802281368,
      "total_evaluated": 3243,
      "confusion_matrix": {
        "true_positives": 2018,
        "true_negatives": 1,
        "false_positives": 1224,
        "false_negatives": 0
      },
      "perplexities": [
        58.125,
        54.1875,
        52.71875,
        58.8125,
        58.125,
        48.84375,
        55.90625,
        51.90625,
        60.90625,
        68.5,
        60.65625,
        52.0,
        62.125,
        55.6875,
        56.125,
        52.71875,
        55.6875,
        63.09375,
        60.1875,
        57.90625,
        59.28125,
        50.6875,
        55.90625,
        51.6875,
        61.375,
        50.6875,
        66.125,
        57.0,
        56.34375,
        64.8125,
        60.65625,
        48.28125,
        53.53125,
        58.5625,
        61.625,
        56.34375,
        52.1875,
        61.15625,
        57.90625,
        56.125,
        51.1875,
        59.28125,
        61.15625,
        50.1875,
        58.34375,
        54.59375,
        48.65625,
        61.15625,
        45.1875,
        53.21875,
        53.53125,
        52.3125,
        54.59375,
        50.78125,
        62.34375,
        55.03125,
        58.34375,
        65.375,
        59.03125,
        58.8125,
        58.34375,
        57.4375,
        61.15625,
        61.625,
        67.1875,
        61.15625,
        50.6875,
        55.46875,
        66.625,
        44.21875,
        64.8125,
        67.1875,
        68.1875,
        50.6875,
        66.875,
        58.8125,
        55.03125,
        58.125,
        64.8125,
        59.96875,
        53.125,
        60.1875,
        55.90625,
        59.5,
        47.8125,
        59.5,
        65.375,
        69.8125,
        62.84375,
        59.03125,
        57.4375,
        58.34375,
        66.875,
        66.125,
        51.09375,
        50.90625,
        43.78125,
        50.09375,
        67.6875,
        66.375,
        44.375,
        59.5,
        56.5625,
        68.5,
        57.4375,
        53.65625,
        56.34375,
        64.0625,
        59.5,
        58.34375,
        50.78125,
        64.0625,
        45.96875,
        52.1875,
        58.5625,
        67.9375,
        61.15625,
        59.03125,
        58.34375,
        54.8125,
        49.625,
        60.90625,
        61.375,
        59.71875,
        53.65625,
        53.65625,
        62.59375,
        56.78125,
        60.65625,
        68.5,
        58.5625,
        56.34375,
        60.1875,
        62.34375,
        58.34375,
        59.71875,
        51.90625,
        58.5625,
        52.1875,
        53.4375,
        56.125,
        63.09375,
        61.375,
        52.40625,
        55.03125,
        70.625,
        57.65625,
        64.3125,
        62.84375,
        61.625,
        55.03125,
        61.15625,
        50.5,
        70.375,
        67.9375,
        52.3125,
        60.1875,
        48.0,
        56.34375,
        61.875,
        62.84375,
        44.125,
        52.1875,
        68.1875,
        68.5,
        61.15625,
        76.375,
        55.6875,
        56.5625,
        53.03125,
        56.125,
        55.03125,
        51.375,
        60.65625,
        62.125,
        57.65625,
        56.5625,
        59.71875,
        62.34375,
        55.46875,
        67.1875,
        66.375,
        52.59375,
        45.71875,
        64.3125,
        58.34375,
        59.5,
        49.125,
        64.0625,
        51.09375,
        64.0625,
        63.09375,
        58.5625,
        55.03125,
        50.59375,
        57.0,
        67.4375,
        45.1875,
        69.0,
        71.75,
        56.5625,
        61.875,
        55.6875,
        53.75,
        59.96875
      ],
      "mean_perplexity": 58.09969512195122
    },
    "invalid_examples": [
      {
        "question": "Passage: Magnesium citrate -- Magnesium citrate is a magnesium preparation in salt form with citric acid in a 1:1 ratio (1 magnesium atom per citrate molecule). The name ``magnesium citrate'' is ambiguous and sometimes may refer to other salts such as trimagnesium citrate which has a magnesium:citrate ratio of 3:2.\nQuestion: does magnesium citrate have citric acid in it\nAnswer:",
        "response": " Magn"
      },
      {
        "question": "Passage: Pam Beesly -- In the series pilot, Michael is overtly rude to Pam and at one point fakes her firing, leaving her in tears. He often makes suggestive if harmless remarks about her beauty and general appearance, and at one point lies to the camera that they used to date (inspiring a horrified ``WHAT???'' from Pam when an interviewer relays the message to her). However, his impulsive attempt to kiss her during Diwali is shot down and marked the end of any romantic dreams for Michael with Pam. Over time, the combination of Michael being supportive of her goals, her transition from a bad relationship with Roy to a great one with Jim as well as her finding a job she not only enjoys but is effective at in the office administrator position and Michael finding his own soulmate in Holly Flax made Pam soften her stance towards Michael, and the experience at the Michael Scott Paper Company further bonded them (as did Michael's decision to choose Pam instead of Ryan Howard as the only MSPC salesman to keep that job when Michael returned as Branch Manager). Pam was furious at Michael for dating her mom Helene, and excoriated him at length during ``The Lover'' before eventually slapping him in ``Double Date'', but they once again were able to be civil to each other afterward. Pam does set up boundaries around her personal life that Michael can't cross, like telling him that he wasn't Cece's godfather. By Season 7, Pam acts as something of a guardian angel for Michael, steering him away from (numerous) bad ideas and towards his (fewer but real) good ones, such as his successful efforts to propose to Holly. In Michael's finale ``Goodbye, Michael'', Pam spends the whole day looking for a shredder, believing that the next day Michael was leaving. As Michael takes off his microphone and heads down the airport concourse, Pam runs to him with no shoes and hugs him as he kisses her cheek. The two have a nice moment and he walks off, leaving her holding her shoes. She then tells the camera that he was happy, wanting to be an advanced rewards member, and was glad to be going home to see Holly. She then is there to watch Michael's plane take off. In a deleted scene from ``The Inner Circle'', we learn Pam is flattered that Michael named his new puppy ``Pamela Beagsley'', and in ``The List'' she playfully teases Jim by calling their second child ``Little Michael Scott'', further proving that the two have developed a genuine friendship.\nQuestion: did michael and pam date on the office\nAnswer:",
        "response": " Pam"
      },
      {
        "question": "Passage: Postpositive adjective -- A postpositive or postnominal adjective is an attributive adjective that is placed after the noun or pronoun that it modifies. This contrasts with prepositive adjectives, which come before the noun or pronoun.\nQuestion: do adjectives have to come before a noun\nAnswer:",