{
  "metadata": {
    "timestamp": "20241216_125449",
    "model_name": "Qwen/Qwen2.5-14B",
    "num_pruned_layers": 7,
    "has_adapter": false,
    "task": "boolq"
  },
  "metrics": {
    "response_quality": {
      "total_responses": 3270,
      "valid_responses": 2842,
      "invalid_responses": 428,
      "invalid_percentage": 13.088685015290519
    },
    "metrics": {
      "accuracy": 0.6175228712174525,
      "evaluate_accuracy": {
        "accuracy": 0.536697247706422
      },
      "precision": 0.6222383194494748,
      "recall": 0.9750283768444948,
      "f1": 0.7596727835507406,
      "total_evaluated": 2842,
      "confusion_matrix": {
        "true_positives": 1718,
        "true_negatives": 37,
        "false_positives": 1043,
        "false_negatives": 44
      },
      "perplexities": [
        15.703125,
        16.359375,
        13.6171875,
        24.515625,
        14.1328125,
        11.6953125,
        15.890625,
        14.8359375,
        23.765625,
        20.96875,
        17.078125,
        16.984375,
        31.296875,
        18.390625,
        14.4140625,
        13.09375,
        16.65625,
        21.046875,
        16.78125,
        15.890625,
        13.3515625,
        17.515625,
        21.59375,
        10.875,
        20.078125,
        11.1328125,
        16.140625,
        15.1328125,
        14.4140625,
        17.59375,
        14.5234375,
        13.171875,
        13.0703125,
        16.140625,
        14.9296875,
        15.640625,
        17.28125,
        25.9375,
        14.1328125,
        15.3125,
        12.015625,
        15.1015625,
        22.625,
        13.1484375,
        14.6640625,
        11.5078125,
        16.390625,
        17.90625,
        14.8984375,
        14.5546875,
        15.609375,
        13.4296875,
        16.625,
        18.765625,
        13.5625,
        14.6640625,
        21.71875,
        18.28125,
        26.96875,
        14.3828125,
        18.875,
        15.015625,
        12.546875,
        20.71875,
        19.5,
        13.6953125,
        12.4921875,
        11.7421875,
        26.140625,
        12.9921875,
        14.0234375,
        20.40625,
        16.203125,
        16.75,
        18.65625,
        16.265625,
        15.0703125,
        15.3671875,
        19.890625,
        18.140625,
        12.7890625,
        14.953125,
        11.1328125,
        14.2421875,
        12.9140625,
        17.25,
        16.78125,
        27.40625,
        16.78125,
        17.453125,
        20.359375,
        14.6953125,
        14.984375,
        12.9140625,
        12.7890625,
        14.0234375,
        13.25,
        12.6171875,
        17.65625,
        14.296875,
        10.484375,
        15.015625,
        15.5234375,
        28.046875,
        12.328125,
        20.4375,
        13.09375,
        15.3671875,
        21.5,
        16.078125,
        10.3203125,
        17.3125,
        13.015625,
        13.671875,
        31.65625,
        14.640625,
        16.140625,
        16.109375,
        14.1875,
        12.96875,
        11.578125,
        17.34375,
        18.390625,
        13.2734375,
        13.6953125,
        12.9140625,
        15.1015625,
        16.90625,
        18.359375,
        26.5,
        22.234375,
        20.125,
        15.921875,
        15.796875,
        22.765625,
        13.328125,
        13.9375,
        15.0703125,
        15.765625,
        13.5625,
        16.421875,
        21.671875,
        19.921875,
        13.0703125,
        15.015625,
        14.328125,
        19.359375,
        19.890625,
        12.7421875,
        21.671875,
        24.328125,
        18.109375,
        16.84375,
        21.671875,
        19.578125,
        11.3125,
        20.28125,
        12.328125,
        12.2265625,
        20.328125,
        18.4375,
        14.328125,
        12.6640625,
        18.140625,
        29.34375,
        15.953125,
        24.90625,
        16.078125,
        15.21875,
        15.4609375,
        14.3828125,
        13.015625,
        12.96875,
        18.140625,
        15.890625,
        15.34375,
        14.046875,
        19.234375,
        14.078125,
        18.390625,
        25.140625,
        17.96875,
        12.1796875,
        12.0859375,
        15.1328125,
        18.546875,
        14.75,
        13.859375,
        23.8125,
        13.7265625,
        15.4296875,
        15.828125,
        16.453125,
        12.328125,
        13.96875,
        11.78125,
        14.6953125,
        13.046875,
        16.546875,
        21.765625,
        14.1328125,
        18.28125,
        14.4375,
        13.6953125,
        13.1953125
      ],
      "mean_perplexity": 16.497903963414632
    },
    "invalid_examples": [
      {
        "question": "Passage: Ethanol fuel -- All biomass goes through at least some of these steps: it needs to be grown, collected, dried, fermented, distilled, and burned. All of these steps require resources and an infrastructure. The total amount of energy input into the process compared to the energy released by burning the resulting ethanol fuel is known as the energy balance (or ``energy returned on energy invested''). Figures compiled in a 2007 report by National Geographic Magazine point to modest results for corn ethanol produced in the US: one unit of fossil-fuel energy is required to create 1.3 energy units from the resulting ethanol. The energy balance for sugarcane ethanol produced in Brazil is more favorable, with one unit of fossil-fuel energy required to create 8 from the ethanol. Energy balance estimates are not easily produced, thus numerous such reports have been generated that are contradictory. For instance, a separate survey reports that production of ethanol from sugarcane, which requires a tropical climate to grow productively, returns from 8 to 9 units of energy for each unit expended, as compared to corn, which only returns about 1.34 units of fuel energy for each unit of energy expended. A 2006 University of California Berkeley study, after analyzing six separate studies, concluded that producing ethanol from corn uses much less petroleum than producing gasoline.\nQuestion: does ethanol take more energy make that produces\nAnswer:",
        "response": " Energy"
      },
      {
        "question": "Passage: The Strangers (2008 film) -- The Strangers is a 2008 American slasher film written and directed by Bryan Bertino. Kristen (Liv Tyler) and James (Scott Speedman) are expecting a relaxing weekend at a family vacation home, but their stay turns out to be anything but peaceful as three masked torturers leave Kristen and James struggling for survival. Writer-director Bertino was inspired by real-life events: the Manson family Tate murders, a multiple homicide; the Keddie Cabin Murders, that occurred in California in 1981; and a series of break-ins that occurred in his own neighborhood as a child. Made on a budget of $9 million, the film was shot on location in rural South Carolina in the fall of 2006.\nQuestion: was the movie strangers based on a true story\nAnswer:",