{
  "metadata": {
    "timestamp": "20241216_123845",
    "model_name": "Qwen/Qwen2.5-14B",
    "num_pruned_layers": 1,
    "has_adapter": false,
    "task": "boolq"
  },
  "metrics": {
    "response_quality": {
      "total_responses": 3270,
      "valid_responses": 3270,
      "invalid_responses": 0,
      "invalid_percentage": 0.0
    },
    "metrics": {
      "accuracy": 0.8813455657492355,
      "evaluate_accuracy": {
        "accuracy": 0.8813455657492355
      },
      "precision": 0.8998541565386485,
      "recall": 0.9104771273979341,
      "f1": 0.9051344743276284,
      "total_evaluated": 3270,
      "confusion_matrix": {
        "true_positives": 1851,
        "true_negatives": 1031,
        "false_positives": 206,
        "false_negatives": 182
      },
      "perplexities": [
        6.48828125,
        7.21875,
        6.3515625,
        7.94140625,
        6.99609375,
        6.203125,
        6.2890625,
        6.75390625,
        6.89453125,
        8.1171875,
        8.40625,
        6.8203125,
        7.16015625,
        7.125,
        5.82421875,
        5.68359375,
        7.3515625,
        8.4375,
        8.359375,
        6.45703125,
        5.390625,
        6.11328125,
        6.5390625,
        5.33203125,
        8.671875,
        6.24609375,
        5.828125,
        8.1953125,
        7.34765625,
        7.8046875,
        7.03125,
        6.9609375,
        5.99609375,
        6.78125,
        6.94921875,
        6.60546875,
        6.734375,
        7.95703125,
        6.46875,
        5.75390625,
        5.98828125,
        6.37109375,
        8.4375,
        5.2109375,
        6.1484375,
        6.2890625,
        6.9140625,
        6.7890625,
        7.4609375,
        6.5546875,
        6.0078125,
        6.36328125,
        5.88671875,
        8.0078125,
        6.2421875,
        7.26171875,
        8.3046875,
        7.26171875,
        7.71484375,
        6.88671875,
        6.55859375,
        6.9296875,
        6.05859375,
        7.18359375,
        9.0703125,
        6.34375,
        5.88671875,
        5.8125,
        7.89453125,
        5.43359375,
        6.96875,
        7.7890625,
        7.40234375,
        6.99609375,
        6.41796875,
        8.0078125,
        6.1875,
        7.4609375,
        7.59375,
        7.41796875,
        5.68359375,
        7.12109375,
        5.4921875,
        6.11328125,
        6.171875,
        5.39453125,
        7.92578125,
        10.21875,
        7.12109375,
        6.80859375,
        6.921875,
        6.859375,
        6.99609375,
        6.0234375,
        5.66015625,
        6.4765625,
        6.4140625,
        5.5546875,
        8.46875,
        6.88671875,
        4.92578125,
        6.33984375,
        7.625,
        8.5390625,
        6.5078125,
        7.3046875,
        6.375,
        6.5078125,
        6.9609375,
        6.94140625,
        4.94140625,
        7.25390625,
        5.33203125,
        6.19921875,
        7.05078125,
        6.30859375,
        6.7734375,
        7.8828125,
        6.4375,
        5.3515625,
        5.44140625,
        6.1484375,
        7.59375,
        6.04296875,
        6.01171875,
        6.40234375,
        6.3125,
        7.65234375,
        8.5703125,
        8.671875,
        7.8671875,
        6.328125,
        6.765625,
        6.53515625,
        6.828125,
        6.87890625,
        6.3828125,
        7.33203125,
        6.8671875,
        5.36328125,
        9.015625,
        6.74609375,
        7.63671875,
        5.94140625,
        7.94140625,
        6.5546875,
        6.734375,
        7.296875,
        6.55859375,
        8.5234375,
        7.609375,
        7.41796875,
        6.88671875,
        7.63671875,
        8.2109375,
        5.5546875,
        7.97265625,
        5.7890625,
        5.65625,
        7.625,
        7.31640625,
        5.99609375,
        5.90234375,
        7.16015625,
        8.46875,
        6.87890625,
        9.2109375,
        6.7890625,
        7.50390625,
        7.59375,
        7.8515625,
        6.0234375,
        6.2890625,
        8.2421875,
        8.2109375,
        7.63671875,
        6.2109375,
        7.8046875,
        7.4453125,
        6.90234375,
        9.1796875,
        8.0078125,
        6.13671875,
        5.90234375,
        7.1484375,
        7.8671875,
        7.625,
        5.88671875,
        7.53515625,
        6.52734375,
        7.05078125,
        6.0859375,
        7.50390625,
        5.59375,
        6.1015625,
        5.46875,
        6.484375,
        5.625,
        7.2109375,
        8.2265625,
        6.79296875,
        8.1171875,
        6.43359375,
        6.64453125,
        5.5390625
      ],
      "mean_perplexity": 6.889805640243902
    },
    "invalid_examples": []
  }
}