{
  "metadata": {
    "timestamp": "20241216_123941",
    "model_name": "Qwen/Qwen2.5-14B",
    "num_pruned_layers": 0,
    "has_adapter": false,
    "task": "boolq"
  },
  "metrics": {
    "response_quality": {
      "total_responses": 3270,
      "valid_responses": 3270,
      "invalid_responses": 0,
      "invalid_percentage": 0.0
    },
    "metrics": {
      "accuracy": 0.8663608562691132,
      "evaluate_accuracy": {
        "accuracy": 0.8663608562691132
      },
      "precision": 0.9523809523809523,
      "recall": 0.8263649778652238,
      "f1": 0.8849091387937845,
      "total_evaluated": 3270,
      "confusion_matrix": {
        "true_positives": 1680,
        "true_negatives": 1153,
        "false_positives": 84,
        "false_negatives": 353
      },
      "perplexities": [
        5.4921875,
        6.45703125,
        5.5078125,
        7.125,
        6.21484375,
        5.39453125,
        5.48046875,
        5.82421875,
        5.94140625,
        7.41796875,
        7.59375,
        5.88671875,
        6.125,
        5.953125,
        5.00390625,
        4.83984375,
        6.5390625,
        7.59375,
        7.3828125,
        5.39453125,
        4.65234375,
        5.13671875,
        5.953125,
        4.546875,
        7.7421875,
        5.6171875,
        4.984375,
        6.98046875,
        6.44921875,
        6.70703125,
        6.03125,
        6.2578125,
        5.1015625,
        5.9140625,
        5.703125,
        5.953125,
        5.97265625,
        6.87890625,
        5.4375,
        4.984375,
        5.31640625,
        5.5390625,
        7.40234375,
        4.609375,
        5.15234375,
        5.625,
        6.0,
        5.78125,
        6.38671875,
        5.76171875,
        5.09765625,
        5.58203125,
        5.26171875,
        7.31640625,
        5.26953125,
        6.4765625,
        7.2734375,
        6.0859375,
        6.953125,
        6.2421875,
        5.6484375,
        6.34375,
        5.19921875,
        5.99609375,
        8.2109375,
        5.5390625,
        5.09765625,
        4.81640625,
        7.11328125,
        4.65234375,
        6.01953125,
        6.96875,
        6.4765625,
        6.078125,
        5.63671875,
        6.83984375,
        5.09765625,
        6.546875,
        6.703125,
        6.67578125,
        4.6875,
        6.26953125,
        4.5625,
        5.0703125,
        4.95703125,
        4.62890625,
        7.04296875,
        9.265625,
        6.328125,
        5.9765625,
        5.984375,
        6.0703125,
        5.83984375,
        5.26953125,
        4.76953125,
        5.37890625,
        5.578125,
        4.859375,
        7.625,
        5.81640625,
        4.125,
        5.5390625,
        6.7734375,
        7.7890625,
        5.8125,
        6.2890625,
        5.5234375,
        5.77734375,
        6.11328125,
        6.21484375,
        4.34765625,
        6.4765625,
        4.54296875,
        5.375,
        6.203125,
        5.39453125,
        5.73046875,
        6.9609375,
        5.46875,
        4.2734375,
        4.6796875,
        5.4375,
        6.5390625,
        5.27734375,
        5.203125,
        5.578125,
        5.14453125,
        6.83203125,
        7.7734375,
        7.89453125,
        7.0859375,
        5.4921875,
        5.78125,
        5.85546875,
        5.984375,
        6.171875,
        5.484375,
        6.5078125,
        5.875,
        4.78125,
        8.2265625,
        5.77734375,
        6.71484375,
        5.07421875,
        7.015625,
        6.0546875,
        6.1484375,
        6.6640625,
        5.8515625,
        7.5625,
        6.59765625,
        6.56640625,
        5.73828125,
        6.9296875,
        7.23828125,
        4.921875,
        7.23828125,
        5.1328125,
        4.91796875,
        6.703125,
        6.55859375,
        5.1796875,
        5.16796875,
        6.625,
        7.625,
        6.265625,
        8.2421875,
        5.8671875,
        6.578125,
        6.70703125,
        6.80859375,
        5.11328125,
        5.36328125,
        7.4765625,
        7.2265625,
        6.875,
        5.5234375,
        7.12109375,
        6.4453125,
        6.171875,
        8.3203125,
        6.89453125,
        5.4375,
        5.203125,
        6.22265625,
        6.9140625,
        6.875,
        4.9765625,
        6.64453125,
        5.77734375,
        5.96484375,
        5.41796875,
        6.546875,
        4.89453125,
        5.25,
        4.96875,
        5.4609375,
        4.93359375,
        6.60546875,
        7.578125,
        5.79296875,
        7.17578125,
        5.65625,
        5.83984375,
        4.48046875
      ],
      "mean_perplexity": 6.033669969512195
    },
    "invalid_examples": []
  }
}