{
  "metadata": {
    "timestamp": "20241216_131438",
    "model_name": "Qwen/Qwen2.5-14B",
    "num_pruned_layers": 8,
    "has_adapter": true,
    "task": "boolq"
  },
  "metrics": {
    "response_quality": {
      "total_responses": 3270,
      "valid_responses": 3265,
      "invalid_responses": 5,
      "invalid_percentage": 0.1529051987767584
    },
    "metrics": {
      "accuracy": 0.776416539050536,
      "evaluate_accuracy": {
        "accuracy": 0.7752293577981652
      },
      "precision": 0.7478095238095238,
      "recall": 0.966518956179222,
      "f1": 0.843213058419244,
      "total_evaluated": 3265,
      "confusion_matrix": {
        "true_positives": 1963,
        "true_negatives": 572,
        "false_positives": 662,
        "false_negatives": 68
      },
      "perplexities": [
        9.234375,
        9.375,
        8.453125,
        9.8046875,
        8.5703125,
        8.1953125,
        8.7265625,
        8.9140625,
        9.65625,
        9.8671875,
        9.984375,
        9.1953125,
        10.1953125,
        9.4140625,
        8.1953125,
        8.1328125,
        9.25,
        11.0078125,
        10.28125,
        9.0,
        8.2578125,
        8.828125,
        8.484375,
        7.69921875,
        11.4921875,
        7.7734375,
        8.5234375,
        10.0625,
        9.4140625,
        10.7109375,
        9.484375,
        8.6875,
        8.1796875,
        8.9453125,
        9.5625,
        8.453125,
        8.828125,
        10.859375,
        8.8984375,
        7.95703125,
        7.50390625,
        8.5703125,
        10.2578125,
        7.2265625,
        9.0703125,
        7.66796875,
        9.265625,
        9.65625,
        9.1953125,
        8.421875,
        8.2578125,
        8.65625,
        8.1484375,
        9.4140625,
        8.7890625,
        9.34375,
        10.2421875,
        10.21875,
        9.4140625,
        8.6875,
        8.859375,
        8.2734375,
        8.5703125,
        10.15625,
        10.859375,
        8.1640625,
        8.1484375,
        7.98828125,
        9.8828125,
        7.8203125,
        9.34375,
        9.9609375,
        9.8046875,
        9.359375,
        8.875,
        10.21875,
        8.96875,
        9.265625,
        9.6171875,
        9.6953125,
        8.2265625,
        8.7578125,
        7.8203125,
        8.84375,
        8.671875,
        8.0078125,
        10.28125,
        12.8203125,
        9.578125,
        9.3203125,
        9.4296875,
        8.9296875,
        10.140625,
        8.7421875,
        8.390625,
        9.1796875,
        8.0078125,
        7.8828125,
        10.3203125,
        9.640625,
        7.3828125,
        8.7265625,
        9.15625,
        10.3984375,
        8.1640625,
        9.484375,
        8.703125,
        9.1953125,
        9.2109375,
        9.0,
        6.9765625,
        9.140625,
        8.0078125,
        7.8515625,
        9.65625,
        9.6015625,
        9.5234375,
        9.84375,
        9.125,
        8.6015625,
        7.95703125,
        8.5078125,
        10.0234375,
        8.7578125,
        8.1171875,
        8.1796875,
        9.1796875,
        9.3046875,
        10.484375,
        10.875,
        9.84375,
        8.703125,
        9.453125,
        8.421875,
        9.4140625,
        8.5859375,
        8.4375,
        9.0859375,
        9.234375,
        7.578125,
        10.484375,
        9.359375,
        10.28125,
        8.3046875,
        9.7890625,
        8.7265625,
        8.7265625,
        9.6953125,
        8.2578125,
        10.875,
        10.0234375,
        9.640625,
        9.3984375,
        10.359375,
        10.4375,
        7.51953125,
        9.7109375,
        7.8203125,
        8.359375,
        9.734375,
        9.5078125,
        7.97265625,
        7.8046875,
        9.015625,
        10.921875,
        8.5234375,
        11.4921875,
        9.578125,
        9.15625,
        9.640625,
        9.4296875,
        8.375,
        8.7265625,
        10.0,
        9.9453125,
        9.578125,
        8.2578125,
        9.578125,
        9.0703125,
        8.7890625,
        10.7109375,
        11.1171875,
        7.73046875,
        8.0546875,
        9.671875,
        10.078125,
        9.671875,
        8.0859375,
        9.6015625,
        8.46875,
        9.453125,
        8.421875,
        9.7109375,
        7.92578125,
        7.89453125,
        7.59375,
        9.2109375,
        7.34765625,
        9.0546875,
        10.3359375,
        8.3203125,
        10.5,
        8.2421875,
        8.4375,
        8.875
      ],
      "mean_perplexity": 9.105678353658536
    },
    "invalid_examples": [
      {
        "question": "Passage: Peroxide -- Aside from hydrogen peroxide, some other major classes of peroxides are these:\nQuestion: is peroxide and hydrogen peroxide the same thing\nAnswer:",
        "response": " Pero"
      },
      {
        "question": "Passage: Sarah Ann Kennedy -- Sarah Ann Kennedy is a British voice actress best known for providing the voices of Miss Rabbit and Mummy Rabbit in the children's animated series Peppa Pig, Nanny Plum in the children's animated series Ben & Holly's Little Kingdom and Dolly Pond in Pond Life. She is also a writer and animation director and the creator of Crapston Villas, an animated soap opera for Channel 4 in 1996--1998. She has also written for Hit Entertainment and Peppa Pig, and is a lecturer at the University of Central Lancashire.\nQuestion: is nanny plum and miss rabbit the same voice\nAnswer:",
        "response": " N"
      },
      {
        "question": "Passage: Dame -- Dame is an honorific title and the feminine form of address for the honour of knighthood in the British honours system and the systems of several other Commonwealth countries, such as Australia and New Zealand, with the masculine form of address being Sir. The word damehood is rarely used, but the official website of the British monarchy uses it as the correct term.\nQuestion: is a dame the same as a knight\nAnswer:",
        "response": " Dame"
      },
      {
        "question": "Passage: Nacho Varga -- Nacho did not appear in Breaking Bad, but is named in the second season episode ``Better Call Saul'', the same episode that introduced Saul Goodman. In the episode ``Better Call Saul'', Walter White and Jesse Pinkman threaten Saul at gunpoint into representing Badger after Badger is arrested for selling drugs. Unaware who his captors are, Saul tries to pin some type of blame on ``Ignacio'', who is later confirmed by producers to be the same person as the character Nacho Varga who appears in the series Better Call Saul.\nQuestion: is nacho from better call saul in breaking bad\nAnswer:",
        "response": " Nach"
      },
      {
        "question": "Passage: Cruel Intentions 2 -- Cruel Intentions 2 (also known as Cruel Intentions 2: Manchester Prep or simply as Manchester Prep) is the 2001 American comedy-drama film. It was written and directed by Roger Kumble and starring Robin Dunne, Sarah Thompson, Keri Lynn Pratt and Amy Adams. It is a prequel to Cruel Intentions (1999) and was released direct-to-video on March 13, 2001. Both films are based on Les Liaisons dangereuses by Choderlos de Laclos.\nQuestion: are cruel intentions 1 and 2 the same\nAnswer:",
        "response": " Cru"
      }
    ]
  }
}