{
  "metadata": {
    "timestamp": "20241216_135810",
    "model_name": "Qwen/Qwen2.5-14B",
    "num_pruned_layers": 30,
    "has_adapter": true,
    "task": "boolq"
  },
  "metrics": {
    "response_quality": {
      "total_responses": 3270,
      "valid_responses": 2371,
      "invalid_responses": 899,
      "invalid_percentage": 27.492354740061163
    },
    "metrics": {
      "accuracy": 0.5963728384647828,
      "evaluate_accuracy": {
        "accuracy": 0.43241590214067277
      },
      "precision": 0.6066579062636881,
      "recall": 0.9591412742382271,
      "f1": 0.743225114032734,
      "total_evaluated": 2371,
      "confusion_matrix": {
        "true_positives": 1385,
        "true_negatives": 29,
        "false_positives": 898,
        "false_negatives": 59
      },
      "perplexities": [
        33.125,
        29.34375,
        30.5625,
        31.109375,
        30.625,
        26.453125,
        31.109375,
        30.15625,
        30.75,
        39.09375,
        33.375,
        30.203125,
        33.90625,
        33.84375,
        29.96875,
        31.421875,
        31.53125,
        36.15625,
        35.9375,
        33.125,
        34.03125,
        29.625,
        29.046875,
        28.328125,
        37.09375,
        24.75,
        34.4375,
        31.53125,
        31.71875,
        37.90625,
        35.875,
        27.5625,
        30.625,
        34.84375,
        34.03125,
        29.28125,
        31.84375,
        39.09375,
        32.40625,
        27.671875,
        25.6875,
        30.5,
        37.4375,
        27.5625,
        32.21875,
        29.96875,
        32.78125,
        33.1875,
        31.359375,
        28.109375,
        31.96875,
        33.125,
        29.21875,
        29.921875,
        33.125,
        34.71875,
        34.4375,
        37.53125,
        29.515625,
        32.40625,
        35.375,
        29.109375,
        30.15625,
        38.71875,
        39.03125,
        31.84375,
        31.65625,
        30.203125,
        34.71875,
        29.34375,
        36.15625,
        37.8125,
        36.875,
        28.9375,
        32.84375,
        35.8125,
        30.921875,
        30.921875,
        33.6875,
        35.25,
        30.6875,
        32.84375,
        27.890625,
        31.90625,
        29.796875,
        28.71875,
        36.375,
        44.125,
        37.15625,
        34.90625,
        32.53125,
        33.25,
        34.375,
        39.1875,
        30.75,
        30.5,
        24.515625,
        29.109375,
        39.5625,
        38.34375,
        25.0,
        36.875,
        31.59375,
        35.03125,
        30.328125,
        31.65625,
        31.234375,
        34.71875,
        34.4375,
        30.984375,
        25.4375,
        33.5,
        29.921875,
        26.71875,
        36.4375,
        42.09375,
        34.03125,
        32.71875,
        33.25,
        32.40625,
        29.109375,
        32.40625,
        34.3125,
        30.921875,
        31.234375,
        29.390625,
        36.375,
        30.03125,
        35.53125,
        39.03125,
        34.90625,
        30.75,
        36.9375,
        32.71875,
        33.3125,
        31.78125,
        27.828125,
        30.8125,
        31.84375,
        31.296875,
        33.3125,
        31.59375,
        33.84375,
        26.5,
        35.1875,
        34.15625,
        31.65625,
        36.875,
        31.421875,
        38.875,
        34.21875,
        34.5625,
        33.1875,
        36.65625,
        36.9375,
        30.265625,
        31.71875,
        27.5,
        31.90625,
        35.3125,
        34.71875,
        27.296875,
        26.875,
        36.09375,
        41.0625,
        31.59375,
        41.78125,
        33.375,
        31.65625,
        32.21875,
        31.109375,
        29.625,
        29.96875,
        32.84375,
        37.3125,
        33.78125,
        29.921875,
        33.6875,
        35.1875,
        26.921875,
        35.8125,
        36.8125,
        26.765625,
        26.96875,
        39.1875,
        33.84375,
        34.625,
        28.0,
        32.09375,
        30.625,
        33.625,
        31.171875,
        35.1875,
        28.265625,
        28.15625,
        29.453125,
        34.5,
        20.640625,
        34.15625,
        36.3125,
        31.109375,
        38.1875,
        29.0,
        26.09375,
        31.65625
      ],
      "mean_perplexity": 32.52713414634146
    },
    "invalid_examples": [
      {
        "question": "Passage: Harry Potter and the Escape from Gringotts -- Harry Potter and the Escape from Gringotts is an indoor steel roller coaster at Universal Studios Florida, a theme park located within the Universal Orlando Resort. Similar to dark rides, the roller coaster utilizes special effects in a controlled-lighting environment and also employs motion-based 3-D projection of both animation and live-action sequences to enhance the experience. The ride, which is themed to the Gringotts Wizarding Bank, became the flagship attraction for the expanded Wizarding World of Harry Potter when it opened on July 8, 2014.\nQuestion: is harry potter and the escape from gringotts a roller coaster ride\nAnswer:",
        "response": " Harry"
      },
      {
        "question": "Passage: Hydroxyzine -- Hydroxyzine preparations require a doctor's prescription. The drug is available in two formulations, the pamoate and the dihydrochloride or hydrochloride salts. Vistaril, Equipose, Masmoran, and Paxistil are preparations of the pamoate salt, while Atarax, Alamon, Aterax, Durrax, Tran-Q, Orgatrax, Quiess, and Tranquizine are of the hydrochloride salt.\nQuestion: is there a difference between hydroxyzine hcl and hydroxyzine pam\nAnswer:",
        "response": " Hydro"
      },
      {
        "question": "Passage: Barq's -- Barq's /\u02c8b\u0251\u02d0rks/ is an American soft drink. Its brand of root beer is notable for having caffeine. Barq's, created by Edward Barq and bottled since the turn of the 20th century, is owned by the Barq family but bottled by the Coca-Cola Company. It was known as Barq's Famous Olde Tyme Root Beer until 2012.\nQuestion: is barq's root beer a pepsi product\nAnswer:",
        "response": " Bar"
      },
      {
        "question": "Passage: Bloodline (TV series) -- Bloodline was announced in October 2014 as part of a partnership between Netflix and Sony Pictures Television, representing Netflix's first major deal with a major film studio for a television series. The series was created and executive produced by Todd A. Kessler, Glenn Kessler, and Daniel Zelman, who previously created the FX series Damages. According to its official synopsis released by Netflix, Bloodline ``centers on a close-knit family of four adult siblings whose secrets and scars are revealed when their black sheep brother returns home.''\nQuestion: is the show bloodline based on a true story\nAnswer:",
        "response": " Blood"
      },
      {
        "question": "Passage: Shower gel -- Shower gels for men may contain the ingredient menthol, which gives a cooling and stimulating sensation on the skin, and some men's shower gels are also designed specifically for use on hair and body. Shower gels contain milder surfactant bases than shampoos, and some also contain gentle conditioning agents in the formula. This means that shower gels can also double as an effective and perfectly acceptable substitute to shampoo, even if they are not labelled as a hair and body wash. Washing hair with shower gel should give approximately the same result as using a moisturising shampoo.\nQuestion: is it bad to wash your hair with shower gel\nAnswer:",