{
  "metadata": {
    "timestamp": "20241216_104844",
    "model_name": "Qwen/Qwen2.5-0.5B",
    "num_pruned_layers": 3,
    "has_adapter": false,
    "task": "boolq"
  },
  "metrics": {
    "response_quality": {
      "total_responses": 3270,
      "valid_responses": 3129,
      "invalid_responses": 141,
      "invalid_percentage": 4.3119266055045875
    },
    "metrics": {
      "accuracy": 0.6171300735059124,
      "evaluate_accuracy": {
        "accuracy": 0.590519877675841
      },
      "precision": 0.6263846928499497,
      "recall": 0.9564325986673501,
      "f1": 0.7569979716024341,
      "total_evaluated": 3129,
      "confusion_matrix": {
        "true_positives": 1866,
        "true_negatives": 65,
        "false_positives": 1113,
        "false_negatives": 85
      },
      "perplexities": [
        19.5,
        19.234375,
        17.859375,
        20.359375,
        17.65625,
        17.3125,
        18.328125,
        18.109375,
        19.046875,
        23.578125,
        19.96875,
        17.9375,
        20.765625,
        20.484375,
        17.828125,
        17.25,
        19.046875,
        22.3125,
        22.984375,
        19.84375,
        18.4375,
        17.453125,
        17.375,
        15.765625,
        22.890625,
        15.953125,
        19.890625,
        19.46875,
        18.765625,
        22.40625,
        20.765625,
        17.546875,
        16.84375,
        19.046875,
        20.796875,
        17.765625,
        18.984375,
        22.796875,
        18.46875,
        17.59375,
        15.4296875,
        18.4375,
        22.28125,
        14.75,
        18.25,
        16.6875,
        18.5,
        19.8125,
        18.25,
        17.375,
        17.140625,
        18.828125,
        16.75,
        19.3125,
        18.328125,
        21.25,
        22.40625,
        21.71875,
        19.203125,
        18.546875,
        20.171875,
        17.71875,
        18.078125,
        22.140625,
        24.234375,
        18.1875,
        17.515625,
        16.75,
        19.921875,
        16.265625,
        20.078125,
        22.28125,
        21.671875,
        18.984375,
        19.046875,
        21.671875,
        18.328125,
        18.140625,
        19.84375,
        20.6875,
        16.78125,
        19.46875,
        15.609375,
        18.546875,
        17.25,
        16.203125,
        22.40625,
        27.1875,
        20.890625,
        19.546875,
        19.96875,
        18.765625,
        20.046875,
        20.125,
        17.765625,
        18.65625,
        16.015625,
        15.4921875,
        24.609375,
        22.359375,
        14.578125,
        19.3125,
        20.25,
        21.46875,
        16.953125,
        18.984375,
        17.65625,
        20.078125,
        19.84375,
        17.828125,
        14.4921875,
        18.109375,
        16.453125,
        16.109375,
        20.40625,
        23.25,
        20.203125,
        20.515625,
        19.359375,
        18.078125,
        16.484375,
        17.515625,
        20.0,
        17.34375,
        17.90625,
        17.546875,
        19.3125,
        18.828125,
        22.015625,
        23.625,
        21.09375,
        17.65625,
        20.71875,
        19.171875,
        19.96875,
        18.578125,
        17.546875,
        18.0,
        18.46875,
        16.078125,
        21.546875,
        19.78125,
        20.640625,
        15.828125,
        19.84375,
        20.078125,
        17.796875,
        21.09375,
        18.90625,
        22.71875,
        20.84375,
        20.046875,
        19.890625,
        21.421875,
        21.9375,
        16.140625,
        20.25,
        16.71875,
        17.796875,
        21.671875,
        19.203125,
        15.921875,
        16.84375,
        19.546875,
        24.46875,
        19.65625,
        25.390625,
        20.921875,
        18.328125,
        19.890625,
        19.65625,
        16.203125,
        17.28125,
        19.890625,
        21.9375,
        20.640625,
        16.90625,
        20.359375,
        21.046875,
        16.59375,
        22.453125,
        22.84375,
        15.796875,
        15.5234375,
        23.671875,
        22.1875,
        21.46875,
        16.203125,
        19.703125,
        17.375,
        21.421875,
        18.65625,
        21.015625,
        16.328125,
        16.90625,
        16.234375,
        19.28125,
        13.75,
        19.84375,
        21.375,
        17.21875,
        21.796875,
        16.75,
        16.359375,
        18.390625
      ],
      "mean_perplexity": 19.175990853658536
    },
    "invalid_examples": [
      {
        "question": "Passage: Benson & Hedges -- Benson & Hedges is a British brand of cigarettes owned by either Philip Morris International, British American Tobacco, or Japan Tobacco, depending on the region. In the UK, they are registered in Old Bond Street in London, and are manufactured in Lisnafillan, Ballymena, Northern Ireland.\nQuestion: do they still make benson & hedges cigarettes\nAnswer:",
        "response": " Benson"
      },
      {
        "question": "Passage: Whose Line Is It Anyway? (U.S. TV series) -- Production of the American version was canceled by ABC in 2003 because of low ratings, with already-produced episodes airing first-run into 2004. The ABC Family cable channel, which had been airing repeats of the show since 2002, also showed ``new'' episodes from 2005 to 2006, formed from previously filmed but unaired performances.\nQuestion: did they cancel whose line is it anyway\nAnswer:",
        "response": " ("
      },
      {
        "question": "Passage: Pickled cucumber -- A pickled cucumber (commonly known as a pickle in the United States and Canada and a gherkin in Britain, Ireland, Australia, South Africa and New Zealand) is a cucumber that has been pickled in a brine, vinegar, or other solution and left to ferment for a period of time, by either immersing the cucumbers in an acidic solution or through souring by lacto-fermentation. Pickled cucumbers are often part of mixed pickles.\nQuestion: is a pickle the same as a gherkin\nAnswer:",
        "response": " Pick"
      },
      {
        "question": "Passage: Rampage (2018 film) -- Rampage is a 2018 American science fiction monster film directed by Brad Peyton, and loosely based on the video game series of the same name by Midway Games. The film stars Dwayne Johnson, Naomie Harris, Malin \u00c5kerman, Jake Lacy, Joe Manganiello, and Jeffrey Dean Morgan. It follows a primatologist named Davis Okoye who must team up with George, an albino gorilla who turns into a raging creature of enormous size as a result of a rogue experiment, to stop two other mutated animals from destroying Chicago. It is the third collaboration between Peyton and Johnson, following Journey 2: The Mysterious Island (2012) and San Andreas (2015).\nQuestion: is the rampage movie based on the game\nAnswer:",
        "response": " Ramp"
      },
      {
        "question": "Passage: Surgical treatment of ingrown toenails -- Surgical treatments of ingrown toenails include a number of different options. If conservative treatment of a minor ingrown toenail does not succeed or if the ingrown toenail is severe, surgical management is recommended by a podiatrist. The initial surgical approach is typically a partial avulsion of the nail plate known as a wedge resection or a complete removal of the toenail. If the ingrown toenail reoccurs despite this treatment, destruction of the germinal matrix with phenol is recommended. Antibiotics are not needed if surgery is performed.\nQuestion: can ingrown toenails come back after being removed\nAnswer:",