{
  "metadata": {
    "timestamp": "20241216_133436",
    "model_name": "Qwen/Qwen2.5-14B",
    "num_pruned_layers": 17,
    "has_adapter": true,
    "task": "boolq"
  },
  "metrics": {
    "response_quality": {
      "total_responses": 3270,
      "valid_responses": 3236,
      "invalid_responses": 34,
      "invalid_percentage": 1.039755351681957
    },
    "metrics": {
      "accuracy": 0.6174289245982695,
      "evaluate_accuracy": {
        "accuracy": 0.6110091743119266
      },
      "precision": 0.6207865168539326,
      "recall": 0.9885685884691849,
      "f1": 0.7626533742331287,
      "total_evaluated": 3236,
      "confusion_matrix": {
        "true_positives": 1989,
        "true_negatives": 9,
        "false_positives": 1215,
        "false_negatives": 23
      },
      "perplexities": [
        14.75,
        13.859375,
        12.765625,
        14.5546875,
        13.0703125,
        12.5234375,
        13.1953125,
        13.40625,
        14.1328125,
        15.953125,
        14.75,
        13.8046875,
        15.5234375,
        14.609375,
        12.96875,
        12.8671875,
        13.6953125,
        16.84375,
        15.890625,
        14.296875,
        13.09375,
        13.328125,
        12.8671875,
        12.015625,
        17.375,
        11.2890625,
        13.9140625,
        15.015625,
        14.1328125,
        16.484375,
        15.5234375,
        12.7421875,
        12.4921875,
        13.8046875,
        15.1015625,
        12.7421875,
        13.9921875,
        16.359375,
        13.859375,
        12.546875,
        11.3125,
        13.40625,
        16.328125,
        11.1328125,
        14.15625,
        12.0859375,
        14.15625,
        14.75,
        13.484375,
        12.7890625,
        13.09375,
        13.25,
        12.6640625,
        14.21875,
        14.1015625,
        14.5546875,
        15.4296875,
        15.953125,
        13.8046875,
        13.3046875,
        13.828125,
        12.5234375,
        13.5390625,
        15.796875,
        16.8125,
        13.046875,
        13.09375,
        12.6953125,
        14.8984375,
        12.28125,
        14.609375,
        15.3984375,
        15.1015625,
        13.9375,
        13.7265625,
        15.3984375,
        13.40625,
        13.5078125,
        14.46875,
        15.1640625,
        12.84375,
        13.671875,
        12.015625,
        14.078125,
        13.2734375,
        13.2265625,
        16.359375,
        19.3125,
        15.046875,
        14.5546875,
        14.4921875,
        13.75,
        15.796875,
        14.984375,
        13.2265625,
        14.328125,
        11.6484375,
        12.328125,
        16.484375,
        15.3984375,
        11.6484375,
        13.9921875,
        14.1328125,
        15.1875,
        12.5703125,
        14.0234375,
        13.0703125,
        14.4921875,
        13.9375,
        13.5078125,
        11.0078125,
        13.671875,
        12.28125,
        11.71875,
        15.21875,
        16.8125,
        15.578125,
        14.6640625,
        13.828125,
        13.3828125,
        12.15625,
        12.640625,
        15.4296875,
        13.671875,
        13.1171875,
        12.6953125,
        14.78125,
        14.15625,
        15.984375,
        17.1875,
        15.5546875,
        13.4296875,
        15.28125,
        13.5625,
        14.8125,
        13.5078125,
        13.1171875,
        13.828125,
        13.9921875,
        12.4453125,
        15.28125,
        14.1015625,
        15.1875,
        12.4921875,
        15.3125,
        13.9140625,
        13.671875,
        14.8984375,
        13.1171875,
        16.75,
        15.3125,
        14.8125,
        14.3828125,
        16.171875,
        16.390625,
        11.6015625,
        14.8359375,
        12.2578125,
        13.40625,
        15.25,
        14.8125,
        12.1796875,
        11.96875,
        14.296875,
        17.015625,
        13.828125,
        17.625,
        14.953125,
        13.5078125,
        14.1015625,
        14.3828125,
        12.765625,
        13.484375,
        14.578125,
        16.171875,
        14.75,
        12.5234375,
        14.4140625,
        14.6640625,
        13.1171875,
        16.8125,
        16.90625,
        11.8046875,
        12.0390625,
        15.703125,
        15.796875,
        14.953125,
        12.5703125,
        14.5234375,
        13.09375,
        14.4921875,
        13.3828125,
        15.4921875,
        12.203125,
        11.8046875,
        12.3046875,
        14.8125,
        10.359375,
        14.8125,
        16.046875,
        13.1171875,
        15.859375,
        12.6171875,
        12.4921875,
        13.40625
      ],
      "mean_perplexity": 14.068025914634147
    },