{
  "metadata": {
    "timestamp": "20241216_104656",
    "model_name": "Qwen/Qwen2.5-0.5B",
    "num_pruned_layers": 1,
    "has_adapter": false,
    "task": "boolq"
  },
  "metrics": {
    "response_quality": {
      "total_responses": 3270,
      "valid_responses": 3269,
      "invalid_responses": 1,
      "invalid_percentage": 0.03058103975535168
    },
    "metrics": {
      "accuracy": 0.6014071581523401,
      "evaluate_accuracy": {
        "accuracy": 0.6012232415902141
      },
      "precision": 0.6761720637989367,
      "recall": 0.6884842519685039,
      "f1": 0.6822726164350158,
      "total_evaluated": 3269,
      "confusion_matrix": {
        "true_positives": 1399,
        "true_negatives": 567,
        "false_positives": 670,
        "false_negatives": 633
      },
      "perplexities": [
        17.34375,
        17.109375,
        16.171875,
        18.5,
        16.109375,
        15.828125,
        16.515625,
        15.859375,
        17.34375,
        20.96875,
        18.71875,
        16.71875,
        19.015625,
        18.4375,
        15.25,
        15.34375,
        16.953125,
        19.65625,
        21.375,
        17.59375,
        16.625,
        15.3671875,
        16.359375,
        14.1875,
        21.015625,
        14.15625,
        17.6875,
        18.109375,
        17.453125,
        20.0,
        19.203125,
        16.265625,
        15.0703125,
        17.65625,
        17.9375,
        15.828125,
        17.859375,
        20.515625,
        15.671875,
        15.3984375,
        13.671875,
        16.546875,
        21.375,
        13.640625,
        16.59375,
        15.0703125,
        16.90625,
        17.96875,
        15.859375,
        15.921875,
        15.28125,
        16.8125,
        14.953125,
        17.3125,
        15.921875,
        18.875,
        20.171875,
        19.46875,
        17.1875,
        16.390625,
        18.328125,
        15.796875,
        16.453125,
        20.203125,
        21.375,
        16.328125,
        15.4609375,
        14.8671875,
        18.6875,
        14.2734375,
        17.90625,
        19.421875,
        19.703125,
        17.015625,
        17.859375,
        19.28125,
        16.75,
        16.515625,
        17.6875,
        18.9375,
        15.578125,
        17.34375,
        13.4609375,
        17.34375,
        15.734375,
        14.78125,
        20.71875,
        25.484375,
        18.6875,
        17.59375,
        17.59375,
        17.3125,
        19.015625,
        18.5,
        15.796875,
        17.3125,
        14.1015625,
        13.9375,
        21.796875,
        19.28125,
        13.1171875,
        17.65625,
        17.65625,
        19.8125,
        15.0703125,
        17.109375,
        16.71875,
        17.9375,
        18.140625,
        16.234375,
        12.8203125,
        17.015625,
        15.0703125,
        14.4140625,
        19.046875,
        20.921875,
        17.484375,
        18.25,
        16.71875,
        16.390625,
        15.28125,
        15.828125,
        18.0,
        16.171875,
        16.015625,
        15.703125,
        17.6875,
        16.65625,
        20.171875,
        21.96875,
        19.84375,
        15.734375,
        19.359375,
        17.1875,
        17.59375,
        16.625,
        16.390625,
        16.234375,
        16.984375,
        15.4296875,
        18.65625,
        18.046875,
        19.046875,
        14.3515625,
        17.859375,
        18.1875,
        16.78125,
        19.125,
        17.046875,
        21.21875,
        18.4375,
        18.828125,
        16.78125,
        19.8125,
        19.578125,
        13.96875,
        18.390625,
        15.0703125,
        16.8125,
        19.3125,
        17.546875,
        14.5546875,
        14.75,
        17.71875,
        21.46875,
        17.96875,
        22.109375,
        18.65625,
        16.515625,
        18.4375,
        17.546875,
        14.953125,
        15.5546875,
        18.359375,
        20.203125,
        18.109375,
        15.703125,
        18.390625,
        18.796875,
        15.3125,
        21.015625,
        20.96875,
        14.640625,
        14.328125,
        20.921875,
        19.578125,
        18.984375,
        14.8359375,
        18.140625,
        15.890625,
        18.21875,
        16.875,
        18.4375,
        14.2421875,
        15.34375,
        14.7265625,
        17.828125,
        12.3984375,
        18.140625,
        19.65625,
        15.734375,
        20.640625,
        14.78125,
        14.953125,
        16.59375
      ],
      "mean_perplexity": 17.334794207317074
    },
    "invalid_examples": [
      {
        "question": "Passage: Wally West -- Wally West is a fictional superhero that appears in American comic books published by DC Comics. He is the third Flash and the first Kid Flash. His power consists mainly of superhuman speed. He made his first appearance as the Kid Flash in the Flash #110 in 1959. Barry Allen dies in the crossover Crisis on Infinite Earths #8 (Nov. 1985), and Wally took up the mantle of the Flash in Crisis on Infinite Earths #12 (Mar. 1986), holding that role until 2009 in DC's main lineup. His physical appearance is generally a redhead with green eyes, and is generally portrayed with a lighthearted, comic, and caring personality. Wally has an important role as the Flash in DC Rebirth (2016).\nQuestion: does wally west have powers in the flash\nAnswer:",
        "response": " W"
      }
    ]
  }
}