{
  "metadata": {
    "timestamp": "20241216_140621",
    "model_name": "Qwen/Qwen2.5-14B",
    "num_pruned_layers": 37,
    "has_adapter": false,
    "task": "boolq"
  },
  "metrics": {
    "response_quality": {
      "total_responses": 3270,
      "valid_responses": 1457,
      "invalid_responses": 1813,
      "invalid_percentage": 55.4434250764526
    },
    "metrics": {
      "accuracy": 0.609471516815374,
      "evaluate_accuracy": {
        "accuracy": 0.27155963302752295
      },
      "precision": 0.616642958748222,
      "recall": 0.9665551839464883,
      "f1": 0.7529309596178898,
      "total_evaluated": 1457,
      "confusion_matrix": {
        "true_positives": 867,
        "true_negatives": 21,
        "false_positives": 539,
        "false_negatives": 30
      },
      "perplexities": [
        7152.0,
        8624.0,
        9544.0,
        9040.0,
        10240.0,
        9624.0,
        10008.0,
        10008.0,
        8760.0,
        8296.0,
        8488.0,
        9544.0,
        9776.0,
        9624.0,
        7792.0,
        9112.0,
        9184.0,
        9184.0,
        8760.0,
        8488.0,
        8696.0,
        8232.0,
        8168.0,
        10240.0,
        9184.0,
        8296.0,
        10160.0,
        8760.0,
        9776.0,
        9848.0,
        10904.0,
        9184.0,
        10088.0,
        10240.0,
        9400.0,
        9112.0,
        7672.0,
        10320.0,
        10992.0,
        10088.0,
        9624.0,
        8560.0,
        8760.0,
        9472.0,
        10408.0,
        9184.0,
        8424.0,
        8760.0,
        8232.0,
        8040.0,
        10320.0,
        9624.0,
        10160.0,
        7320.0,
        10320.0,
        10008.0,
        10008.0,
        10160.0,
        10088.0,
        11336.0,
        8696.0,
        9040.0,
        8968.0,
        10488.0,
        9928.0,
        10736.0,
        9848.0,
        9040.0,
        10320.0,
        8968.0,
        11248.0,
        12952.0,
        10320.0,
        8104.0,
        10008.0,
        10240.0,
        8696.0,
        9472.0,
        10088.0,
        9328.0,
        9624.0,
        9400.0,
        10648.0,
        11072.0,
        8760.0,
        9848.0,
        10160.0,
        9696.0,
        9040.0,
        10088.0,
        9040.0,
        9040.0,
        11792.0,
        9928.0,
        9112.0,
        8296.0,
        7916.0,
        8624.0,
        9256.0,
        10568.0,
        8424.0,
        9848.0,
        7976.0,
        9184.0,
        9624.0,
        9112.0,
        10992.0,
        10008.0,
        10904.0,
        9112.0,
        11072.0,
        10320.0,
        8896.0,
        8696.0,
        8488.0,
        11248.0,
        12072.0,
        8624.0,
        8760.0,
        10160.0,
        8232.0,
        10088.0,
        10408.0,
        10736.0,
        8968.0,
        8424.0,
        9184.0,
        9184.0,
        10008.0,
        10736.0,
        8760.0,
        8696.0,
        9624.0,
        9624.0,
        10240.0,
        8832.0,
        8696.0,
        11248.0,
        8968.0,
        10160.0,
        9544.0,
        9328.0,
        8104.0,
        9400.0,
        8040.0,
        9040.0,
        9328.0,
        9848.0,
        12352.0,
        8624.0,
        8696.0,
        9928.0,
        7916.0,
        8832.0,
        8832.0,
        10408.0,
        8168.0,
        9256.0,
        9400.0,
        11072.0,
        9472.0,
        6612.0,
        8232.0,
        10240.0,
        9928.0,
        10488.0,
        10008.0,
        8040.0,
        9328.0,
        9848.0,
        9256.0,
        9696.0,
        7792.0,
        9776.0,
        10160.0,
        8232.0,
        10992.0,
        8360.0,
        10088.0,
        10088.0,
        10816.0,
        8896.0,
        8696.0,
        8232.0,
        9040.0,
        7976.0,
        8232.0,
        8560.0,
        9184.0,
        10008.0,
        9400.0,
        9256.0,
        7852.0,
        9928.0,
        9256.0,
        11608.0,
        13464.0,
        7436.0,
        8968.0,
        8760.0,
        9040.0,
        9400.0,
        9040.0,
        9848.0,
        10008.0
      ],
      "mean_perplexity": 9452.70243902439
    },
    "invalid_examples": [
      {
        "question": "Passage: Ethanol fuel -- All biomass goes through at least some of these steps: it needs to be grown, collected, dried, fermented, distilled, and burned. All of these steps require resources and an infrastructure. The total amount of energy input into the process compared to the energy released by burning the resulting ethanol fuel is known as the energy balance (or ``energy returned on energy invested''). Figures compiled in a 2007 report by National Geographic Magazine point to modest results for corn ethanol produced in the US: one unit of fossil-fuel energy is required to create 1.3 energy units from the resulting ethanol. The energy balance for sugarcane ethanol produced in Brazil is more favorable, with one unit of fossil-fuel energy required to create 8 from the ethanol. Energy balance estimates are not easily produced, thus numerous such reports have been generated that are contradictory. For instance, a separate survey reports that production of ethanol from sugarcane, which requires a tropical climate to grow productively, returns from 8 to 9 units of energy for each unit expended, as compared to corn, which only returns about 1.34 units of fuel energy for each unit of energy expended. A 2006 University of California Berkeley study, after analyzing six separate studies, concluded that producing ethanol from corn uses much less petroleum than producing gasoline.\nQuestion: does ethanol take more energy make that produces\nAnswer:",
        "response": "ly"
      },
      {
        "question": "Passage: Phantom pain -- Phantom pain sensations are described as perceptions that an individual experiences relating to a limb or an organ that is not physically part of the body. Limb loss is a result of either removal by amputation or congenital limb deficiency. However, phantom limb sensations can also occur following nerve avulsion or spinal cord injury.\nQuestion: is pain experienced in a missing body part or paralyzed area\nAnswer:",
        "response": " "
      },
      {
        "question": "Passage: Parity (mathematics) -- In mathematics, parity is the property of an integer's inclusion in one of two categories: even or odd. An integer is even if it is evenly divisible by two and odd if it is not even. For example, 6 is even because there is no remainder when dividing it by 2. By contrast, 3, 5, 7, 21 leave a remainder of 1 when divided by 2. Examples of even numbers include \u22124, 0, 82 and 178. In particular, zero is an even number. Some examples of odd numbers are \u22125, 3, 29, and 73.\nQuestion: can an odd number be divided by an even number\nAnswer:",
        "response": " number"
      },
      {
        "question": "Passage: List of English words containing Q not followed by U -- Of the 71 words in this list, 67 are nouns, and most would generally be considered loanwords; the only modern-English words that contain Q not followed by U and are not borrowed from another language are qiana, qwerty, and tranq. However, all of the loanwords on this list are considered to be naturalised in English according to at least one major dictionary (see References), often because they refer to concepts or societal roles that do not have an accurate equivalent in English. For words to appear here, they must appear in their own entry in a dictionary; words which occur only as part of a longer phrase are not included.\nQuestion: is there a word with q without u\nAnswer:",
        "response": " on"
      },
      {
        "question": "Passage: American entry into Canada by land -- Persons driving into Canada must have their vehicle's registration document and proof of insurance.\nQuestion: can u drive in canada with us license\nAnswer:",