{
  "metadata": {
    "timestamp": "20241216_134942",
    "model_name": "Qwen/Qwen2.5-14B",
    "num_pruned_layers": 27,
    "has_adapter": false,
    "task": "boolq"
  },
  "metrics": {
    "response_quality": {
      "total_responses": 3270,
      "valid_responses": 2331,
      "invalid_responses": 939,
      "invalid_percentage": 28.71559633027523
    },
    "metrics": {
      "accuracy": 0.6216216216216216,
      "evaluate_accuracy": {
        "accuracy": 0.44311926605504587
      },
      "precision": 0.6244029526704299,
      "recall": 0.9883161512027492,
      "f1": 0.7653006918573709,
      "total_evaluated": 2331,
      "confusion_matrix": {
        "true_positives": 1438,
        "true_negatives": 11,
        "false_positives": 865,
        "false_negatives": 17
      },
      "perplexities": [
        930.5,
        994.5,
        796.0,
        821.5,
        990.5,
        987.0,
        990.5,
        844.0,
        891.5,
        960.0,
        857.5,
        905.5,
        953.0,
        930.5,
        909.0,
        1042.0,
        1030.0,
        975.5,
        975.5,
        891.5,
        1154.0,
        808.5,
        1026.0,
        983.0,
        808.5,
        1233.0,
        1084.0,
        877.5,
        953.0,
        1006.5,
        912.5,
        783.5,
        1026.0,
        956.5,
        1046.0,
        884.5,
        902.0,
        824.5,
        971.5,
        934.5,
        867.5,
        960.0,
        881.0,
        1167.0,
        857.5,
        1375.0,
        884.5,
        1110.0,
        617.5,
        1075.0,
        725.0,
        888.0,
        756.5,
        975.5,
        994.5,
        920.0,
        1014.0,
        736.0,
        742.0,
        990.5,
        864.0,
        990.5,
        1030.0,
        864.0,
        1026.0,
        990.5,
        916.5,
        1018.0,
        990.5,
        700.0,
        927.0,
        930.5,
        1209.0,
        768.5,
        1190.0,
        739.0,
        828.0,
        818.0,
        1110.0,
        1088.0,
        877.5,
        884.5,
        783.5,
        662.5,
        578.0,
        912.5,
        975.5,
        945.5,
        1097.0,
        1200.0,
        742.0,
        1088.0,
        1214.0,
        1476.0,
        923.5,
        888.0,
        828.0,
        678.5,
        990.5,
        881.0,
        759.5,
        949.0,
        964.0,
        864.0,
        998.5,
        867.5,
        844.0,
        1034.0,
        871.0,
        1018.0,
        1042.0,
        975.5,
        670.5,
        1046.0,
        824.5,
        953.0,
        824.5,
        979.0,
        808.5,
        733.5,
        1282.0,
        828.0,
        771.5,
        1186.0,
        975.5,
        864.0,
        923.5,
        1200.0,
        854.0,
        1042.0,
        854.0,
        745.0,
        768.5,
        1014.0,
        1127.0,
        1030.0,
        960.0,
        888.0,
        617.5,
        871.0,
        1375.0,
        994.5,
        881.0,
        802.5,
        895.0,
        1559.0,
        1002.5,
        1105.0,
        956.5,
        765.5,
        566.5,
        854.0,
        694.5,
        1333.0,
        1051.0,
        1172.0,
        884.5,
        844.0,
        1101.0,
        1034.0,
        888.0,
        694.5,
        841.0,
        1149.0,
        949.0,
        983.0,
        1026.0,
        968.0,
        780.5,
        787.0,
        881.0,
        1177.0,
        1022.0,
        902.0,
        1051.0,
        756.5,
        1026.0,
        960.0,
        821.5,
        1145.0,
        790.0,
        854.0,
        1110.0,
        730.5,
        884.5,
        655.0,
        960.0,
        790.0,
        1018.0,
        960.0,
        983.0,
        1075.0,
        762.5,
        1200.0,
        975.5,
        1063.0,
        1034.0,
        1088.0,
        1131.0,
        1145.0,
        867.5,
        793.0,
        949.0,
        1097.0,
        1014.0
      ],
      "mean_perplexity": 943.6536585365853
    },
    "invalid_examples": [
      {
        "question": "Passage: Ethanol fuel -- All biomass goes through at least some of these steps: it needs to be grown, collected, dried, fermented, distilled, and burned. All of these steps require resources and an infrastructure. The total amount of energy input into the process compared to the energy released by burning the resulting ethanol fuel is known as the energy balance (or ``energy returned on energy invested''). Figures compiled in a 2007 report by National Geographic Magazine point to modest results for corn ethanol produced in the US: one unit of fossil-fuel energy is required to create 1.3 energy units from the resulting ethanol. The energy balance for sugarcane ethanol produced in Brazil is more favorable, with one unit of fossil-fuel energy required to create 8 from the ethanol. Energy balance estimates are not easily produced, thus numerous such reports have been generated that are contradictory. For instance, a separate survey reports that production of ethanol from sugarcane, which requires a tropical climate to grow productively, returns from 8 to 9 units of energy for each unit expended, as compared to corn, which only returns about 1.34 units of fuel energy for each unit of energy expended. A 2006 University of California Berkeley study, after analyzing six separate studies, concluded that producing ethanol from corn uses much less petroleum than producing gasoline.\nQuestion: does ethanol take more energy make that produces\nAnswer:",
        "response": " in"
      },
      {
        "question": "Passage: Hydroxyzine -- Hydroxyzine preparations require a doctor's prescription. The drug is available in two formulations, the pamoate and the dihydrochloride or hydrochloride salts. Vistaril, Equipose, Masmoran, and Paxistil are preparations of the pamoate salt, while Atarax, Alamon, Aterax, Durrax, Tran-Q, Orgatrax, Quiess, and Tranquizine are of the hydrochloride salt.\nQuestion: is there a difference between hydroxyzine hcl and hydroxyzine pam\nAnswer:",
        "response": ","
      },
      {
        "question": "Passage: Shower gel -- Shower gels for men may contain the ingredient menthol, which gives a cooling and stimulating sensation on the skin, and some men's shower gels are also designed specifically for use on hair and body. Shower gels contain milder surfactant bases than shampoos, and some also contain gentle conditioning agents in the formula. This means that shower gels can also double as an effective and perfectly acceptable substitute to shampoo, even if they are not labelled as a hair and body wash. Washing hair with shower gel should give approximately the same result as using a moisturising shampoo.\nQuestion: is it bad to wash your hair with shower gel\nAnswer:",
        "response": ","
      },
      {
        "question": "Passage: Excretory system -- The liver detoxifies and breaks down chemicals, poisons and other toxins that enter the body. For example, the liver transforms ammonia (which is poisonous) into urea in fish, amphibians and mammals, and into uric acid in birds and reptiles. Urea is filtered by the kidney into urine or through the gills in fish and tadpoles. Uric acid is paste-like and expelled as a semi-solid waste (the ``white'' in bird excrements). The liver also produces bile, and the body uses bile to break down fats into usable fats and unusable waste.\nQuestion: is the liver part of the excretory system\nAnswer:",