{
  "metadata": {
    "timestamp": "20241216_105507",
    "model_name": "Qwen/Qwen2.5-0.5B",
    "num_pruned_layers": 15,
    "has_adapter": true,
    "task": "boolq"
  },
  "metrics": {
    "response_quality": {
      "total_responses": 3270,
      "valid_responses": 2646,
      "invalid_responses": 624,
      "invalid_percentage": 19.08256880733945
    },
    "metrics": {
      "accuracy": 0.626984126984127,
      "evaluate_accuracy": {
        "accuracy": 0.5073394495412844
      },
      "precision": 0.626984126984127,
      "recall": 1.0,
      "f1": 0.7707317073170732,
      "total_evaluated": 2646,
      "confusion_matrix": {
        "true_positives": 1659,
        "true_negatives": 0,
        "false_positives": 987,
        "false_negatives": 0
      },
      "perplexities": [
        3378.0,
        3052.0,
        3918.0,
        3980.0,
        3432.0,
        3378.0,
        3680.0,
        4372.0,
        3540.0,
        3768.0,
        4304.0,
        3404.0,
        3738.0,
        3798.0,
        3798.0,
        3486.0,
        3710.0,
        3404.0,
        3624.0,
        3568.0,
        3540.0,
        3918.0,
        2856.0,
        4512.0,
        4140.0,
        2424.0,
        3858.0,
        3486.0,
        3980.0,
        4440.0,
        4108.0,
        3198.0,
        3918.0,
        4042.0,
        3798.0,
        3540.0,
        3224.0,
        4336.0,
        4012.0,
        3652.0,
        3652.0,
        3148.0,
        4140.0,
        3652.0,
        3624.0,
        2630.0,
        3568.0,
        3798.0,
        3404.0,
        2672.0,
        3624.0,
        4204.0,
        3738.0,
        3124.0,
        3828.0,
        3596.0,
        3404.0,
        4616.0,
        3980.0,
        5112.0,
        4440.0,
        2958.0,
        3300.0,
        4404.0,
        3710.0,
        3458.0,
        3224.0,
        3432.0,
        4544.0,
        3540.0,
        4840.0,
        5072.0,
        4372.0,
        3300.0,
        3858.0,
        4512.0,
        3486.0,
        3858.0,
        4042.0,
        3404.0,
        3888.0,
        4372.0,
        4544.0,
        5356.0,
        3710.0,
        3738.0,
        4728.0,
        4544.0,
        3624.0,
        3624.0,
        4172.0,
        3326.0,
        4140.0,
        4108.0,
        3828.0,
        3274.0,
        2694.0,
        3858.0,
        4012.0,
        4616.0,
        2866.0,
        4336.0,
        3352.0,
        4140.0,
        3680.0,
        3540.0,
        3486.0,
        3950.0,
        4404.0,
        3300.0,
        3540.0,
        3768.0,
        3458.0,
        3352.0,
        3828.0,
        4580.0,
        4840.0,
        3486.0,
        3274.0,
        4272.0,
        3378.0,
        4204.0,
        4800.0,
        3486.0,
        3274.0,
        3148.0,
        4108.0,
        3148.0,
        4204.0,
        4404.0,
        4476.0,
        3326.0,
        4800.0,
        3458.0,
        4172.0,
        3432.0,
        2834.0,
        4236.0,
        4172.0,
        4140.0,
        3224.0,
        3512.0,
        3458.0,
        3300.0,
        4204.0,
        3710.0,
        3828.0,
        4074.0,
        4688.0,
        4616.0,
        4440.0,
        3680.0,
        3274.0,
        3980.0,
        4074.0,
        3738.0,
        3378.0,
        3378.0,
        3980.0,
        3540.0,
        4172.0,
        2934.0,
        2746.0,
        4304.0,
        4074.0,
        4688.0,
        4440.0,
        2958.0,
        4236.0,
        3378.0,
        3300.0,
        3148.0,
        3174.0,
        3888.0,
        4336.0,
        3076.0,
        3378.0,
        3028.0,
        4272.0,
        3596.0,
        5112.0,
        3652.0,
        2866.0,
        3458.0,
        4404.0,
        3124.0,
        3624.0,
        3352.0,
        3888.0,
        3100.0,
        4800.0,
        3798.0,
        3798.0,
        3076.0,
        3828.0,
        4172.0,
        4616.0,
        2724.0,
        3568.0,
        3828.0,
        3768.0,
        4172.0,
        3100.0,
        3378.0,
        3596.0
      ],
      "mean_perplexity": 3777.531707317073
    },
    "invalid_examples": [
      {
        "question": "Passage: The Strangers (2008 film) -- The Strangers is a 2008 American slasher film written and directed by Bryan Bertino. Kristen (Liv Tyler) and James (Scott Speedman) are expecting a relaxing weekend at a family vacation home, but their stay turns out to be anything but peaceful as three masked torturers leave Kristen and James struggling for survival. Writer-director Bertino was inspired by real-life events: the Manson family Tate murders, a multiple homicide; the Keddie Cabin Murders, that occurred in California in 1981; and a series of break-ins that occurred in his own neighborhood as a child. Made on a budget of $9 million, the film was shot on location in rural South Carolina in the fall of 2006.\nQuestion: was the movie strangers based on a true story\nAnswer:",
        "response": " ar"
      },
      {
        "question": "Passage: Break-in (mechanical run-in) -- A new engine is broken in by following specific driving guidelines during the first few hours of its use. The focus of breaking in an engine is on the contact between the piston rings of the engine and the cylinder wall. There is no universal preparation or set of instructions for breaking in an engine. Most importantly, experts disagree on whether it is better to start engines on high or low power to break them in. While there are still consequences to an unsuccessful break-in, they are harder to quantify on modern engines than on older models. In general, people no longer break in the engines of their own vehicles after purchasing a car or motorcycle, because the process is done in production. It is still common, even today, to find that an owner's manual recommends gentle use at first (often specified as the first 500 or 1000 kilometres or miles). But it is usually only normal use without excessive demands that is specified, as opposed to light/limited use. For example, the manual will specify that the car be driven normally, but not in excess of the highway speed limit.\nQuestion: do you need to break in a car\nAnswer:",
        "response": "\u8c03\u5242"
      },
      {
        "question": "Passage: Crankshaft position sensor -- The crank sensor can be used in combination with a similar camshaft position sensor to monitor the relationship between the pistons and valves in the engine, which is particularly important in engines with variable valve timing. This method is also used to ``synchronise'' a four stroke engine upon starting, allowing the management system to know when to inject the fuel. It is also commonly used as the primary source for the measurement of engine speed in revolutions per minute.\nQuestion: is an engine speed sensor the same as a crankshaft sensor\nAnswer:",
        "response": " You"
      },
      {
        "question": "Passage: English words without vowels -- English orthography typically represents vowel sounds with the five conventional vowel letters \u27e8a, e, i, o, u\u27e9, as well as \u27e8y\u27e9, which may also be a consonant depending on context. However, outside of abbreviations, there are a handful of words in English that do not have vowels, either because the vowel sounds are not written with vowel letters or because the words themselves are pronounced without vowel sounds.\nQuestion: can there be a word without a vowel\nAnswer:",