{
  "metadata": {
    "timestamp": "20241216_113507",
    "model_name": "Qwen/Qwen2.5-7B",
    "num_pruned_layers": 12,
    "has_adapter": false,
    "task": "boolq"
  },
  "metrics": {
    "response_quality": {
      "total_responses": 3270,
      "valid_responses": 3054,
      "invalid_responses": 216,
      "invalid_percentage": 6.605504587155964
    },
    "metrics": {
      "accuracy": 0.6168958742632613,
      "evaluate_accuracy": {
        "accuracy": 0.5761467889908257
      },
      "precision": 0.6189064558629777,
      "recall": 0.9931289640591966,
      "f1": 0.7625811688311689,
      "total_evaluated": 3054,
      "confusion_matrix": {
        "true_positives": 1879,
        "true_negatives": 5,
        "false_positives": 1157,
        "false_negatives": 13
      },
      "perplexities": [
        50.6875,
        49.53125,
        47.90625,
        53.65625,
        49.125,
        42.84375,
        51.375,
        50.0,
        52.59375,
        63.84375,
        55.90625,
        47.25,
        54.1875,
        49.625,
        48.0,
        49.21875,
        50.0,
        62.84375,
        59.28125,
        53.75,
        49.40625,
        47.25,
        49.03125,
        48.28125,
        58.34375,
        43.1875,
        55.03125,
        62.59375,
        49.71875,
        58.8125,
        53.53125,
        45.34375,
        49.71875,
        58.125,
        56.5625,
        47.0625,
        52.8125,
        57.4375,
        57.0,
        52.1875,
        44.8125,
        49.21875,
        62.59375,
        43.78125,
        51.09375,
        44.3125,
        51.59375,
        55.90625,
        45.0,
        48.46875,
        47.90625,
        53.125,
        50.0,
        50.6875,
        50.1875,
        58.34375,
        54.59375,
        63.09375,
        53.75,
        48.75,
        57.0,
        47.8125,
        48.5625,
        58.5625,
        64.0625,
        51.1875,
        49.125,
        51.28125,
        58.125,
        49.90625,
        54.28125,
        64.8125,
        61.15625,
        47.0625,
        57.0,
        57.65625,
        52.59375,
        47.25,
        54.375,
        61.15625,
        57.21875,
        56.78125,
        51.0,
        54.8125,
        46.15625,
        48.09375,
        56.78125,
        64.8125,
        59.03125,
        62.125,
        52.5,
        51.1875,
        56.5625,
        53.53125,
        44.375,
        52.0,
        45.53125,
        43.78125,
        59.28125,
        58.5625,
        39.9375,
        56.5625,
        48.9375,
        54.8125,
        47.0625,
        51.0,
        52.59375,
        51.90625,
        54.28125,
        48.5625,
        43.4375,
        48.5625,
        47.53125,
        39.71875,
        58.8125,
        61.625,
        52.09375,
        56.125,
        48.46875,
        53.21875,
        47.0625,
        50.5,
        55.90625,
        52.59375,
        49.8125,
        46.34375,
        50.5,
        50.5,
        62.84375,
        60.4375,
        57.65625,
        47.25,
        57.90625,
        50.3125,
        56.5625,
        53.125,
        47.25,
        51.09375,
        50.59375,
        48.84375,
        51.28125,
        53.34375,
        53.96875,
        46.96875,
        56.34375,
        55.6875,
        50.09375,
        59.71875,
        55.03125,
        57.90625,
        57.90625,
        57.21875,
        51.59375,
        61.15625,
        64.3125,
        47.71875,
        50.90625,
        43.03125,
        48.09375,
        53.34375,
        59.5,
        39.9375,
        50.6875,
        57.4375,
        65.375,
        53.03125,
        60.4375,
        55.46875,
        53.96875,
        50.6875,
        49.625,
        47.8125,
        44.21875,
        52.1875,
        59.03125,
        50.6875,
        52.1875,
        54.28125,
        55.6875,
        41.53125,
        60.1875,
        61.625,
        49.90625,
        52.09375,
        61.625,
        57.21875,
        55.25,
        44.46875,
        52.5,
        51.09375,
        56.34375,
        50.09375,
        56.5625,
        51.90625,
        44.5625,
        51.0,
        52.71875,
        42.1875,
        54.8125,
        62.84375,
        48.09375,
        53.03125,
        47.71875,
        45.71875,
        56.5625
      ],
      "mean_perplexity": 52.67926829268293
    },
    "invalid_examples": [
      {
        "question": "Passage: Shower gel -- Shower gels for men may contain the ingredient menthol, which gives a cooling and stimulating sensation on the skin, and some men's shower gels are also designed specifically for use on hair and body. Shower gels contain milder surfactant bases than shampoos, and some also contain gentle conditioning agents in the formula. This means that shower gels can also double as an effective and perfectly acceptable substitute to shampoo, even if they are not labelled as a hair and body wash. Washing hair with shower gel should give approximately the same result as using a moisturising shampoo.\nQuestion: is it bad to wash your hair with shower gel\nAnswer:",
        "response": " Shower"
      },
      {
        "question": "Passage: Spark plug -- A spark plug (sometimes, in British English, a sparking plug, and, colloquially, a plug) is a device for delivering electric current from an ignition system to the combustion chamber of a spark-ignition engine to ignite the compressed fuel/air mixture by an electric spark, while containing combustion pressure within the engine. A spark plug has a metal threaded shell, electrically isolated from a central electrode by a porcelain insulator. The central electrode, which may contain a resistor, is connected by a heavily insulated wire to the output terminal of an ignition coil or magneto. The spark plug's metal shell is screwed into the engine's cylinder head and thus electrically grounded. The central electrode protrudes through the porcelain insulator into the combustion chamber, forming one or more spark gaps between the inner end of the central electrode and usually one or more protuberances or structures attached to the inner end of the threaded shell and designated the side, earth, or ground electrode(s).\nQuestion: does a spark plug keep an engine running\nAnswer:",
        "response": " a"
      },
      {
        "question": "Passage: Indiana Jones and the Temple of Doom -- Indiana Jones and the Temple of Doom is a 1984 American action-adventure film directed by Steven Spielberg. It is the second installment in the Indiana Jones franchise and a prequel to the 1981 film Raiders of the Lost Ark, featuring Harrison Ford reprising his role as the title character. After arriving in North India, Indiana Jones is asked by desperate villagers to find a mystical stone and rescue their children from a Thuggee cult practicing child slavery, black magic and ritual human sacrifice in honor of the goddess Kali.\nQuestion: is indiana jones temple of doom a prequel\nAnswer:",