{
  "metadata": {
    "timestamp": "20241216_124604",
    "model_name": "Qwen/Qwen2.5-14B",
    "num_pruned_layers": 3,
    "has_adapter": true,
    "task": "boolq"
  },
  "metrics": {
    "response_quality": {
      "total_responses": 3270,
      "valid_responses": 3270,
      "invalid_responses": 0,
      "invalid_percentage": 0.0
    },
    "metrics": {
      "accuracy": 0.863302752293578,
      "evaluate_accuracy": {
        "accuracy": 0.863302752293578
      },
      "precision": 0.8968968968968969,
      "recall": 0.8814559763895721,
      "f1": 0.8891094021334658,
      "total_evaluated": 3270,
      "confusion_matrix": {
        "true_positives": 1792,
        "true_negatives": 1031,
        "false_positives": 206,
        "false_negatives": 241
      },
      "perplexities": [
        6.546875,
        6.93359375,
        6.3125,
        7.53515625,
        6.5078125,
        5.99609375,
        6.265625,
        6.51953125,
        7.0234375,
        7.51953125,
        7.625,
        6.765625,
        7.32421875,
        7.0234375,
        5.81640625,
        5.68359375,
        7.078125,
        8.484375,
        8.0078125,
        6.35546875,
        5.5078125,
        6.3203125,
        6.30859375,
        5.40625,
        8.484375,
        6.0859375,
        5.8671875,
        7.8046875,
        7.0859375,
        7.71484375,
        6.765625,
        6.7265625,
        5.91015625,
        6.63671875,
        6.89453125,
        6.3828125,
        6.5546875,
        8.0078125,
        6.36328125,
        5.69140625,
        5.79296875,
        6.30078125,
        7.8046875,
        5.19921875,
        6.3515625,
        5.88671875,
        7.09765625,
        6.83984375,
        7.23046875,
        6.28515625,
        5.94921875,
        6.30859375,
        5.88671875,
        7.4921875,
        6.2265625,
        7.05859375,
        7.89453125,
        7.23828125,
        7.4609375,
        6.48828125,
        6.4140625,
        6.4140625,
        6.03515625,
        7.375,
        8.6015625,
        6.11328125,
        5.73828125,
        5.8671875,
        7.55078125,
        5.40625,
        6.765625,
        7.265625,
        7.05859375,
        6.9609375,
        6.45703125,
        7.68359375,
        6.328125,
        6.953125,
        7.3828125,
        6.96875,
        5.7421875,
        6.7421875,
        5.63671875,
        6.26953125,
        6.42578125,
        5.546875,
        7.7734375,
        9.75,
        6.94140625,
        6.80859375,
        7.04296875,
        6.72265625,
        7.03515625,
        5.92578125,
        5.63671875,
        6.46484375,
        6.38671875,
        5.73046875,
        7.8828125,
        6.8125,
        5.12890625,
        6.2109375,
        7.09765625,
        7.97265625,
        6.1015625,
        7.2265625,
        6.26953125,
        6.3828125,
        6.84765625,
        6.83984375,
        4.88671875,
        6.94921875,
        5.4375,
        6.01171875,
        7.06640625,
        6.171875,
        6.734375,
        7.4921875,
        6.49609375,
        5.77734375,
        5.73046875,
        6.109375,
        7.31640625,
        6.0234375,
        5.9375,
        6.2265625,
        6.578125,
        7.17578125,
        7.98828125,
        8.359375,
        7.4765625,
        6.19140625,
        6.63671875,
        6.2421875,
        6.80078125,
        6.46484375,
        6.25390625,
        7.03515625,
        6.75390625,
        5.46875,
        8.3046875,
        6.71484375,
        7.609375,
        6.0,
        7.5625,
        6.3203125,
        6.46484375,
        7.15625,
        6.296875,
        8.2421875,
        7.43359375,
        7.0859375,
        6.87890625,
        7.4921875,
        7.91015625,
        5.41796875,
        7.4609375,
        5.703125,
        5.609375,
        7.33984375,
        7.03515625,
        5.9296875,
        5.78125,
        6.79296875,
        8.0703125,
        6.5078125,
        8.7421875,
        6.83203125,
        7.125,
        7.40234375,
        7.23828125,
        5.9609375,
        6.375,
        7.8203125,
        7.63671875,
        7.16015625,
        6.0,
        7.41796875,
        7.03515625,
        6.6953125,
        8.5703125,
        8.1484375,
        5.9375,
        6.0078125,
        6.90625,
        7.4609375,
        7.41796875,
        5.85546875,
        7.3515625,
        6.3125,
        6.84765625,
        5.99609375,
        7.1953125,
        5.5703125,
        5.890625,
        5.23046875,
        6.4375,
        5.58984375,
        6.78125,
        7.7890625,
        6.328125,
        8.0234375,
        6.14453125,
        6.35546875,
        5.9765625
      ],
      "mean_perplexity": 6.721036585365853
    },
    "invalid_examples": []
  }
}