{
  "metadata": {
    "timestamp": "20241216_111924",
    "model_name": "Qwen/Qwen2.5-7B",
    "num_pruned_layers": 5,
    "has_adapter": false,
    "task": "boolq"
  },
  "metrics": {
    "response_quality": {
      "total_responses": 3270,
      "valid_responses": 3246,
      "invalid_responses": 24,
      "invalid_percentage": 0.7339449541284404
    },
    "metrics": {
      "accuracy": 0.6232285890326555,
      "evaluate_accuracy": {
        "accuracy": 0.6186544342507645
      },
      "precision": 0.6272264631043257,
      "recall": 0.9747899159663865,
      "f1": 0.7633055931875363,
      "total_evaluated": 3246,
      "confusion_matrix": {
        "true_positives": 1972,
        "true_negatives": 51,
        "false_positives": 1172,
        "false_negatives": 51
      },
      "perplexities": [
        9.9609375,
        10.1015625,
        9.140625,
        11.1328125,
        9.34375,
        8.625,
        9.5078125,
        9.453125,
        10.5625,
        10.8984375,
        10.6875,
        9.7734375,
        11.0703125,
        10.296875,
        8.828125,
        8.5234375,
        9.484375,
        11.78125,
        12.3046875,
        9.671875,
        8.390625,
        9.1796875,
        9.0546875,
        7.8359375,
        12.109375,
        8.2890625,
        9.140625,
        11.1328125,
        9.9453125,
        11.1328125,
        10.1171875,
        9.3984375,
        8.8125,
        9.3203125,
        10.140625,
        8.9140625,
        9.84375,
        11.3984375,
        9.453125,
        8.84375,
        8.0703125,
        9.6015625,
        11.6953125,
        7.2265625,
        9.3984375,
        7.92578125,
        10.078125,
        10.1171875,
        9.8046875,
        8.859375,
        9.140625,
        8.9140625,
        8.7421875,
        10.28125,
        8.84375,
        9.828125,
        11.1328125,
        11.203125,
        10.4375,
        9.1953125,
        9.8671875,
        8.9140625,
        9.1953125,
        11.265625,
        12.0390625,
        8.671875,
        8.6015625,
        8.625,
        10.8984375,
        8.2265625,
        10.421875,
        10.859375,
        10.8984375,
        10.359375,
        9.5625,
        10.859375,
        9.46875,
        10.0390625,
        10.5234375,
        10.5625,
        8.859375,
        9.921875,
        8.2734375,
        10.0390625,
        9.6171875,
        8.375,
        11.7578125,
        13.484375,
        10.5234375,
        10.75,
        10.421875,
        9.46875,
        10.7265625,
        8.5859375,
        8.84375,
        10.15625,
        9.125,
        8.1484375,
        11.5078125,
        10.3984375,
        7.51953125,
        8.96875,
        9.6953125,
        11.3125,
        8.703125,
        10.7265625,
        9.5078125,
        9.8046875,
        10.0625,
        9.65625,
        7.2109375,
        9.6015625,
        8.640625,
        8.2421875,
        10.921875,
        9.9453125,
        10.1953125,
        10.7265625,
        9.734375,
        9.2109375,
        8.2109375,
        8.671875,
        10.6015625,
        8.7890625,
        8.859375,
        8.8984375,
        9.6015625,
        9.671875,
        11.421875,
        12.203125,
        10.921875,
        9.34375,
        9.984375,
        9.15625,
        10.28125,
        9.3203125,
        8.7265625,
        10.0,
        9.7890625,
        7.55078125,
        11.2890625,
        10.421875,
        11.0078125,
        8.9140625,
        10.5234375,
        9.4296875,
        9.5078125,
        10.5859375,
        8.7890625,
        11.2890625,
        11.203125,
        10.5234375,
        9.921875,
        10.984375,
        11.78125,
        7.625,
        10.8984375,
        8.2265625,
        8.4375,
        10.4375,
        9.984375,
        8.625,
        8.2265625,
        9.90625,
        12.3046875,
        9.5625,
        12.640625,
        10.0234375,
        10.0234375,
        10.5,
        10.3984375,
        8.8125,
        9.109375,
        10.75,
        11.03125,
        9.921875,
        8.2890625,
        10.546875,
        10.3828125,
        9.234375,
        12.0859375,
        11.8046875,
        8.3046875,
        8.9140625,
        10.421875,
        11.1171875,
        10.4609375,
        8.453125,
        10.6015625,
        8.9453125,
        10.15625,
        9.015625,
        10.7734375,
        8.359375,
        8.484375,
        7.609375,
        9.4140625,
        7.8671875,
        9.6171875,
        11.15625,
        9.3203125,
        11.2265625,
        9.0,
        8.859375,
        9.375
      ],
      "mean_perplexity": 9.79876143292683
    },
    "invalid_examples": [
      {
        "question": "Passage: Denatured alcohol -- Denatured alcohol is used as a solvent and as fuel for alcohol burners and camping stoves. Because of the diversity of industrial uses for denatured alcohol, hundreds of additives and denaturing methods have been used. The main additive has traditionally been 10% methanol, giving rise to the term ``methylated spirits''. Other typical additives include isopropyl alcohol, acetone, methyl ethyl ketone, methyl isobutyl ketone, and denatonium.\nQuestion: is denatured alcohol and acetone the same thing\nAnswer:",
        "response": " Den"
      },
      {
        "question": "Passage: Czech Republic at the FIFA World Cup -- Throughout the World Cup history, Brazil became the team's historical rival. The two countries have met each other five times but the Czechs (always as Czechoslovakia) never managed to win, with three victories for the Brazilian side and two draws. Two other historical opponents in the finals were (West) Germany and Italy with three encounters each: Czechoslovakia won, drew and lost once against the Germans and the matches against Italy all ended in a defeat.\nQuestion: has czech republic ever won the world cup\nAnswer:",
        "response": " Czech"
      },
      {
        "question": "Passage: Elena Gilbert -- Much of Elena's story revolves around her relationships with vampires Stefan Salvatore and his older brother, Damon. It is revealed that Elena is a Petrova Doppelg\u00e4nger, which is thus responsible for her being identical to her ancestor, Katherine Pierce (n\u00e9e Katerina Petrova). This also has the implication of making her a supernatural creature. Dobrev portrayed the ``conniving'' Katherine as well, who is opposite of Elena. The actress stated that it has been a challenge distinguishing the two, and enjoys playing them both. In the television series's fourth season, Elena becomes a vampire and deals with the struggles that come with her change. She took the cure and became human again towards the end of the sixth season. In the finale of the sixth season, Kai linked Elena to Bonnie's life by magic. Elena will only wake up when Bonnie dies in around 60 years. She was locked inside the Salvatore tomb, which was changed in the seventh season, and was relocated in Brooklyn, New York. In late 2016, when it was announced that the eighth season would be the final season, Dobrev was in talks about returning to the television series to reprise her role in the final episode. After much speculation. Dobrev's return was confirmed on January 26, 2017, via an Instagram post. Dobrev appeared in the final episode of the show as both Elena and her evil doppelg\u00e4nger Katherine Pierce.\nQuestion: does elena die for good in vampire diaries\nAnswer:",
        "response": " Elena"
      },
      {
        "question": "Passage: Nigeria at the FIFA World Cup -- Nigeria have appeared in the finals of the FIFA World Cup on six occasions, the first being in 1994 where they reached the second round. Their sixth and most recent appearance at the finals was the 2018 FIFA World Cup in Russia.\nQuestion: has nigeria ever won the fifa world cup before\nAnswer:",