{
  "metadata": {
    "timestamp": "20241216_104746",
    "model_name": "Qwen/Qwen2.5-0.5B",
    "num_pruned_layers": 0,
    "has_adapter": true,
    "task": "boolq"
  },
  "metrics": {
    "response_quality": {
      "total_responses": 3270,
      "valid_responses": 3120,
      "invalid_responses": 150,
      "invalid_percentage": 4.587155963302752
    },
    "metrics": {
      "accuracy": 0.5282051282051282,
      "evaluate_accuracy": {
        "accuracy": 0.5039755351681957
      },
      "precision": 0.6468668407310705,
      "recall": 0.5156087408949012,
      "f1": 0.5738274464389115,
      "total_evaluated": 3120,
      "confusion_matrix": {
        "true_positives": 991,
        "true_negatives": 657,
        "false_positives": 541,
        "false_negatives": 931
      },
      "perplexities": [
        13.2734375,
        13.1953125,
        12.2578125,
        14.3515625,
        12.3515625,
        11.671875,
        12.7421875,
        12.375,
        13.5390625,
        15.921875,
        13.96875,
        12.421875,
        14.8359375,
        14.046875,
        11.78125,
        11.46875,
        13.015625,
        15.3671875,
        16.109375,
        13.484375,
        12.5703125,
        11.8984375,
        12.328125,
        10.75,
        15.859375,
        10.8984375,
        13.5625,
        13.75,
        13.328125,
        15.4921875,
        14.4921875,
        11.921875,
        11.3984375,
        13.25,
        13.96875,
        12.0859375,
        13.484375,
        15.3125,
        12.0859375,
        11.7578125,
        10.5859375,
        12.59375,
        15.5234375,
        9.8671875,
        12.7421875,
        10.8125,
        12.8671875,
        13.3515625,
        12.421875,
        11.875,
        11.8984375,
        12.640625,
        11.5078125,
        13.3515625,
        12.015625,
        14.7265625,
        15.34375,
        14.78125,
        13.484375,
        12.6171875,
        13.828125,
        12.2265625,
        12.3984375,
        15.5546875,
        15.953125,
        12.3984375,
        11.7578125,
        11.5546875,
        13.640625,
        10.984375,
        13.671875,
        14.78125,
        14.6953125,
        13.1953125,
        13.2734375,
        14.2734375,
        12.59375,
        12.7421875,
        13.3046875,
        14.4375,
        11.828125,
        12.9140625,
        10.421875,
        12.9140625,
        12.328125,
        11.1171875,
        15.28125,
        18.328125,
        14.1875,
        13.4296875,
        13.2265625,
        13.1171875,
        14.078125,
        13.25,
        11.8046875,
        12.890625,
        11.2890625,
        10.6484375,
        16.390625,
        14.984375,
        10.0390625,
        12.84375,
        13.5078125,
        15.3671875,
        11.5546875,
        13.5078125,
        12.015625,
        13.4296875,
        13.6171875,
        12.46875,
        9.90625,
        12.6640625,
        11.5078125,
        10.796875,
        14.2421875,
        14.8125,
        13.5625,
        13.75,
        12.8203125,
        12.3984375,
        11.421875,
        11.921875,
        13.671875,
        12.28125,
        12.0625,
        11.8046875,
        13.3515625,
        13.171875,
        15.1015625,
        16.546875,
        14.5234375,
        12.109375,
        14.3828125,
        13.1484375,
        13.59375,
        12.5703125,
        12.1328125,
        12.46875,
        13.328125,
        10.75,
        14.609375,
        13.828125,
        14.4375,
        10.9609375,
        13.75,
        13.2265625,
        12.2578125,
        14.5546875,
        12.546875,
        15.4296875,
        14.046875,
        14.15625,
        13.328125,
        14.9296875,
        15.1015625,
        10.3828125,
        14.15625,
        11.265625,
        12.203125,
        14.640625,
        13.09375,
        10.8359375,
        11.375,
        13.1953125,
        16.546875,
        13.1484375,
        16.78125,
        14.4375,
        12.6640625,
        13.640625,
        13.6953125,
        11.46875,
        12.0390625,
        14.1875,
        15.4609375,
        13.640625,
        11.6953125,
        13.8046875,
        14.328125,
        11.9453125,
        15.578125,
        16.234375,
        10.9453125,
        10.8359375,
        15.4921875,
        15.015625,
        14.8671875,
        10.8125,
        13.78125,
        11.875,
        14.078125,
        12.375,
        14.0234375,
        10.8125,
        11.4453125,
        10.7109375,
        13.25,
        9.921875,
        13.5390625,
        15.1015625,
        11.96875,
        15.1875,
        11.3125,
        11.1328125,
        13.1171875
      ],
      "mean_perplexity": 13.129001524390244
    },
    "invalid_examples": [
      {
        "question": "Passage: Spark plug -- A spark plug (sometimes, in British English, a sparking plug, and, colloquially, a plug) is a device for delivering electric current from an ignition system to the combustion chamber of a spark-ignition engine to ignite the compressed fuel/air mixture by an electric spark, while containing combustion pressure within the engine. A spark plug has a metal threaded shell, electrically isolated from a central electrode by a porcelain insulator. The central electrode, which may contain a resistor, is connected by a heavily insulated wire to the output terminal of an ignition coil or magneto. The spark plug's metal shell is screwed into the engine's cylinder head and thus electrically grounded. The central electrode protrudes through the porcelain insulator into the combustion chamber, forming one or more spark gaps between the inner end of the central electrode and usually one or more protuberances or structures attached to the inner end of the threaded shell and designated the side, earth, or ground electrode(s).\nQuestion: does a spark plug keep an engine running\nAnswer:",
        "response": " Spark"
      },
      {
        "question": "Passage: Journey 2: The Mysterious Island -- Journey 2: The Mysterious Island is a 2012 American science fiction comedy adventure film directed by Brad Peyton and produced by Beau Flynn, Tripp Vinson and Charlotte Huggins. It is the sequel to Journey to the Center of the Earth (2008). Following the first film, the sequel is based on another Jules Verne novel, this time The Mysterious Island. The film stars Dwayne ``The Rock'' Johnson, Michael Caine, Josh Hutcherson, Vanessa Hudgens, Luis Guzm\u00e1n, and Kristin Davis. The story was written by Richard Outten, Brian Gunn and Mark Gunn, and the screenplay by Brian and Mark Gunn. Journey 2: The Mysterious Island was released in cinemas on February 10, 2012 by Warner Bros. Pictures, New Line Cinema and Walden Media to mixed reviews, but became a box office success with a worldwide gross of nearly $335 million, surpassing its predecessor. Journey 2: The Mysterious Island was released on DVD/Blu-ray on June 5, 2012.\nQuestion: is journey 2 the mysterious island a sequel\nAnswer:",
        "response": " Journey"
      },
      {
        "question": "Passage: Pickled cucumber -- A pickled cucumber (commonly known as a pickle in the United States and Canada and a gherkin in Britain, Ireland, Australia, South Africa and New Zealand) is a cucumber that has been pickled in a brine, vinegar, or other solution and left to ferment for a period of time, by either immersing the cucumbers in an acidic solution or through souring by lacto-fermentation. Pickled cucumbers are often part of mixed pickles.\nQuestion: is a pickle the same as a gherkin\nAnswer:",