{
  "metadata": {
    "timestamp": "20241216_113055",
    "model_name": "Qwen/Qwen2.5-7B",
    "num_pruned_layers": 11,
    "has_adapter": false,
    "task": "boolq"
  },
  "metrics": {
    "response_quality": {
      "total_responses": 3270,
      "valid_responses": 2561,
      "invalid_responses": 709,
      "invalid_percentage": 21.68195718654434
    },
    "metrics": {
      "accuracy": 0.6239750097618117,
      "evaluate_accuracy": {
        "accuracy": 0.4886850152905199
      },
      "precision": 0.62882096069869,
      "recall": 0.9826302729528535,
      "f1": 0.7668845315904138,
      "total_evaluated": 2561,
      "confusion_matrix": {
        "true_positives": 1584,
        "true_negatives": 14,
        "false_positives": 935,
        "false_negatives": 28
      },
      "perplexities": [
        39.40625,
        36.15625,
        34.625,
        40.03125,
        36.09375,
        31.71875,
        37.53125,
        36.5,
        40.25,
        46.96875,
        41.46875,
        35.875,
        40.25,
        37.15625,
        38.03125,
        36.03125,
        37.0,
        43.03125,
        43.53125,
        41.625,
        38.03125,
        35.1875,
        35.53125,
        34.5,
        45.625,
        32.59375,
        38.71875,
        44.46875,
        36.09375,
        42.6875,
        39.875,
        33.0625,
        37.90625,
        42.9375,
        41.125,
        34.4375,
        39.03125,
        43.375,
        39.9375,
        38.34375,
        32.03125,
        35.1875,
        46.53125,
        31.78125,
        38.625,
        33.375,
        37.4375,
        41.375,
        34.21875,
        35.46875,
        34.375,
        38.25,
        36.71875,
        37.15625,
        37.21875,
        43.09375,
        41.78125,
        43.96875,
        40.96875,
        34.5,
        41.375,
        34.09375,
        36.65625,
        45.25,
        48.09375,
        37.3125,
        37.65625,
        36.71875,
        43.375,
        35.1875,
        40.25,
        44.65625,
        43.625,
        37.0,
        41.46875,
        41.625,
        39.3125,
        35.1875,
        40.5,
        43.875,
        42.78125,
        41.21875,
        35.59375,
        39.40625,
        33.96875,
        37.53125,
        41.9375,
        47.90625,
        43.03125,
        42.84375,
        39.71875,
        36.4375,
        40.5625,
        37.09375,
        34.78125,
        38.71875,
        33.78125,
        32.34375,
        41.625,
        41.21875,
        30.6875,
        40.8125,
        36.3125,
        41.78125,
        35.375,
        38.1875,
        37.75,
        38.34375,
        39.46875,
        36.09375,
        31.59375,
        36.03125,
        33.5625,
        29.5625,
        42.4375,
        44.375,
        37.65625,
        42.59375,
        35.8125,
        38.34375,
        34.15625,
        36.5,
        40.40625,
        37.53125,
        36.15625,
        33.78125,
        37.375,
        36.5,
        43.1875,
        47.34375,
        42.34375,
        35.46875,
        43.1875,
        38.1875,
        40.25,
        38.78125,
        34.375,
        35.9375,
        35.53125,
        36.4375,
        38.9375,
        41.125,
        39.3125,
        34.71875,
        41.375,
        41.0625,
        37.53125,
        43.78125,
        38.1875,
        41.46875,
        45.0,
        40.09375,
        38.9375,
        44.03125,
        46.875,
        33.5625,
        37.8125,
        31.84375,
        34.71875,
        41.28125,
        43.375,
        30.453125,
        38.25,
        42.1875,
        48.75,
        38.34375,
        45.71875,
        40.25,
        38.78125,
        39.03125,
        36.875,
        35.65625,
        33.4375,
        38.25,
        42.6875,
        37.75,
        38.71875,
        40.65625,
        39.5625,
        32.15625,
        42.59375,
        45.4375,
        35.46875,
        39.09375,
        43.03125,
        42.1875,
        40.8125,
        34.03125,
        40.90625,
        37.8125,
        39.875,
        37.15625,
        42.28125,
        41.0625,
        31.71875,
        36.15625,
        38.71875,
        31.359375,
        39.3125,
        43.78125,
        37.15625,
        39.1875,
        35.46875,
        34.625,
        40.34375
      ],
      "mean_perplexity": 38.72621951219512
    },
    "invalid_examples": [
      {
        "question": "Passage: Harry Potter and the Escape from Gringotts -- Harry Potter and the Escape from Gringotts is an indoor steel roller coaster at Universal Studios Florida, a theme park located within the Universal Orlando Resort. Similar to dark rides, the roller coaster utilizes special effects in a controlled-lighting environment and also employs motion-based 3-D projection of both animation and live-action sequences to enhance the experience. The ride, which is themed to the Gringotts Wizarding Bank, became the flagship attraction for the expanded Wizarding World of Harry Potter when it opened on July 8, 2014.\nQuestion: is harry potter and the escape from gringotts a roller coaster ride\nAnswer:",
        "response": " Harry"
      },
      {
        "question": "Passage: Bloodline (TV series) -- Bloodline was announced in October 2014 as part of a partnership between Netflix and Sony Pictures Television, representing Netflix's first major deal with a major film studio for a television series. The series was created and executive produced by Todd A. Kessler, Glenn Kessler, and Daniel Zelman, who previously created the FX series Damages. According to its official synopsis released by Netflix, Bloodline ``centers on a close-knit family of four adult siblings whose secrets and scars are revealed when their black sheep brother returns home.''\nQuestion: is the show bloodline based on a true story\nAnswer:",
        "response": " Blood"
      },
      {
        "question": "Passage: Magnesium citrate -- Magnesium citrate is a magnesium preparation in salt form with citric acid in a 1:1 ratio (1 magnesium atom per citrate molecule). The name ``magnesium citrate'' is ambiguous and sometimes may refer to other salts such as trimagnesium citrate which has a magnesium:citrate ratio of 3:2.\nQuestion: does magnesium citrate have citric acid in it\nAnswer:",
        "response": " Magn"
      },
      {
        "question": "Passage: Spark plug -- A spark plug (sometimes, in British English, a sparking plug, and, colloquially, a plug) is a device for delivering electric current from an ignition system to the combustion chamber of a spark-ignition engine to ignite the compressed fuel/air mixture by an electric spark, while containing combustion pressure within the engine. A spark plug has a metal threaded shell, electrically isolated from a central electrode by a porcelain insulator. The central electrode, which may contain a resistor, is connected by a heavily insulated wire to the output terminal of an ignition coil or magneto. The spark plug's metal shell is screwed into the engine's cylinder head and thus electrically grounded. The central electrode protrudes through the porcelain insulator into the combustion chamber, forming one or more spark gaps between the inner end of the central electrode and usually one or more protuberances or structures attached to the inner end of the threaded shell and designated the side, earth, or ground electrode(s).\nQuestion: does a spark plug keep an engine running\nAnswer:",