{
  "metadata": {
    "timestamp": "20241216_134333",
    "model_name": "Qwen/Qwen2.5-14B",
    "num_pruned_layers": 21,
    "has_adapter": true,
    "task": "boolq"
  },
  "metrics": {
    "response_quality": {
      "total_responses": 3270,
      "valid_responses": 3234,
      "invalid_responses": 36,
      "invalid_percentage": 1.1009174311926606
    },
    "metrics": {
      "accuracy": 0.6212121212121212,
      "evaluate_accuracy": {
        "accuracy": 0.6143730886850153
      },
      "precision": 0.6221326720396776,
      "recall": 0.9970193740685543,
      "f1": 0.7661767512884137,
      "total_evaluated": 3234,
      "confusion_matrix": {
        "true_positives": 2007,
        "true_negatives": 2,
        "false_positives": 1219,
        "false_negatives": 6
      },
      "perplexities": [
        20.84375,
        19.171875,
        19.203125,
        21.09375,
        18.46875,
        16.953125,
        19.09375,
        19.234375,
        19.421875,
        23.4375,
        20.796875,
        19.015625,
        20.921875,
        20.921875,
        18.875,
        18.71875,
        19.421875,
        23.125,
        22.015625,
        20.046875,
        20.765625,
        18.109375,
        18.25,
        18.5,
        22.890625,
        15.671875,
        21.21875,
        19.96875,
        19.390625,
        23.484375,
        22.28125,
        17.015625,
        18.6875,
        21.375,
        20.921875,
        18.4375,
        19.78125,
        22.796875,
        20.171875,
        17.859375,
        16.546875,
        18.609375,
        23.203125,
        16.8125,
        20.046875,
        18.28125,
        20.125,
        21.296875,
        18.546875,
        17.9375,
        19.28125,
        19.8125,
        18.046875,
        19.359375,
        20.328125,
        22.109375,
        21.96875,
        23.125,
        19.421875,
        19.78125,
        21.46875,
        18.578125,
        19.359375,
        23.25,
        23.859375,
        19.65625,
        19.421875,
        18.609375,
        21.375,
        18.046875,
        21.375,
        22.9375,
        22.40625,
        18.875,
        20.5625,
        22.984375,
        19.921875,
        19.546875,
        21.296875,
        21.640625,
        18.71875,
        20.84375,
        16.84375,
        20.328125,
        18.4375,
        18.46875,
        23.578125,
        27.03125,
        21.59375,
        21.671875,
        20.96875,
        20.96875,
        22.28125,
        22.84375,
        19.46875,
        19.734375,
        15.828125,
        18.140625,
        25.6875,
        22.796875,
        16.296875,
        21.5,
        20.609375,
        22.3125,
        18.984375,
        19.625,
        18.4375,
        22.015625,
        20.765625,
        19.3125,
        16.71875,
        20.125,
        17.96875,
        17.109375,
        22.71875,
        26.71875,
        21.890625,
        20.71875,
        19.84375,
        19.921875,
        18.609375,
        19.65625,
        22.0625,
        20.0,
        18.828125,
        18.609375,
        22.234375,
        18.875,
        22.359375,
        24.609375,
        22.234375,
        18.71875,
        23.03125,
        20.328125,
        21.671875,
        20.484375,
        18.5,
        19.96875,
        20.0,
        19.09375,
        21.375,
        20.125,
        21.125,
        17.375,
        21.125,
        20.96875,
        20.078125,
        22.765625,
        20.765625,
        23.25,
        20.921875,
        21.640625,
        19.96875,
        23.03125,
        22.9375,
        18.25,
        20.28125,
        16.65625,
        18.765625,
        21.59375,
        21.546875,
        16.484375,
        16.953125,
        22.1875,
        24.375,
        20.4375,
        25.796875,
        20.359375,
        19.390625,
        20.28125,
        20.203125,
        18.765625,
        18.71875,
        20.640625,
        23.53125,
        20.796875,
        19.125,
        20.640625,
        21.96875,
        17.796875,
        23.90625,
        24.328125,
        17.046875,
        17.34375,
        23.296875,
        21.296875,
        21.765625,
        17.65625,
        20.515625,
        19.5,
        21.09375,
        19.734375,
        21.765625,
        18.5,
        17.6875,
        18.25,
        22.0625,
        14.078125,
        22.109375,
        22.796875,
        18.578125,
        22.84375,
        18.4375,
        17.375,
        18.328125
      ],
      "mean_perplexity": 20.2983993902439
    },
    "invalid_examples": [
      {
        "question": "Passage: Miracle on Ice -- Of the 20 players on Team USA, 13 eventually played in the NHL. Five of them went on to play over 500 NHL games, and three would play over 1,000 NHL games.\nQuestion: did anyone from the 1980 us hockey team play in the nhl\nAnswer:",
        "response": " Miracle"
      },
      {
        "question": "Passage: Gollum -- The Ring, which Gollum referred to as ``my precious'' or ``precious'', extended his life far beyond natural limits. Centuries of the Ring's influence twisted Gollum's body and mind, and, by the time of the novels, he ``loved and hated (the Ring), just as he loved and hated himself.'' Throughout the story, Gollum was torn between his lust for the Ring and his desire to be free of it. Bilbo Baggins found the Ring and took it for his own, and Gollum afterwards pursued it for the rest of his life. Gollum finally seized the Ring from Frodo Baggins at the Cracks of Doom in Orodruin in Mordor; but he fell into the fires of the volcano, where both he and the Ring were destroyed.\nQuestion: does smeagol die in lord of the rings\nAnswer:",
        "response": " G"
      },
      {
        "question": "Passage: Ivory Coast -- Ivory Coast, also known as C\u00f4te d'Ivoire and officially as the Republic of C\u00f4te d'Ivoire, is a sovereign state located in West Africa. Ivory Coast's political capital is Yamoussoukro, and its economic capital and largest city is the port city of Abidjan. Its bordering countries are Guinea and Liberia in the west, Burkina Faso and Mali in the north, and Ghana in the east. The Gulf of Guinea (Atlantic Ocean) is located south of Ivory Coast.\nQuestion: is ivory coast and cote d ivoire the same\nAnswer:",
        "response": " Ivory"
      },
      {
        "question": "Passage: The Last Airbender -- Shyamalan or Paramount/Nickelodeon did not immediately confirm the ``go-ahead'' or whether the plug will be pulled on the trilogy. While filming The Last Airbender, Shyamalan mapped out a rough draft for a second film that is ``darker'' and includes Azula, portrayed by Summer Bishil, as the main antagonist. In a July 2010 interview with New York Magazine, Shyamalan commented ``In the next few months we'll be able to know whether we have that opportunity or not'' when asked about the sequel. No such announcement was made and in a September 2010 interview when asked if he knew when the sequel will be made, he replied, ``I don't, because there are so many factors they take into account'', adding, ``I guess it will get into an area where it becomes a discussion -- like pros and cons.'' In September 2015, Shyamalan confirmed to Metro UK that he may work on the sequel after completing his next thriller, which started shooting in November 2015.\nQuestion: is there an official release date for the last airbender 2\nAnswer:",