{
  "metadata": {
    "timestamp": "20241216_125219",
    "model_name": "Qwen/Qwen2.5-14B",
    "num_pruned_layers": 5,
    "has_adapter": false,
    "task": "boolq"
  },
  "metrics": {
    "response_quality": {
      "total_responses": 3270,
      "valid_responses": 3186,
      "invalid_responses": 84,
      "invalid_percentage": 2.5688073394495414
    },
    "metrics": {
      "accuracy": 0.7539234149403641,
      "evaluate_accuracy": {
        "accuracy": 0.7345565749235474
      },
      "precision": 0.8918380889183809,
      "recall": 0.683969465648855,
      "f1": 0.7741935483870968,
      "total_evaluated": 3186,
      "confusion_matrix": {
        "true_positives": 1344,
        "true_negatives": 1058,
        "false_positives": 163,
        "false_negatives": 621
      },
      "perplexities": [
        9.3984375,
        9.75,
        8.65625,
        10.3359375,
        9.2890625,
        8.5703125,
        8.84375,
        9.1953125,
        10.0390625,
        10.28125,
        10.5625,
        9.5078125,
        10.7109375,
        10.0,
        8.2734375,
        8.2421875,
        9.8828125,
        11.3984375,
        11.1796875,
        9.15625,
        7.98828125,
        9.1796875,
        8.7421875,
        7.7734375,
        11.9453125,
        8.2890625,
        8.703125,
        10.359375,
        10.0,
        10.984375,
        9.828125,
        9.0859375,
        8.5546875,
        9.4140625,
        10.28125,
        8.640625,
        9.34375,
        11.203125,
        9.15625,
        8.0078125,
        7.8359375,
        8.7890625,
        11.3125,
        7.390625,
        9.3046875,
        8.1328125,
        10.140625,
        10.078125,
        10.28125,
        8.8984375,
        8.84375,
        8.6015625,
        8.2109375,
        10.1796875,
        9.0,
        9.5078125,
        10.8984375,
        10.484375,
        10.1171875,
        8.9140625,
        9.0703125,
        8.6015625,
        8.9453125,
        10.625,
        12.1328125,
        8.5078125,
        8.3203125,
        8.40625,
        10.4375,
        8.2890625,
        9.6171875,
        10.4609375,
        10.1796875,
        9.90625,
        8.9140625,
        11.09375,
        9.0859375,
        9.84375,
        10.21875,
        9.828125,
        8.5234375,
        9.265625,
        8.2109375,
        9.25,
        9.359375,
        8.0390625,
        10.859375,
        13.1953125,
        9.828125,
        9.65625,
        10.0625,
        9.34375,
        10.3203125,
        8.8125,
        8.5703125,
        9.5234375,
        8.484375,
        8.2265625,
        10.875,
        9.671875,
        7.5625,
        9.140625,
        9.8046875,
        10.9453125,
        8.453125,
        10.1953125,
        9.0703125,
        9.15625,
        9.65625,
        9.5078125,
        6.859375,
        9.671875,
        7.91015625,
        8.375,
        10.3828125,
        9.1953125,
        9.8046875,
        10.6875,
        9.15625,
        8.703125,
        8.2734375,
        8.5234375,
        10.296875,
        8.2734375,
        8.5703125,
        8.625,
        9.75,
        9.984375,
        11.15625,
        11.71875,
        10.5625,
        8.9140625,
        9.4296875,
        8.7578125,
        9.3203125,
        8.7265625,
        8.703125,
        9.640625,
        9.34375,
        7.59375,
        11.03125,
        9.671875,
        10.859375,
        8.703125,
        10.7265625,
        8.65625,
        9.015625,
        10.0,
        8.859375,
        11.828125,
        10.859375,
        9.734375,
        9.8671875,
        10.421875,
        11.2421875,
        7.7421875,
        10.4375,
        8.1640625,
        8.2265625,
        10.140625,
        10.0,
        8.40625,
        8.1328125,
        9.359375,
        11.265625,
        9.5625,
        11.8515625,
        9.7734375,
        9.828125,
        10.0625,
        10.1171875,
        8.2578125,
        8.984375,
        10.8359375,
        10.921875,
        10.2578125,
        8.390625,
        10.0390625,
        9.9609375,
        9.0390625,
        11.8984375,
        11.2421875,
        8.2890625,
        8.390625,
        10.078125,
        10.4375,
        10.296875,
        8.7265625,
        10.1953125,
        8.7578125,
        9.921875,
        8.7890625,
        10.2421875,
        8.0859375,
        8.375,
        7.73046875,
        9.4296875,
        7.53515625,
        9.578125,
        10.625,
        9.0390625,
        11.0703125,
        8.46875,
        8.7734375,
        8.7734375
      ],
      "mean_perplexity": 9.495731707317074
    },
    "invalid_examples": [
      {
        "question": "Passage: The Strangers (2008 film) -- The Strangers is a 2008 American slasher film written and directed by Bryan Bertino. Kristen (Liv Tyler) and James (Scott Speedman) are expecting a relaxing weekend at a family vacation home, but their stay turns out to be anything but peaceful as three masked torturers leave Kristen and James struggling for survival. Writer-director Bertino was inspired by real-life events: the Manson family Tate murders, a multiple homicide; the Keddie Cabin Murders, that occurred in California in 1981; and a series of break-ins that occurred in his own neighborhood as a child. Made on a budget of $9 million, the film was shot on location in rural South Carolina in the fall of 2006.\nQuestion: was the movie strangers based on a true story\nAnswer:",
        "response": " Based"
      },
      {
        "question": "Passage: Jaguar S-Type -- From model years 1999 to 2002, the rear-wheel-drive S-Type was equipped with either a five-speed manual (Getrag 221) or a five-speed J-Gate Ford 5R55N transmission . From 2003, the S-Type was produced with either a 5-speed manual transmission or a six-speed J-Gate transmission that allows automatic gear selection or clutchless manual gear selection. The 2004 diesel saw the introduction of a 6-speed manual transmission; it was also available with the six-speed J-Gate automatic transmission.\nQuestion: is the jaguar s type rear wheel drive\nAnswer:",
        "response": " Rear"
      },
      {
        "question": "Passage: Whose Line Is It Anyway? (U.S. TV series) -- Production of the American version was canceled by ABC in 2003 because of low ratings, with already-produced episodes airing first-run into 2004. The ABC Family cable channel, which had been airing repeats of the show since 2002, also showed ``new'' episodes from 2005 to 2006, formed from previously filmed but unaired performances.\nQuestion: did they cancel whose line is it anyway\nAnswer:",
        "response": " Cancel"
      },
      {
        "question": "Passage: Indian Motocycle Manufacturing Company -- In 2011, Polaris Industries purchased Indian Motorcycles and moved operations from North Carolina and merged them into their existing facilities in Minnesota and Iowa. Since August 2013, Polaris has marketed multiple modern Indian motorcycles that reflect Indian's traditional styling.\nQuestion: is the indian motorcycle made in united states\nAnswer:",
        "response": " Made"
      },
      {
        "question": "Passage: Rampage (2018 film) -- Rampage is a 2018 American science fiction monster film directed by Brad Peyton, and loosely based on the video game series of the same name by Midway Games. The film stars Dwayne Johnson, Naomie Harris, Malin \u00c5kerman, Jake Lacy, Joe Manganiello, and Jeffrey Dean Morgan. It follows a primatologist named Davis Okoye who must team up with George, an albino gorilla who turns into a raging creature of enormous size as a result of a rogue experiment, to stop two other mutated animals from destroying Chicago. It is the third collaboration between Peyton and Johnson, following Journey 2: The Mysterious Island (2012) and San Andreas (2015).\nQuestion: is the rampage movie based on the game\nAnswer:",