{
  "metadata": {
    "timestamp": "20241216_134017",
    "model_name": "Qwen/Qwen2.5-14B",
    "num_pruned_layers": 22,
    "has_adapter": false,
    "task": "boolq"
  },
  "metrics": {
    "response_quality": {
      "total_responses": 3270,
      "valid_responses": 1517,
      "invalid_responses": 1753,
      "invalid_percentage": 53.6085626911315
    },
    "metrics": {
      "accuracy": 0.6090969017798286,
      "evaluate_accuracy": {
        "accuracy": 0.28256880733944956
      },
      "precision": 0.610337972166998,
      "recall": 0.9946004319654428,
      "f1": 0.7564681724845996,
      "total_evaluated": 1517,
      "confusion_matrix": {
        "true_positives": 921,
        "true_negatives": 3,
        "false_positives": 588,
        "false_negatives": 5
      },
      "perplexities": [
        386.5,
        469.75,
        481.0,
        1447.0,
        401.75,
        444.75,
        629.5,
        580.0,
        339.75,
        532.5,
        466.25,
        582.5,
        296.25,
        551.5,
        353.25,
        309.25,
        667.5,
        793.0,
        4012.0,
        837.5,
        397.25,
        460.75,
        2980.0,
        549.5,
        424.5,
        303.25,
        413.0,
        400.25,
        462.5,
        637.0,
        360.25,
        321.75,
        325.5,
        964.0,
        335.75,
        482.75,
        279.5,
        1430.0,
        349.25,
        627.5,
        314.25,
        401.75,
        307.0,
        608.0,
        549.5,
        1481.0,
        350.5,
        427.75,
        264.5,
        335.75,
        357.5,
        395.75,
        520.0,
        304.5,
        459.0,
        460.75,
        450.0,
        486.75,
        464.25,
        768.5,
        589.5,
        2138.0,
        504.0,
        808.5,
        637.0,
        665.0,
        308.0,
        694.5,
        361.75,
        582.5,
        500.0,
        665.0,
        601.0,
        500.0,
        627.5,
        857.5,
        383.5,
        660.0,
        498.25,
        498.25,
        406.5,
        526.0,
        459.0,
        394.0,
        730.5,
        768.5,
        694.5,
        780.5,
        713.5,
        438.0,
        411.5,
        1910.0,
        492.25,
        689.0,
        512.0,
        386.5,
        584.5,
        469.75,
        837.5,
        727.5,
        891.5,
        357.5,
        321.75,
        824.5,
        1123.0,
        450.0,
        694.5,
        2098.0,
        427.75,
        347.75,
        288.25,
        444.75,
        526.0,
        363.0,
        358.75,
        578.0,
        562.5,
        417.75,
        891.5,
        358.75,
        325.5,
        353.25,
        484.75,
        360.25,
        1071.0,
        1808.0,
        508.0,
        620.0,
        520.0,
        500.0,
        444.75,
        406.5,
        549.5,
        553.5,
        329.25,
        2340.0,
        333.25,
        541.0,
        457.25,
        768.5,
        419.5,
        494.25,
        516.0,
        1002.5,
        403.5,
        589.5,
        649.5,
        1131.0,
        383.5,
        434.5,
        380.5,
        632.0,
        339.75,
        364.5,
        891.5,
        380.5,
        349.25,
        282.75,
        512.0,
        405.0,
        416.25,
        283.75,
        524.0,
        639.5,
        610.5,
        545.0,
        841.0,
        745.0,
        432.75,
        419.5,
        321.75,
        488.5,
        337.0,
        941.5,
        642.0,
        516.0,
        1209.0,
        514.0,
        524.0,
        998.5,
        455.25,
        361.75,
        1858.0,
        338.5,
        1505.0,
        512.0,
        353.25,
        301.0,
        532.5,
        432.75,
        657.5,
        356.0,
        353.25,
        637.0,
        301.0,
        459.0,
        394.0,
        256.5,
        450.0,
        1101.0,
        272.0,
        434.5,
        315.5,
        377.5,
        401.75
      ],
      "mean_perplexity": 606.4939024390244
    },
    "invalid_examples": [
      {
        "question": "Passage: Ethanol fuel -- All biomass goes through at least some of these steps: it needs to be grown, collected, dried, fermented, distilled, and burned. All of these steps require resources and an infrastructure. The total amount of energy input into the process compared to the energy released by burning the resulting ethanol fuel is known as the energy balance (or ``energy returned on energy invested''). Figures compiled in a 2007 report by National Geographic Magazine point to modest results for corn ethanol produced in the US: one unit of fossil-fuel energy is required to create 1.3 energy units from the resulting ethanol. The energy balance for sugarcane ethanol produced in Brazil is more favorable, with one unit of fossil-fuel energy required to create 8 from the ethanol. Energy balance estimates are not easily produced, thus numerous such reports have been generated that are contradictory. For instance, a separate survey reports that production of ethanol from sugarcane, which requires a tropical climate to grow productively, returns from 8 to 9 units of energy for each unit expended, as compared to corn, which only returns about 1.34 units of fuel energy for each unit of energy expended. A 2006 University of California Berkeley study, after analyzing six separate studies, concluded that producing ethanol from corn uses much less petroleum than producing gasoline.\nQuestion: does ethanol take more energy make that produces\nAnswer:",
        "response": " A"
      },
      {
        "question": "Passage: Phantom pain -- Phantom pain sensations are described as perceptions that an individual experiences relating to a limb or an organ that is not physically part of the body. Limb loss is a result of either removal by amputation or congenital limb deficiency. However, phantom limb sensations can also occur following nerve avulsion or spinal cord injury.\nQuestion: is pain experienced in a missing body part or paralyzed area\nAnswer:",
        "response": ""
      },
      {
        "question": "Passage: Hydroxyzine -- Hydroxyzine preparations require a doctor's prescription. The drug is available in two formulations, the pamoate and the dihydrochloride or hydrochloride salts. Vistaril, Equipose, Masmoran, and Paxistil are preparations of the pamoate salt, while Atarax, Alamon, Aterax, Durrax, Tran-Q, Orgatrax, Quiess, and Tranquizine are of the hydrochloride salt.\nQuestion: is there a difference between hydroxyzine hcl and hydroxyzine pam\nAnswer:",
        "response": ""
      },
      {
        "question": "Passage: Barq's -- Barq's /\u02c8b\u0251\u02d0rks/ is an American soft drink. Its brand of root beer is notable for having caffeine. Barq's, created by Edward Barq and bottled since the turn of the 20th century, is owned by the Barq family but bottled by the Coca-Cola Company. It was known as Barq's Famous Olde Tyme Root Beer until 2012.\nQuestion: is barq's root beer a pepsi product\nAnswer:",
        "response": " "
      },
      {
        "question": "Passage: American entry into Canada by land -- Persons driving into Canada must have their vehicle's registration document and proof of insurance.\nQuestion: can u drive in canada with us license\nAnswer:",
        "response": " "
      },
      {
        "question": "Passage: 2018 FIFA World Cup knockout stage -- The knockout stage of the 2018 FIFA World Cup was the second and final stage of the competition, following the group stage. It began on 30 June with the round of 16 and ended on 15 July with the final match, held at the Luzhniki Stadium in Moscow. The top two teams from each group (16 in total) advanced to the knockout stage to compete in a single-elimination style tournament. A third place play-off was also played between the two losing teams of the semi-finals.\nQuestion: is there a play off for third place in the world cup\nAnswer:",