{
  "metadata": {
    "timestamp": "20241216_133503",
    "model_name": "Qwen/Qwen2.5-14B",
    "num_pruned_layers": 16,
    "has_adapter": true,
    "task": "boolq"
  },
  "metrics": {
    "response_quality": {
      "total_responses": 3270,
      "valid_responses": 3267,
      "invalid_responses": 3,
      "invalid_percentage": 0.09174311926605505
    },
    "metrics": {
      "accuracy": 0.6219773492500765,
      "evaluate_accuracy": {
        "accuracy": 0.6214067278287462
      },
      "precision": 0.6219773492500765,
      "recall": 1.0,
      "f1": 0.7669371579543309,
      "total_evaluated": 3267,
      "confusion_matrix": {
        "true_positives": 2032,
        "true_negatives": 0,
        "false_positives": 1235,
        "false_negatives": 0
      },
      "perplexities": [
        13.671875,
        12.8203125,
        11.8515625,
        13.640625,
        11.921875,
        11.421875,
        12.375,
        12.4453125,
        13.328125,
        14.78125,
        13.4609375,
        12.6171875,
        14.5234375,
        13.6171875,
        12.0859375,
        11.8046875,
        12.546875,
        15.5546875,
        14.8125,
        13.25,
        12.3046875,
        12.3046875,
        12.0859375,
        11.0703125,
        15.828125,
        10.4375,
        12.5703125,
        13.7265625,
        13.1484375,
        15.1640625,
        14.2421875,
        11.8046875,
        11.578125,
        12.71875,
        13.671875,
        11.7421875,
        12.8671875,
        15.0703125,
        12.8671875,
        11.625,
        10.5234375,
        12.3984375,
        14.6953125,
        10.421875,
        12.9453125,
        10.9453125,
        13.0703125,
        13.75,
        12.28125,
        11.8515625,
        12.15625,
        12.375,
        11.6953125,
        13.1484375,
        13.046875,
        13.4609375,
        14.2421875,
        14.8984375,
        12.640625,
        12.3046875,
        12.9453125,
        11.78125,
        12.3515625,
        14.640625,
        15.5546875,
        12.109375,
        12.015625,
        11.6484375,
        13.671875,
        11.375,
        13.3515625,
        13.9375,
        13.828125,
        12.71875,
        12.765625,
        14.078125,
        12.3515625,
        12.5234375,
        13.3828125,
        14.046875,
        11.6953125,
        12.71875,
        11.09375,
        12.890625,
        12.3046875,
        12.203125,
        15.0703125,
        17.625,
        13.9921875,
        13.25,
        13.1484375,
        12.8203125,
        14.609375,
        14.15625,
        12.3515625,
        13.171875,
        10.8359375,
        11.3125,
        15.1875,
        14.1875,
        10.6875,
        12.8671875,
        12.96875,
        14.2421875,
        11.7421875,
        13.1171875,
        12.0859375,
        13.5625,
        12.9921875,
        12.4921875,
        10.2421875,
        12.6640625,
        11.375,
        10.7109375,
        14.1015625,
        15.28125,
        14.15625,
        13.59375,
        12.9140625,
        12.4453125,
        11.2265625,
        11.96875,
        14.296875,
        12.59375,
        11.96875,
        11.8515625,
        13.6171875,
        13.1171875,
        14.8671875,
        15.828125,
        14.4921875,
        12.3515625,
        14.2421875,
        12.328125,
        13.8046875,
        12.59375,
        12.109375,
        12.6953125,
        12.8203125,
        11.375,
        14.1328125,
        13.2265625,
        14.1015625,
        11.625,
        13.8046875,
        12.765625,
        12.59375,
        13.9921875,
        11.8046875,
        15.0703125,
        14.046875,
        13.640625,
        13.2265625,
        14.8125,
        14.984375,
        10.7265625,
        13.7265625,
        11.265625,
        12.28125,
        13.9921875,
        13.5390625,
        11.3984375,
        11.09375,
        13.2265625,
        15.703125,
        12.4921875,
        16.171875,
        13.828125,
        12.59375,
        13.09375,
        13.2734375,
        11.8984375,
        12.3046875,
        13.671875,
        14.8125,
        13.5625,
        11.78125,
        13.4609375,
        13.5390625,
        12.28125,
        15.578125,
        15.5234375,
        10.6640625,
        11.3125,
        14.4140625,
        14.8125,
        13.96875,
        11.53125,
        13.6171875,
        12.0625,
        13.1953125,
        12.203125,
        14.1875,
        11.375,
        11.15625,
        11.5546875,
        13.3515625,
        9.8046875,
        13.4609375,
        14.8125,
        12.0390625,
        14.609375,
        11.6953125,
        11.46875,
        12.7421875
      ],
      "mean_perplexity": 12.990205792682927
    },
    "invalid_examples": [
      {
        "question": "Passage: Peroxide -- Aside from hydrogen peroxide, some other major classes of peroxides are these:\nQuestion: is peroxide and hydrogen peroxide the same thing\nAnswer:",
        "response": " Pero"
      },
      {
        "question": "Passage: Dame -- Dame is an honorific title and the feminine form of address for the honour of knighthood in the British honours system and the systems of several other Commonwealth countries, such as Australia and New Zealand, with the masculine form of address being Sir. The word damehood is rarely used, but the official website of the British monarchy uses it as the correct term.\nQuestion: is a dame the same as a knight\nAnswer:",
        "response": " Dame"
      },
      {
        "question": "Passage: Serbia at the FIFA World Cup -- From the 1930 FIFA World Cup to the 1938 FIFA World Cup, Serbia was part of the Kingdom of Yugoslavia, and afterwards, from the 1950 FIFA World Cup to the 1990 FIFA World Cup, Serbia was part of the Socialist Federal Republic of Yugoslavia, both of which competed in the world cup. From the 1994 FIFA World Cup to the 2006 FIFA World Cup, Serbia played with Montenegro. From 2006 to the present, Serbia played as an independent country. After the dissolution of the SFRY, Serbia has not made it to the knockout stages.\nQuestion: has serbia ever won the fifa world cup\nAnswer:",
        "response": " Serbia"
      }
    ]
  }
}