{
  "metadata": {
    "timestamp": "20241216_105419",
    "model_name": "Qwen/Qwen2.5-0.5B",
    "num_pruned_layers": 14,
    "has_adapter": true,
    "task": "boolq"
  },
  "metrics": {
    "response_quality": {
      "total_responses": 3270,
      "valid_responses": 2857,
      "invalid_responses": 413,
      "invalid_percentage": 12.629969418960243
    },
    "metrics": {
      "accuracy": 0.6219810990549528,
      "evaluate_accuracy": {
        "accuracy": 0.5434250764525994
      },
      "precision": 0.6219810990549528,
      "recall": 1.0,
      "f1": 0.7669400086318515,
      "total_evaluated": 2857,
      "confusion_matrix": {
        "true_positives": 1777,
        "true_negatives": 0,
        "false_positives": 1080,
        "false_negatives": 0
      },
      "perplexities": [
        4992.0,
        4012.0,
        5192.0,
        4952.0,
        5484.0,
        5112.0,
        4616.0,
        5484.0,
        4544.0,
        5524.0,
        6212.0,
        4140.0,
        4204.0,
        5316.0,
        5112.0,
        4688.0,
        5192.0,
        4840.0,
        5112.0,
        4992.0,
        4840.0,
        4688.0,
        3980.0,
        5396.0,
        5232.0,
        3198.0,
        5792.0,
        4616.0,
        4688.0,
        5928.0,
        5440.0,
        4204.0,
        5192.0,
        5072.0,
        5484.0,
        5032.0,
        3980.0,
        5316.0,
        5272.0,
        4800.0,
        5316.0,
        4476.0,
        5396.0,
        4580.0,
        4992.0,
        3950.0,
        5072.0,
        5440.0,
        4800.0,
        3888.0,
        5192.0,
        5656.0,
        4580.0,
        4204.0,
        5568.0,
        5072.0,
        4336.0,
        5884.0,
        5112.0,
        6772.0,
        5356.0,
        3888.0,
        4688.0,
        5792.0,
        5884.0,
        4728.0,
        4512.0,
        4544.0,
        5440.0,
        4580.0,
        6360.0,
        6460.0,
        5612.0,
        4476.0,
        5656.0,
        6020.0,
        4272.0,
        5484.0,
        5656.0,
        4580.0,
        5152.0,
        5612.0,
        6260.0,
        6460.0,
        4952.0,
        5152.0,
        5884.0,
        5744.0,
        5152.0,
        5032.0,
        5032.0,
        4404.0,
        5700.0,
        5884.0,
        5152.0,
        4512.0,
        3798.0,
        5396.0,
        5192.0,
        7152.0,
        3980.0,
        5836.0,
        4652.0,
        5524.0,
        5192.0,
        5152.0,
        4876.0,
        5524.0,
        5484.0,
        4140.0,
        4580.0,
        5836.0,
        4652.0,
        4204.0,
        5656.0,
        6716.0,
        6068.0,
        5192.0,
        4404.0,
        6020.0,
        4140.0,
        5836.0,
        6612.0,
        4952.0,
        4236.0,
        3980.0,
        5524.0,
        4652.0,
        5792.0,
        6412.0,
        5272.0,
        4204.0,
        5612.0,
        5524.0,
        4544.0,
        4728.0,
        3798.0,
        5656.0,
        5396.0,
        5272.0,
        4336.0,
        4764.0,
        4580.0,
        4272.0,
        5700.0,
        4992.0,
        4404.0,
        5192.0,
        6312.0,
        6260.0,
        5568.0,
        4916.0,
        4404.0,
        4952.0,
        5272.0,
        4652.0,
        4652.0,
        4074.0,
        5524.0,
        5112.0,
        5700.0,
        3828.0,
        4042.0,
        5744.0,
        5484.0,
        7040.0,
        6212.0,
        4140.0,
        5656.0,
        4108.0,
        4512.0,
        3738.0,
        4404.0,
        5568.0,
        5484.0,
        4140.0,
        5524.0,
        4544.0,
        5928.0,
        4372.0,
        7208.0,
        4952.0,
        4236.0,
        4108.0,
        5744.0,
        4652.0,
        4876.0,
        4204.0,
        5112.0,
        4304.0,
        6212.0,
        4800.0,
        5484.0,
        4012.0,
        4916.0,
        5612.0,
        6824.0,
        3326.0,
        5152.0,
        5316.0,
        4876.0,
        5272.0,
        4304.0,
        4012.0,
        4916.0
      ],
      "mean_perplexity": 5073.814634146342
    },
    "invalid_examples": [
      {
        "question": "Passage: Ethanol fuel -- All biomass goes through at least some of these steps: it needs to be grown, collected, dried, fermented, distilled, and burned. All of these steps require resources and an infrastructure. The total amount of energy input into the process compared to the energy released by burning the resulting ethanol fuel is known as the energy balance (or ``energy returned on energy invested''). Figures compiled in a 2007 report by National Geographic Magazine point to modest results for corn ethanol produced in the US: one unit of fossil-fuel energy is required to create 1.3 energy units from the resulting ethanol. The energy balance for sugarcane ethanol produced in Brazil is more favorable, with one unit of fossil-fuel energy required to create 8 from the ethanol. Energy balance estimates are not easily produced, thus numerous such reports have been generated that are contradictory. For instance, a separate survey reports that production of ethanol from sugarcane, which requires a tropical climate to grow productively, returns from 8 to 9 units of energy for each unit expended, as compared to corn, which only returns about 1.34 units of fuel energy for each unit of energy expended. A 2006 University of California Berkeley study, after analyzing six separate studies, concluded that producing ethanol from corn uses much less petroleum than producing gasoline.\nQuestion: does ethanol take more energy make that produces\nAnswer:",
        "response": "1"
      },
      {
        "question": "Passage: Barq's -- Barq's /\u02c8b\u0251\u02d0rks/ is an American soft drink. Its brand of root beer is notable for having caffeine. Barq's, created by Edward Barq and bottled since the turn of the 20th century, is owned by the Barq family but bottled by the Coca-Cola Company. It was known as Barq's Famous Olde Tyme Root Beer until 2012.\nQuestion: is barq's root beer a pepsi product\nAnswer:",
        "response": "1"
      },
      {
        "question": "Passage: Parity (mathematics) -- In mathematics, parity is the property of an integer's inclusion in one of two categories: even or odd. An integer is even if it is evenly divisible by two and odd if it is not even. For example, 6 is even because there is no remainder when dividing it by 2. By contrast, 3, 5, 7, 21 leave a remainder of 1 when divided by 2. Examples of even numbers include \u22124, 0, 82 and 178. In particular, zero is an even number. Some examples of odd numbers are \u22125, 3, 29, and 73.\nQuestion: can an odd number be divided by an even number\nAnswer:",
        "response": " on"
      },
      {
        "question": "Passage: Alcohol laws of New York -- In response to the National Minimum Drinking Age Act in 1984, which reduced by up to 10% the federal highway funding of any state which did not have a minimum purchasing age of 21, the New York Legislature raised the drinking age from 19 to 21, effective December 1, 1985. (The drinking age had been 18 for many years before the first raise on December 4th, 1982, to 19.) Persons under 21 are prohibited from purchasing alcohol or possessing alcohol with the intent to consume, unless the alcohol was given to that person by their parent or legal guardian. There is no law prohibiting where people under 21 may possess or consume alcohol that was given to them by their parents. Persons under 21 are prohibited from having a blood alcohol level of 0.02% or higher while driving.\nQuestion: can minors drink with parents in new york\nAnswer:",