{
  "metadata": {
    "timestamp": "20241216_111540",
    "model_name": "Qwen/Qwen2.5-7B",
    "num_pruned_layers": 2,
    "has_adapter": true,
    "task": "boolq"
  },
  "metrics": {
    "response_quality": {
      "total_responses": 3270,
      "valid_responses": 3270,
      "invalid_responses": 0,
      "invalid_percentage": 0.0
    },
    "metrics": {
      "accuracy": 0.8021406727828746,
      "evaluate_accuracy": {
        "accuracy": 0.8021406727828746
      },
      "precision": 0.8010425716768028,
      "recall": 0.9070339399901624,
      "f1": 0.8507497116493656,
      "total_evaluated": 3270,
      "confusion_matrix": {
        "true_positives": 1844,
        "true_negatives": 779,
        "false_positives": 458,
        "false_negatives": 189
      },
      "perplexities": [
        7.23828125,
        7.98828125,
        7.30859375,
        8.5703125,
        7.33203125,
        6.765625,
        7.50390625,
        7.33203125,
        8.1015625,
        8.5703125,
        8.640625,
        7.71484375,
        8.5703125,
        8.0390625,
        6.75390625,
        6.53515625,
        7.65234375,
        9.34375,
        9.484375,
        7.50390625,
        6.13671875,
        6.921875,
        7.125,
        5.890625,
        9.4140625,
        6.76171875,
        6.75390625,
        9.0546875,
        7.73046875,
        8.640625,
        7.8359375,
        7.125,
        6.40234375,
        7.3671875,
        7.66796875,
        7.05859375,
        7.65234375,
        8.625,
        6.9765625,
        6.30859375,
        6.39453125,
        7.23828125,
        9.0859375,
        5.62109375,
        6.7890625,
        6.33203125,
        7.625,
        7.8515625,
        8.0546875,
        6.98828125,
        6.64453125,
        7.0078125,
        6.3828125,
        8.4375,
        6.703125,
        7.89453125,
        9.015625,
        8.1171875,
        8.2578125,
        7.40234375,
        7.40234375,
        7.16796875,
        6.609375,
        8.5703125,
        9.671875,
        6.87890625,
        6.5859375,
        6.19921875,
        8.5078125,
        6.04296875,
        7.95703125,
        8.2265625,
        8.421875,
        7.8828125,
        7.43359375,
        8.65625,
        7.0703125,
        8.1640625,
        8.1015625,
        8.2109375,
        6.36328125,
        7.59375,
        6.08984375,
        7.3671875,
        6.98828125,
        6.27734375,
        8.875,
        10.6015625,
        7.91015625,
        7.59375,
        7.7578125,
        7.390625,
        8.2421875,
        6.40625,
        6.30859375,
        7.7890625,
        7.00390625,
        6.13671875,
        9.2890625,
        8.0546875,
        5.67578125,
        6.90234375,
        7.91015625,
        8.96875,
        6.9296875,
        8.2109375,
        6.8671875,
        7.40234375,
        7.69921875,
        7.53515625,
        5.44921875,
        7.63671875,
        6.203125,
        6.6875,
        8.0390625,
        7.203125,
        7.92578125,
        8.375,
        7.390625,
        6.6640625,
        6.05859375,
        6.78125,
        8.390625,
        6.78125,
        6.63671875,
        6.96875,
        7.265625,
        8.0390625,
        9.109375,
        9.5234375,
        8.390625,
        6.87890625,
        7.69921875,
        7.2109375,
        7.69921875,
        7.296875,
        6.921875,
        8.0390625,
        7.69921875,
        5.86328125,
        9.015625,
        7.8203125,
        8.453125,
        6.89453125,
        8.375,
        7.21875,
        7.24609375,
        8.1796875,
        6.98828125,
        9.15625,
        8.7421875,
        8.0546875,
        7.4921875,
        8.34375,
        8.7265625,
        5.953125,
        8.5546875,
        6.203125,
        6.515625,
        8.2109375,
        7.8515625,
        6.63671875,
        6.46484375,
        7.7421875,
        9.1796875,
        7.265625,
        9.6953125,
        7.41796875,
        7.8359375,
        8.359375,
        8.375,
        6.625,
        7.203125,
        8.859375,
        8.9296875,
        7.92578125,
        6.68359375,
        8.34375,
        8.1171875,
        7.2890625,
        9.90625,
        8.96875,
        6.6640625,
        6.63671875,
        7.91015625,
        8.5703125,
        8.1953125,
        6.19921875,
        8.34375,
        7.05078125,
        7.53515625,
        6.5859375,
        8.1796875,
        6.16015625,
        6.5390625,
        5.984375,
        7.09375,
        6.16015625,
        7.71484375,
        8.84375,
        7.33984375,
        8.8125,
        6.74609375,
        7.2265625,
        6.9140625
      ],
      "mean_perplexity": 7.561947408536585
    },
    "invalid_examples": []
  }
}