{
  "metadata": {
    "timestamp": "20241216_140745",
    "model_name": "Qwen/Qwen2.5-14B",
    "num_pruned_layers": 38,
    "has_adapter": true,
    "task": "boolq"
  },
  "metrics": {
    "response_quality": {
      "total_responses": 3270,
      "valid_responses": 2629,
      "invalid_responses": 641,
      "invalid_percentage": 19.602446483180426
    },
    "metrics": {
      "accuracy": 0.607835678965386,
      "evaluate_accuracy": {
        "accuracy": 0.4886850152905199
      },
      "precision": 0.6118192352259559,
      "recall": 0.9838509316770186,
      "f1": 0.7544653488925934,
      "total_evaluated": 2629,
      "confusion_matrix": {
        "true_positives": 1584,
        "true_negatives": 14,
        "false_positives": 1005,
        "false_negatives": 26
      },
      "perplexities": [
        80.375,
        67.1875,
        75.8125,
        76.125,
        78.1875,
        68.5,
        74.9375,
        77.875,
        70.625,
        93.625,
        84.5625,
        77.875,
        77.0,
        79.75,
        78.8125,
        77.0,
        77.625,
        87.25,
        83.5625,
        81.3125,
        85.25,
        67.6875,
        65.0625,
        75.8125,
        88.25,
        58.8125,
        88.25,
        75.5,
        79.75,
        95.8125,
        88.25,
        67.6875,
        82.3125,
        85.5625,
        84.875,
        73.1875,
        72.875,
        89.3125,
        82.9375,
        66.875,
        66.125,
        71.75,
        91.4375,
        72.875,
        84.5625,
        77.0,
        78.8125,
        84.5625,
        76.375,
        68.75,
        77.3125,
        81.625,
        74.0625,
        70.375,
        79.75,
        88.25,
        83.5625,
        98.125,
        71.5,
        83.5625,
        91.8125,
        69.5625,
        74.0625,
        93.25,
        93.25,
        77.625,
        77.0,
        75.1875,
        83.875,
        71.5,
        91.8125,
        96.1875,
        92.875,
        69.8125,
        80.375,
        91.0625,
        74.9375,
        77.3125,
        81.625,
        82.3125,
        74.625,
        88.25,
        71.75,
        81.0,
        72.0625,
        73.5,
        91.8125,
        111.1875,
        87.9375,
        84.5625,
        79.75,
        76.6875,
        84.5625,
        97.6875,
        77.875,
        71.1875,
        56.34375,
        72.875,
        96.9375,
        93.25,
        59.96875,
        88.625,
        79.125,
        86.25,
        74.3125,
        77.625,
        75.1875,
        83.875,
        82.625,
        74.3125,
        60.1875,
        82.3125,
        74.3125,
        66.875,
        89.3125,
        109.4375,
        87.25,
        86.25,
        77.3125,
        81.0,
        70.9375,
        76.375,
        88.625,
        80.6875,
        74.3125,
        71.5,
        88.625,
        69.8125,
        92.125,
        93.25,
        90.375,
        74.9375,
        91.0625,
        83.25,
        81.0,
        77.3125,
        69.0,
        77.625,
        73.5,
        81.3125,
        83.875,
        75.8125,
        79.125,
        63.59375,
        88.625,
        82.3125,
        75.1875,
        92.125,
        83.875,
        97.6875,
        80.0625,
        88.9375,
        75.1875,
        88.25,
        89.6875,
        81.625,
        75.5,
        63.09375,
        78.8125,
        85.5625,
        89.6875,
        59.96875,
        63.84375,
        92.5,
        99.625,
        91.0625,
        105.25,
        75.5,
        80.6875,
        74.0625,
        74.0625,
        70.625,
        69.3125,
        77.875,
        95.0625,
        79.4375,
        77.3125,
        81.0,
        94.3125,
        62.84375,
        96.1875,
        91.8125,
        64.8125,
        67.9375,
        92.875,
        79.125,
        82.625,
        69.8125,
        74.625,
        80.375,
        90.375,
        81.0,
        85.25,
        72.875,
        69.0,
        75.8125,
        90.75,
        50.40625,
        84.5625,
        88.625,
        75.5,
        94.0,
        73.1875,
        62.84375,
        77.625
      ],
      "mean_perplexity": 80.13887195121951
    },
    "invalid_examples": [
      {
        "question": "Passage: Harry Potter and the Escape from Gringotts -- Harry Potter and the Escape from Gringotts is an indoor steel roller coaster at Universal Studios Florida, a theme park located within the Universal Orlando Resort. Similar to dark rides, the roller coaster utilizes special effects in a controlled-lighting environment and also employs motion-based 3-D projection of both animation and live-action sequences to enhance the experience. The ride, which is themed to the Gringotts Wizarding Bank, became the flagship attraction for the expanded Wizarding World of Harry Potter when it opened on July 8, 2014.\nQuestion: is harry potter and the escape from gringotts a roller coaster ride\nAnswer:",
        "response": " Harry"
      },
      {
        "question": "Passage: Parity (mathematics) -- In mathematics, parity is the property of an integer's inclusion in one of two categories: even or odd. An integer is even if it is evenly divisible by two and odd if it is not even. For example, 6 is even because there is no remainder when dividing it by 2. By contrast, 3, 5, 7, 21 leave a remainder of 1 when divided by 2. Examples of even numbers include \u22124, 0, 82 and 178. In particular, zero is an even number. Some examples of odd numbers are \u22125, 3, 29, and 73.\nQuestion: can an odd number be divided by an even number\nAnswer:",
        "response": " "
      },
      {
        "question": "Passage: 2018 FIFA World Cup knockout stage -- The knockout stage of the 2018 FIFA World Cup was the second and final stage of the competition, following the group stage. It began on 30 June with the round of 16 and ended on 15 July with the final match, held at the Luzhniki Stadium in Moscow. The top two teams from each group (16 in total) advanced to the knockout stage to compete in a single-elimination style tournament. A third place play-off was also played between the two losing teams of the semi-finals.\nQuestion: is there a play off for third place in the world cup\nAnswer:",
        "response": " "
      },
      {
        "question": "Passage: Alcohol laws of New York -- In response to the National Minimum Drinking Age Act in 1984, which reduced by up to 10% the federal highway funding of any state which did not have a minimum purchasing age of 21, the New York Legislature raised the drinking age from 19 to 21, effective December 1, 1985. (The drinking age had been 18 for many years before the first raise on December 4th, 1982, to 19.) Persons under 21 are prohibited from purchasing alcohol or possessing alcohol with the intent to consume, unless the alcohol was given to that person by their parent or legal guardian. There is no law prohibiting where people under 21 may possess or consume alcohol that was given to them by their parents. Persons under 21 are prohibited from having a blood alcohol level of 0.02% or higher while driving.\nQuestion: can minors drink with parents in new york\nAnswer:",
        "response": " Can"
      },
      {
        "question": "Passage: Shower gel -- Shower gels for men may contain the ingredient menthol, which gives a cooling and stimulating sensation on the skin, and some men's shower gels are also designed specifically for use on hair and body. Shower gels contain milder surfactant bases than shampoos, and some also contain gentle conditioning agents in the formula. This means that shower gels can also double as an effective and perfectly acceptable substitute to shampoo, even if they are not labelled as a hair and body wash. Washing hair with shower gel should give approximately the same result as using a moisturising shampoo.\nQuestion: is it bad to wash your hair with shower gel\nAnswer:",