{
  "metadata": {
    "timestamp": "20241216_140334",
    "model_name": "Qwen/Qwen2.5-14B",
    "num_pruned_layers": 33,
    "has_adapter": true,
    "task": "boolq"
  },
  "metrics": {
    "response_quality": {
      "total_responses": 3270,
      "valid_responses": 2694,
      "invalid_responses": 576,
      "invalid_percentage": 17.61467889908257
    },
    "metrics": {
      "accuracy": 0.6095025983667409,
      "evaluate_accuracy": {
        "accuracy": 0.5021406727828747
      },
      "precision": 0.6127211140383891,
      "recall": 0.9860690490611751,
      "f1": 0.7558031569173631,
      "total_evaluated": 2694,
      "confusion_matrix": {
        "true_positives": 1628,
        "true_negatives": 14,
        "false_positives": 1029,
        "false_negatives": 23
      },
      "perplexities": [
        51.78125,
        45.34375,
        48.75,
        48.75,
        50.1875,
        43.6875,
        46.875,
        51.0,
        46.25,
        60.4375,
        53.65625,
        49.21875,
        50.59375,
        52.90625,
        48.09375,
        49.71875,
        49.3125,
        55.03125,
        54.8125,
        51.90625,
        55.25,
        45.1875,
        43.375,
        48.28125,
        58.125,
        37.59375,
        54.5,
        48.1875,
        48.84375,
        59.71875,
        56.5625,
        42.59375,
        50.5,
        56.5625,
        53.21875,
        46.53125,
        48.9375,
        60.1875,
        51.6875,
        42.6875,
        41.28125,
        45.53125,
        59.03125,
        44.8125,
        51.1875,
        50.3125,
        52.5,
        54.0625,
        49.625,
        44.125,
        50.59375,
        52.90625,
        45.8125,
        47.71875,
        51.0,
        55.25,
        53.84375,
        61.875,
        46.0625,
        54.8125,
        56.5625,
        45.09375,
        48.0,
        59.96875,
        61.625,
        51.09375,
        50.59375,
        48.46875,
        54.375,
        46.78125,
        57.65625,
        60.65625,
        60.65625,
        44.65625,
        52.90625,
        59.5,
        49.40625,
        48.9375,
        52.59375,
        54.28125,
        48.1875,
        54.8125,
        45.1875,
        50.6875,
        45.96875,
        45.0,
        59.28125,
        69.8125,
        56.34375,
        54.8125,
        51.78125,
        51.0,
        55.25,
        61.875,
        51.0,
        47.625,
        36.875,
        46.15625,
        64.3125,
        59.71875,
        38.625,
        57.21875,
        50.6875,
        56.5625,
        48.375,
        49.03125,
        47.8125,
        55.46875,
        53.84375,
        47.625,
        40.09375,
        53.96875,
        47.15625,
        41.78125,
        58.125,
        69.5625,
        56.125,
        53.84375,
        51.6875,
        52.3125,
        45.4375,
        50.78125,
        56.78125,
        48.9375,
        48.375,
        45.0,
        57.0,
        46.34375,
        57.90625,
        61.625,
        56.78125,
        48.65625,
        58.125,
        53.125,
        51.1875,
        50.1875,
        43.53125,
        49.625,
        49.03125,
        50.90625,
        53.65625,
        49.53125,
        51.59375,
        42.28125,
        56.5625,
        54.1875,
        49.125,
        57.21875,
        53.65625,
        62.59375,
        51.90625,
        56.78125,
        51.28125,
        56.78125,
        58.8125,
        49.90625,
        48.9375,
        42.34375,
        49.125,
        55.6875,
        55.46875,
        39.71875,
        41.78125,
        58.8125,
        63.59375,
        55.46875,
        68.5,
        50.0,
        51.375,
        48.9375,
        48.75,
        44.65625,
        46.59375,
        51.0,
        61.875,
        53.34375,
        49.21875,
        52.1875,
        59.28125,
        41.21875,
        59.71875,
        58.34375,
        43.6875,
        43.625,
        61.875,
        52.1875,
        54.1875,
        45.625,
        49.21875,
        50.90625,
        54.5,
        50.0,
        54.0625,
        45.71875,
        45.4375,
        46.4375,
        56.125,
        31.78125,
        55.25,
        56.125,
        49.71875,
        60.4375,
        45.96875,
        41.0625,
        48.9375
      ],
      "mean_perplexity": 51.525
    },
    "invalid_examples": [
      {
        "question": "Passage: American entry into Canada by land -- Persons driving into Canada must have their vehicle's registration document and proof of insurance.\nQuestion: can u drive in canada with us license\nAnswer:",
        "response": " Can"
      },
      {
        "question": "Passage: 2018 FIFA World Cup knockout stage -- The knockout stage of the 2018 FIFA World Cup was the second and final stage of the competition, following the group stage. It began on 30 June with the round of 16 and ended on 15 July with the final match, held at the Luzhniki Stadium in Moscow. The top two teams from each group (16 in total) advanced to the knockout stage to compete in a single-elimination style tournament. A third place play-off was also played between the two losing teams of the semi-finals.\nQuestion: is there a play off for third place in the world cup\nAnswer:",
        "response": " "
      },
      {
        "question": "Passage: Shower gel -- Shower gels for men may contain the ingredient menthol, which gives a cooling and stimulating sensation on the skin, and some men's shower gels are also designed specifically for use on hair and body. Shower gels contain milder surfactant bases than shampoos, and some also contain gentle conditioning agents in the formula. This means that shower gels can also double as an effective and perfectly acceptable substitute to shampoo, even if they are not labelled as a hair and body wash. Washing hair with shower gel should give approximately the same result as using a moisturising shampoo.\nQuestion: is it bad to wash your hair with shower gel\nAnswer:",
        "response": " Shower"
      },
      {
        "question": "Passage: Magnesium citrate -- Magnesium citrate is a magnesium preparation in salt form with citric acid in a 1:1 ratio (1 magnesium atom per citrate molecule). The name ``magnesium citrate'' is ambiguous and sometimes may refer to other salts such as trimagnesium citrate which has a magnesium:citrate ratio of 3:2.\nQuestion: does magnesium citrate have citric acid in it\nAnswer:",
        "response": " Magn"
      },
      {
        "question": "Passage: Cloak -- Ladies may wear a long (over the shoulders or to ankles) cloak usually called a cape, or a full-length cloak. Gentlemen wear an ankle-length or full-length cloak. Formal cloaks often have expensive, colored linings and trimmings such as silk, satin, velvet and fur.\nQuestion: is a cape and a cloak the same\nAnswer:",
        "response": " Ladies"
      },
      {
        "question": "Passage: Alcohol laws of Wisconsin -- The drinking age in Wisconsin is 21. Those under the legal drinking age may be served, possess, or consume alcohol if they are with a parent, legal guardian, or spouse who is of legal drinking age. Those age 18-20 may also be served, possess or consumer alcohol if they are with a parent, legal guardian, or spouse who is of legal drinking age. Those age 18 to 20 may also possess (but not consume) alcohol as part of their employment.\nQuestion: can you drink alcohol with your parents in wisconsin\nAnswer:",