{
  "metadata": {
    "timestamp": "20241216_135254",
    "model_name": "Qwen/Qwen2.5-14B",
    "num_pruned_layers": 27,
    "has_adapter": true,
    "task": "boolq"
  },
  "metrics": {
    "response_quality": {
      "total_responses": 3270,
      "valid_responses": 2681,
      "invalid_responses": 589,
      "invalid_percentage": 18.01223241590214
    },
    "metrics": {
      "accuracy": 0.6105930622901903,
      "evaluate_accuracy": {
        "accuracy": 0.500611620795107
      },
      "precision": 0.6157072054898971,
      "recall": 0.9781950333131435,
      "f1": 0.7557323350491343,
      "total_evaluated": 2681,
      "confusion_matrix": {
        "true_positives": 1615,
        "true_negatives": 22,
        "false_positives": 1008,
        "false_negatives": 36
      },
      "perplexities": [
        25.140625,
        22.765625,
        23.03125,
        25.0,
        23.03125,
        20.4375,
        23.203125,
        23.078125,
        24.0,
        28.71875,
        24.65625,
        23.953125,
        26.5625,
        25.84375,
        23.765625,
        23.125,
        23.953125,
        28.265625,
        27.40625,
        25.046875,
        24.5625,
        22.890625,
        22.40625,
        21.171875,
        28.265625,
        19.125,
        25.484375,
        24.703125,
        25.0,
        28.328125,
        27.296875,
        21.96875,
        22.765625,
        25.640625,
        27.234375,
        22.28125,
        24.703125,
        29.921875,
        24.140625,
        21.25,
        19.84375,
        23.390625,
        29.046875,
        20.171875,
        23.765625,
        22.71875,
        25.4375,
        26.609375,
        23.25,
        22.109375,
        24.421875,
        24.609375,
        22.234375,
        23.765625,
        25.09375,
        25.9375,
        26.046875,
        28.265625,
        22.84375,
        24.046875,
        26.296875,
        22.765625,
        22.671875,
        28.890625,
        30.265625,
        23.71875,
        23.34375,
        22.765625,
        25.34375,
        22.3125,
        26.34375,
        28.484375,
        27.78125,
        22.984375,
        24.90625,
        27.03125,
        23.71875,
        23.296875,
        24.90625,
        27.234375,
        23.390625,
        24.75,
        21.296875,
        24.28125,
        22.765625,
        22.625,
        27.5625,
        33.5,
        27.671875,
        25.9375,
        25.546875,
        24.84375,
        26.609375,
        28.0,
        23.296875,
        24.375,
        18.828125,
        22.28125,
        30.75,
        28.0,
        19.421875,
        27.140625,
        24.796875,
        26.921875,
        22.453125,
        24.421875,
        23.15625,
        26.140625,
        25.140625,
        23.296875,
        18.9375,
        24.28125,
        22.359375,
        20.609375,
        27.671875,
        32.03125,
        26.609375,
        25.140625,
        25.0,
        24.328125,
        22.015625,
        23.671875,
        26.5625,
        23.296875,
        23.4375,
        22.0625,
        27.078125,
        23.671875,
        27.078125,
        29.109375,
        27.71875,
        23.03125,
        28.328125,
        24.234375,
        25.640625,
        24.1875,
        21.96875,
        23.53125,
        24.5625,
        23.078125,
        26.09375,
        24.375,
        26.046875,
        20.359375,
        27.296875,
        26.25,
        24.28125,
        26.8125,
        23.296875,
        28.828125,
        26.5,
        26.40625,
        25.390625,
        27.828125,
        28.828125,
        21.84375,
        24.5625,
        21.21875,
        23.953125,
        26.203125,
        26.40625,
        20.796875,
        20.640625,
        26.609375,
        30.6875,
        23.8125,
        31.171875,
        25.84375,
        24.421875,
        24.28125,
        24.46875,
        22.53125,
        23.078125,
        25.9375,
        27.71875,
        26.296875,
        22.5,
        25.34375,
        26.296875,
        21.546875,
        28.0,
        28.9375,
        20.640625,
        20.359375,
        28.65625,
        27.078125,
        27.078125,
        21.546875,
        24.421875,
        23.296875,
        25.140625,
        23.671875,
        27.40625,
        21.46875,
        21.046875,
        22.140625,
        26.203125,
        16.84375,
        25.890625,
        27.671875,
        23.296875,
        28.890625,
        22.578125,
        20.484375,
        24.0
      ],
      "mean_perplexity": 24.745121951219513
    },
    "invalid_examples": [
      {
        "question": "Passage: Barq's -- Barq's /\u02c8b\u0251\u02d0rks/ is an American soft drink. Its brand of root beer is notable for having caffeine. Barq's, created by Edward Barq and bottled since the turn of the 20th century, is owned by the Barq family but bottled by the Coca-Cola Company. It was known as Barq's Famous Olde Tyme Root Beer until 2012.\nQuestion: is barq's root beer a pepsi product\nAnswer:",
        "response": " Bar"
      },
      {
        "question": "Passage: Bloodline (TV series) -- Bloodline was announced in October 2014 as part of a partnership between Netflix and Sony Pictures Television, representing Netflix's first major deal with a major film studio for a television series. The series was created and executive produced by Todd A. Kessler, Glenn Kessler, and Daniel Zelman, who previously created the FX series Damages. According to its official synopsis released by Netflix, Bloodline ``centers on a close-knit family of four adult siblings whose secrets and scars are revealed when their black sheep brother returns home.''\nQuestion: is the show bloodline based on a true story\nAnswer:",
        "response": " Blood"
      },
      {
        "question": "Passage: Russell Group -- In March 2012 it was announced that four universities -- Durham, Exeter, Queen Mary University of London; and York -- would become members of the Russell Group in August of the same year. All of the new members had previously been members of the 1994 Group of British universities.\nQuestion: is durham university part of the russell group\nAnswer:",
        "response": " Russell"
      },
      {
        "question": "Passage: Magnesium citrate -- Magnesium citrate is a magnesium preparation in salt form with citric acid in a 1:1 ratio (1 magnesium atom per citrate molecule). The name ``magnesium citrate'' is ambiguous and sometimes may refer to other salts such as trimagnesium citrate which has a magnesium:citrate ratio of 3:2.\nQuestion: does magnesium citrate have citric acid in it\nAnswer:",
        "response": " Magn"
      },
      {
        "question": "Passage: Kindle Fire -- The Fire Tablet, formerly called the Kindle Fire, is a tablet computer developed by Amazon.com. Built with Quanta Computer, the Kindle Fire was first released in November 2011, featuring a color 7-inch multi-touch display with IPS technology and running a custom version of Google's Android operating system called Fire OS. The Kindle Fire HD followed in September 2012, and the Kindle Fire HDX in September 2013. In September 2014, when the fourth generation was introduced, the name ``Kindle'' was dropped. In September 2015, the fifth generation Fire 7 was released, followed by the sixth generation Fire HD 8, in September 2016. The seventh generation Fire 7 was released in June 2017.\nQuestion: is a fire 7 the same as a kindle\nAnswer:",
        "response": " Kindle"
      },
      {
        "question": "Passage: Benson & Hedges -- Benson & Hedges is a British brand of cigarettes owned by either Philip Morris International, British American Tobacco, or Japan Tobacco, depending on the region. In the UK, they are registered in Old Bond Street in London, and are manufactured in Lisnafillan, Ballymena, Northern Ireland.\nQuestion: do they still make benson & hedges cigarettes\nAnswer:",