{
  "metadata": {
    "timestamp": "20241216_132005",
    "model_name": "Qwen/Qwen2.5-14B",
    "num_pruned_layers": 14,
    "has_adapter": false,
    "task": "boolq"
  },
  "metrics": {
    "response_quality": {
      "total_responses": 3270,
      "valid_responses": 3119,
      "invalid_responses": 151,
      "invalid_percentage": 4.617737003058104
    },
    "metrics": {
      "accuracy": 0.6184674575184353,
      "evaluate_accuracy": {
        "accuracy": 0.5899082568807339
      },
      "precision": 0.6208118556701031,
      "recall": 0.993298969072165,
      "f1": 0.7640761300555116,
      "total_evaluated": 3119,
      "confusion_matrix": {
        "true_positives": 1927,
        "true_negatives": 2,
        "false_positives": 1177,
        "false_negatives": 13
      },
      "perplexities": [
        44.5625,
        46.78125,
        33.0,
        35.8125,
        39.5625,
        35.25,
        43.28125,
        30.328125,
        41.78125,
        49.21875,
        43.28125,
        30.09375,
        39.5625,
        37.53125,
        33.90625,
        57.65625,
        30.859375,
        36.3125,
        52.8125,
        34.90625,
        38.03125,
        33.5625,
        96.5625,
        32.84375,
        39.25,
        63.84375,
        48.375,
        39.46875,
        52.09375,
        38.5,
        49.3125,
        37.21875,
        37.15625,
        42.1875,
        44.90625,
        30.328125,
        40.96875,
        38.5,
        39.78125,
        32.40625,
        34.4375,
        58.125,
        45.09375,
        38.625,
        45.09375,
        67.4375,
        31.171875,
        40.34375,
        32.28125,
        40.1875,
        33.90625,
        30.984375,
        39.5625,
        33.25,
        39.09375,
        34.15625,
        40.65625,
        34.625,
        43.09375,
        34.90625,
        44.375,
        57.90625,
        40.5625,
        34.09375,
        55.03125,
        40.03125,
        37.375,
        37.21875,
        41.21875,
        31.53125,
        43.03125,
        46.6875,
        42.34375,
        34.78125,
        43.28125,
        31.65625,
        38.125,
        38.1875,
        34.5625,
        42.6875,
        31.171875,
        41.53125,
        33.0,
        32.34375,
        30.5625,
        43.28125,
        34.71875,
        43.09375,
        37.8125,
        56.78125,
        41.6875,
        58.5625,
        42.1875,
        45.25,
        27.296875,
        32.53125,
        35.03125,
        28.109375,
        43.875,
        40.40625,
        30.328125,
        36.3125,
        36.9375,
        61.15625,
        50.5,
        40.96875,
        30.453125,
        40.40625,
        30.921875,
        50.40625,
        29.515625,
        50.40625,
        32.71875,
        31.234375,
        34.03125,
        41.46875,
        36.9375,
        43.1875,
        53.03125,
        37.375,
        38.71875,
        39.46875,
        37.59375,
        33.90625,
        42.4375,
        42.28125,
        33.0,
        43.1875,
        38.40625,
        43.03125,
        42.53125,
        45.34375,
        37.8125,
        49.3125,
        43.4375,
        66.625,
        42.78125,
        39.5625,
        30.203125,
        35.75,
        36.8125,
        41.625,
        38.625,
        48.0,
        34.96875,
        40.34375,
        38.40625,
        43.96875,
        41.28125,
        33.1875,
        29.625,
        36.4375,
        28.109375,
        42.34375,
        38.78125,
        33.90625,
        37.21875,
        36.5,
        47.90625,
        40.1875,
        34.4375,
        31.96875,
        43.625,
        53.125,
        46.96875,
        37.375,
        39.25,
        35.375,
        51.28125,
        39.9375,
        62.125,
        31.59375,
        28.484375,
        47.90625,
        43.1875,
        41.375,
        36.59375,
        47.25,
        34.21875,
        33.84375,
        41.0625,
        43.875,
        40.25,
        35.59375,
        39.3125,
        36.59375,
        39.71875,
        31.53125,
        49.125,
        58.125,
        34.84375,
        49.21875,
        39.25,
        50.59375,
        28.046875,
        32.40625,
        33.1875,
        31.96875,
        54.375,
        48.84375,
        37.75,
        35.46875,
        45.1875,
        39.3125,
        63.59375
      ],
      "mean_perplexity": 40.55525914634146
    },
    "invalid_examples": [
      {
        "question": "Passage: Radio wave -- Radio waves are a type of electromagnetic radiation with wavelengths in the electromagnetic spectrum longer than infrared light. Radio waves have frequencies as high as 300 gigahertz (GHz) to as low as 30 hertz (Hz). At 300 GHz, the corresponding wavelength is 1 mm, and at 30 Hz is 10,000 km. Like all other electromagnetic waves, radio waves travel at the speed of light. They are generated by electric charges undergoing acceleration, such as time varying electric currents. Naturally occurring radio waves are emitted by lightning and astronomical objects.\nQuestion: do radio waves travel at the speed of light\nAnswer:",
        "response": " Radio"
      },
      {
        "question": "Passage: List of backward compatible games for Xbox One -- The Xbox One gaming console has received updates from Microsoft since its launch in 2013 that enable it to play select games from its two predecessor consoles, Xbox and Xbox 360. On June 15, 2015, backward compatibility with supported Xbox 360 games became available to eligible Xbox Preview program users with a beta update to the Xbox One system software. The dashboard update containing backward compatibility was released publicly on November 12, 2015. On October 24, 2017, another such update added games from the original Xbox library. The following is a list of all backward compatible games on Xbox One under this functionality.\nQuestion: will all xbox 360 games work on xbox one\nAnswer:",
        "response": " All"
      },
      {
        "question": "Passage: Angular frequency -- Angular frequency (or angular speed) is the magnitude of the vector quantity angular velocity. The term angular frequency vector \u03c9 \u2192 (\\displaystyle (\\vec (\\omega ))) is sometimes used as a synonym for the vector quantity angular velocity.\nQuestion: is angular frequency and angular velocity the same\nAnswer:",
        "response": " Angular"
      },
      {
        "question": "Passage: David Visentin -- David Visentin (born 1965) is a Canadian actor and realtor. He is best known as one of the hosts of Love It or List It, with co-host Hilary Farr. The show is broadcast on HGTV and W Networks. He is a native citizen of Canada.\nQuestion: is david from love it or list it a real realtor\nAnswer:",