{
  "metadata": {
    "timestamp": "20241216_135113",
    "model_name": "Qwen/Qwen2.5-14B",
    "num_pruned_layers": 25,
    "has_adapter": true,
    "task": "boolq"
  },
  "metrics": {
    "response_quality": {
      "total_responses": 3270,
      "valid_responses": 2487,
      "invalid_responses": 783,
      "invalid_percentage": 23.94495412844037
    },
    "metrics": {
      "accuracy": 0.6099718536389224,
      "evaluate_accuracy": {
        "accuracy": 0.463914373088685
      },
      "precision": 0.6187318690426854,
      "recall": 0.9675955930006481,
      "f1": 0.7548028311425681,
      "total_evaluated": 2487,
      "confusion_matrix": {
        "true_positives": 1493,
        "true_negatives": 24,
        "false_positives": 920,
        "false_negatives": 50
      },
      "perplexities": [
        26.25,
        23.625,
        24.90625,
        26.046875,
        23.8125,
        21.765625,
        24.0,
        24.5625,
        24.375,
        30.15625,
        26.0,
        24.953125,
        26.09375,
        26.609375,
        24.609375,
        23.90625,
        24.515625,
        28.765625,
        28.109375,
        26.09375,
        26.71875,
        23.078125,
        22.984375,
        23.078125,
        28.9375,
        19.46875,
        26.609375,
        24.28125,
        24.46875,
        29.6875,
        28.375,
        21.59375,
        24.09375,
        27.5625,
        26.875,
        22.9375,
        24.65625,
        29.28125,
        25.4375,
        22.28125,
        20.609375,
        22.765625,
        29.390625,
        21.765625,
        25.234375,
        23.53125,
        25.6875,
        27.828125,
        23.390625,
        22.890625,
        25.1875,
        25.796875,
        22.671875,
        24.328125,
        26.046875,
        28.265625,
        27.40625,
        29.453125,
        23.953125,
        25.546875,
        27.40625,
        23.03125,
        23.953125,
        29.96875,
        30.453125,
        24.90625,
        24.90625,
        23.125,
        27.71875,
        23.03125,
        27.234375,
        29.6875,
        30.03125,
        23.90625,
        26.296875,
        28.71875,
        25.0,
        24.375,
        26.296875,
        27.609375,
        23.90625,
        26.5625,
        21.21875,
        25.59375,
        23.53125,
        23.484375,
        29.515625,
        34.625,
        28.109375,
        27.40625,
        25.9375,
        26.203125,
        27.5625,
        30.09375,
        24.515625,
        24.28125,
        19.390625,
        23.03125,
        32.46875,
        28.546875,
        19.84375,
        28.15625,
        25.046875,
        27.671875,
        23.34375,
        24.1875,
        23.125,
        27.40625,
        26.5,
        24.5625,
        20.40625,
        25.390625,
        22.453125,
        21.46875,
        28.0,
        34.4375,
        27.671875,
        26.140625,
        25.6875,
        25.390625,
        23.03125,
        24.65625,
        27.9375,
        25.296875,
        23.90625,
        23.765625,
        27.828125,
        23.203125,
        28.328125,
        30.859375,
        28.0,
        24.046875,
        29.171875,
        26.09375,
        26.921875,
        25.59375,
        23.25,
        25.484375,
        25.1875,
        24.46875,
        26.65625,
        25.734375,
        26.0,
        21.640625,
        27.234375,
        27.03125,
        25.0,
        28.375,
        26.765625,
        30.5,
        26.65625,
        27.5625,
        25.796875,
        28.9375,
        28.4375,
        23.625,
        25.1875,
        21.46875,
        24.5625,
        26.96875,
        27.140625,
        20.484375,
        21.421875,
        28.375,
        31.46875,
        25.6875,
        33.84375,
        25.640625,
        25.0,
        25.046875,
        25.84375,
        23.90625,
        23.25,
        26.5,
        29.75,
        26.875,
        24.65625,
        26.140625,
        28.546875,
        22.234375,
        29.515625,
        29.796875,
        21.765625,
        21.5,
        29.96875,
        26.8125,
        28.046875,
        22.015625,
        25.296875,
        24.84375,
        25.796875,
        24.75,
        27.828125,
        23.578125,
        22.9375,
        22.625,
        27.9375,
        17.6875,
        27.78125,
        29.390625,
        24.046875,
        28.609375,
        23.296875,
        21.84375,
        24.328125
      ],
      "mean_perplexity": 25.7016006097561
    },
    "invalid_examples": [
      {
        "question": "Passage: Hydroxyzine -- Hydroxyzine preparations require a doctor's prescription. The drug is available in two formulations, the pamoate and the dihydrochloride or hydrochloride salts. Vistaril, Equipose, Masmoran, and Paxistil are preparations of the pamoate salt, while Atarax, Alamon, Aterax, Durrax, Tran-Q, Orgatrax, Quiess, and Tranquizine are of the hydrochloride salt.\nQuestion: is there a difference between hydroxyzine hcl and hydroxyzine pam\nAnswer:",
        "response": " Hydro"
      },
      {
        "question": "Passage: Barq's -- Barq's /\u02c8b\u0251\u02d0rks/ is an American soft drink. Its brand of root beer is notable for having caffeine. Barq's, created by Edward Barq and bottled since the turn of the 20th century, is owned by the Barq family but bottled by the Coca-Cola Company. It was known as Barq's Famous Olde Tyme Root Beer until 2012.\nQuestion: is barq's root beer a pepsi product\nAnswer:",
        "response": " Bar"
      },
      {
        "question": "Passage: Parity (mathematics) -- In mathematics, parity is the property of an integer's inclusion in one of two categories: even or odd. An integer is even if it is evenly divisible by two and odd if it is not even. For example, 6 is even because there is no remainder when dividing it by 2. By contrast, 3, 5, 7, 21 leave a remainder of 1 when divided by 2. Examples of even numbers include \u22124, 0, 82 and 178. In particular, zero is an even number. Some examples of odd numbers are \u22125, 3, 29, and 73.\nQuestion: can an odd number be divided by an even number\nAnswer:",
        "response": " Par"
      },
      {
        "question": "Passage: Alcohol laws of New York -- In response to the National Minimum Drinking Age Act in 1984, which reduced by up to 10% the federal highway funding of any state which did not have a minimum purchasing age of 21, the New York Legislature raised the drinking age from 19 to 21, effective December 1, 1985. (The drinking age had been 18 for many years before the first raise on December 4th, 1982, to 19.) Persons under 21 are prohibited from purchasing alcohol or possessing alcohol with the intent to consume, unless the alcohol was given to that person by their parent or legal guardian. There is no law prohibiting where people under 21 may possess or consume alcohol that was given to them by their parents. Persons under 21 are prohibited from having a blood alcohol level of 0.02% or higher while driving.\nQuestion: can minors drink with parents in new york\nAnswer:",
        "response": " Alcohol"
      },
      {
        "question": "Passage: Bloodline (TV series) -- Bloodline was announced in October 2014 as part of a partnership between Netflix and Sony Pictures Television, representing Netflix's first major deal with a major film studio for a television series. The series was created and executive produced by Todd A. Kessler, Glenn Kessler, and Daniel Zelman, who previously created the FX series Damages. According to its official synopsis released by Netflix, Bloodline ``centers on a close-knit family of four adult siblings whose secrets and scars are revealed when their black sheep brother returns home.''\nQuestion: is the show bloodline based on a true story\nAnswer:",