{
  "metadata": {
    "timestamp": "20241216_112528",
    "model_name": "Qwen/Qwen2.5-7B",
    "num_pruned_layers": 8,
    "has_adapter": false,
    "task": "boolq"
  },
  "metrics": {
    "response_quality": {
      "total_responses": 3270,
      "valid_responses": 3239,
      "invalid_responses": 31,
      "invalid_percentage": 0.9480122324159022
    },
    "metrics": {
      "accuracy": 0.6199444272923742,
      "evaluate_accuracy": {
        "accuracy": 0.6140672782874618
      },
      "precision": 0.6210526315789474,
      "recall": 0.9965226030799801,
      "f1": 0.7652107572000764,
      "total_evaluated": 3239,
      "confusion_matrix": {
        "true_positives": 2006,
        "true_negatives": 2,
        "false_positives": 1224,
        "false_negatives": 7
      },
      "perplexities": [
        21.375,
        22.1875,
        19.234375,
        22.984375,
        20.5625,
        19.46875,
        20.71875,
        20.890625,
        23.484375,
        24.90625,
        23.953125,
        21.375,
        23.296875,
        22.71875,
        21.765625,
        19.578125,
        20.890625,
        25.640625,
        25.640625,
        22.0625,
        20.171875,
        21.171875,
        19.734375,
        18.546875,
        26.09375,
        17.515625,
        21.546875,
        23.03125,
        21.5,
        24.140625,
        23.625,
        19.125,
        20.640625,
        20.515625,
        24.328125,
        18.984375,
        21.765625,
        25.734375,
        21.71875,
        19.578125,
        18.046875,
        20.484375,
        26.203125,
        16.390625,
        22.140625,
        17.6875,
        21.84375,
        23.03125,
        21.59375,
        19.8125,
        22.015625,
        21.09375,
        18.609375,
        21.421875,
        20.125,
        22.015625,
        24.75,
        25.234375,
        22.234375,
        20.171875,
        22.40625,
        18.140625,
        21.296875,
        26.875,
        26.765625,
        19.46875,
        19.390625,
        21.25,
        23.625,
        19.015625,
        23.53125,
        24.796875,
        24.140625,
        21.640625,
        22.140625,
        25.09375,
        21.96875,
        21.171875,
        22.625,
        23.4375,
        20.5625,
        21.546875,
        19.890625,
        22.671875,
        21.296875,
        19.96875,
        25.1875,
        28.546875,
        23.484375,
        24.0,
        23.078125,
        20.4375,
        25.046875,
        20.890625,
        20.25,
        22.890625,
        18.140625,
        18.765625,
        25.234375,
        24.65625,
        17.375,
        21.890625,
        21.296875,
        23.484375,
        18.65625,
        22.015625,
        20.765625,
        21.890625,
        22.53125,
        20.28125,
        16.359375,
        20.203125,
        19.84375,
        17.078125,
        25.34375,
        25.296875,
        22.890625,
        23.625,
        21.671875,
        21.765625,
        18.578125,
        20.078125,
        24.65625,
        19.8125,
        21.046875,
        18.6875,
        23.765625,
        20.4375,
        25.34375,
        25.59375,
        24.796875,
        20.359375,
        23.296875,
        20.078125,
        23.578125,
        21.25,
        19.734375,
        21.125,
        20.484375,
        17.015625,
        22.84375,
        22.3125,
        24.609375,
        20.203125,
        23.625,
        21.96875,
        21.5,
        23.390625,
        20.796875,
        24.703125,
        24.90625,
        22.796875,
        23.484375,
        24.703125,
        25.9375,
        18.328125,
        23.203125,
        17.375,
        19.8125,
        23.90625,
        22.890625,
        18.0,
        17.21875,
        21.421875,
        27.5,
        22.015625,
        28.71875,
        22.84375,
        21.96875,
        22.71875,
        21.5,
        19.96875,
        19.96875,
        22.796875,
        25.296875,
        22.984375,
        19.015625,
        21.796875,
        23.34375,
        19.65625,
        25.84375,
        25.890625,
        18.046875,
        18.546875,
        24.09375,
        24.46875,
        23.15625,
        19.78125,
        22.109375,
        19.625,
        24.046875,
        20.28125,
        23.859375,
        19.96875,
        20.484375,
        17.546875,
        22.453125,
        16.515625,
        22.234375,
        23.625,
        20.5625,
        24.328125,
        19.8125,
        19.203125,
        20.484375
      ],
      "mean_perplexity": 21.831326219512196
    },
    "invalid_examples": [
      {
        "question": "Passage: NCIS: New Orleans (season 4) -- The fourth season of NCIS: New Orleans premiered on September 26, 2017 on CBS. The series continues to air following Bull, Tuesday at 10:00 p.m. (ET) and contained 24 episodes. The season concluded on May 15, 2018.\nQuestion: is ncis new orleans over for the season\nAnswer:",
        "response": " NC"
      },
      {
        "question": "Passage: Ivory Coast -- Ivory Coast, also known as C\u00f4te d'Ivoire and officially as the Republic of C\u00f4te d'Ivoire, is a sovereign state located in West Africa. Ivory Coast's political capital is Yamoussoukro, and its economic capital and largest city is the port city of Abidjan. Its bordering countries are Guinea and Liberia in the west, Burkina Faso and Mali in the north, and Ghana in the east. The Gulf of Guinea (Atlantic Ocean) is located south of Ivory Coast.\nQuestion: is ivory coast and cote d ivoire the same\nAnswer:",
        "response": " Ivory"
      },
      {
        "question": "Passage: Hawaii Five-0 (2010 TV series) -- Hawaii Five-0 is an American action police procedural television series that premiered on Monday, September 20, 2010, on CBS. The series is a re-imagining of the original series, which aired on CBS from 1968 to 1980. Like the original series, the show follows an elite state police task force set up to fight major crimes in the state of Hawaii. The series is produced by K/O Paper Products and 101st Street Television in association with CBS Productions, originally an in-name-only unit of but folded into CBS Television Studios, which has produced the series since the beginning of season three.The show has had three crossovers with other shows revolving around crime such as NCIS: Los Angeles. The show has received praise for its modern take on the original series. Due to pay disputes, season 8 was the first season not to feature Daniel Dae Kim and Grace Park. Season 8 was also the first season not to feature Masi Oka following his departure in the thirteenth episode of the seventh season. Meanwhile, Meaghan Rath and Beulah Koale joined as new main cast members in season 8. On April 18, 2018, CBS renewed the series for a ninth season which is set to premiere on September 28, 2018.\nQuestion: is hawaii 5-0 still on tv\nAnswer:",
        "response": " Hawaii"
      },
      {
        "question": "Passage: FC Bayern Munich -- Fu\u00dfball-Club Bayern M\u00fcnchen e.V., commonly known as FC Bayern M\u00fcnchen (German pronunciation: (\u0294\u025bf tse\u02d0 \u02c8ba\u026a\u0250n \u02c8m\u028fn\u00e7n\u0329)), FCB, Bayern Munich, or FC Bayern, is a German sports club based in Munich, Bavaria (Bayern). It is best known for its professional football team, which plays in the Bundesliga, the top tier of the German football league system, and is the most successful club in German football history, having won a record 28 national titles and 18 national cups.\nQuestion: is bayern munich the same as bayern munchen\nAnswer:",