{
  "metadata": {
    "timestamp": "20241216_112041",
    "model_name": "Qwen/Qwen2.5-7B",
    "num_pruned_layers": 4,
    "has_adapter": true,
    "task": "boolq"
  },
  "metrics": {
    "response_quality": {
      "total_responses": 3270,
      "valid_responses": 3249,
      "invalid_responses": 21,
      "invalid_percentage": 0.6422018348623854
    },
    "metrics": {
      "accuracy": 0.6875961834410588,
      "evaluate_accuracy": {
        "accuracy": 0.6831804281345566
      },
      "precision": 0.7035094796288827,
      "recall": 0.8616600790513834,
      "f1": 0.7745947146346881,
      "total_evaluated": 3249,
      "confusion_matrix": {
        "true_positives": 1744,
        "true_negatives": 490,
        "false_positives": 735,
        "false_negatives": 280
      },
      "perplexities": [
        8.34375,
        8.875,
        7.92578125,
        9.453125,
        8.1796875,
        7.65234375,
        8.34375,
        8.2578125,
        9.125,
        9.453125,
        9.46875,
        8.5078125,
        9.546875,
        8.96875,
        7.71484375,
        7.3671875,
        8.453125,
        10.296875,
        10.546875,
        8.46875,
        7.05078125,
        7.7734375,
        7.89453125,
        6.62890625,
        10.6015625,
        7.4453125,
        7.8359375,
        9.8046875,
        8.5078125,
        9.6015625,
        8.8125,
        8.0390625,
        7.32421875,
        8.1015625,
        8.703125,
        7.7578125,
        8.46875,
        9.640625,
        7.97265625,
        7.375,
        7.03515625,
        8.1328125,
        10.140625,
        6.27734375,
        7.7890625,
        6.87890625,
        8.5703125,
        8.7265625,
        8.828125,
        7.7578125,
        7.578125,
        7.71484375,
        7.1953125,
        9.140625,
        7.50390625,
        8.7265625,
        9.828125,
        9.1953125,
        9.234375,
        8.1484375,
        8.2578125,
        7.8828125,
        7.7421875,
        9.578125,
        10.5859375,
        7.63671875,
        7.375,
        7.05078125,
        9.2109375,
        6.9609375,
        9.015625,
        9.1796875,
        9.4140625,
        9.0,
        8.2734375,
        9.6171875,
        7.92578125,
        8.859375,
        8.96875,
        8.96875,
        7.4921875,
        8.40625,
        7.1953125,
        8.5703125,
        8.0390625,
        7.15625,
        9.8671875,
        11.78125,
        8.828125,
        8.8125,
        8.84375,
        8.1328125,
        9.1796875,
        7.30859375,
        7.23828125,
        8.65625,
        7.8359375,
        7.00390625,
        10.1015625,
        8.8984375,
        6.5078125,
        7.7578125,
        8.7265625,
        9.7109375,
        7.578125,
        9.15625,
        7.7421875,
        8.2421875,
        8.625,
        8.375,
        6.08984375,
        8.5390625,
        7.16796875,
        7.3046875,
        9.0703125,
        8.2265625,
        8.828125,
        9.453125,
        8.2890625,
        7.69921875,
        6.88671875,
        7.5625,
        9.2890625,
        7.53515625,
        7.55078125,
        7.65234375,
        8.2890625,
        8.875,
        9.9453125,
        10.5625,
        9.3203125,
        7.7890625,
        8.640625,
        7.95703125,
        8.5703125,
        8.0390625,
        7.7421875,
        8.65625,
        8.703125,
        6.52734375,
        9.8046875,
        8.7734375,
        9.3203125,
        7.7578125,
        9.34375,
        8.1796875,
        8.0078125,
        8.9140625,
        7.73046875,
        10.140625,
        9.734375,
        8.9296875,
        8.453125,
        9.3203125,
        9.9609375,
        6.56640625,
        9.4140625,
        6.93359375,
        7.265625,
        9.1953125,
        8.5390625,
        7.4609375,
        7.12109375,
        8.375,
        10.3203125,
        8.1328125,
        11.0078125,
        8.5078125,
        8.5859375,
        9.2109375,
        9.15625,
        7.4453125,
        7.8828125,
        9.6015625,
        9.84375,
        8.859375,
        7.33984375,
        9.1796875,
        8.9453125,
        8.0859375,
        10.7265625,
        10.0390625,
        7.3046875,
        7.4765625,
        8.8984375,
        9.578125,
        9.140625,
        7.23046875,
        9.3046875,
        7.89453125,
        8.640625,
        7.4453125,
        9.0703125,
        7.0234375,
        7.43359375,
        6.59765625,
        8.0390625,
        6.8125,
        8.40625,
        9.546875,
        8.1640625,
        9.734375,
        7.59375,
        7.8515625,
        8.0390625
      ],
      "mean_perplexity": 8.439348323170732
    },
    "invalid_examples": [
      {
        "question": "Passage: Boo (dog) -- In April 2012, Boo was the subject of a death hoax after #RIPBOO appeared on Facebook. Tweets followed as Gizmodo writer Sam Biddle tweeted that Boo had died. It was later confirmed by the Chronicle Book staff that Boo was alive and well.\nQuestion: did boo the world's cutest dog die\nAnswer:",
        "response": " Boo"
      },
      {
        "question": "Passage: Sue (dinosaur) -- During the summer of 1990, a group of workers from the Black Hills Institute, located in Hill City, searched for fossils at the Cheyenne River Indian Reservation in western South Dakota near the city of Faith. By the end of the summer, the group had discovered Edmontosaurus bones and was ready to leave. However, a flat tire was discovered on their truck before the group could depart on August 12. While the rest of the group went into town to repair the truck, Sue Hendrickson decided to explore the nearby cliffs that the group had not checked. As she was walking along the base of a cliff, she discovered some small pieces of bone. She looked above her to see where the bones had originated, and observed larger bones protruding from the wall of the cliff. She returned to camp with two small pieces of the bones and reported the discovery to the president of the Black Hills Institute, Peter Larson. He determined that the bones were from a T. rex by their distinctive contour and texture. Later, closer examination of the site showed many visible bones above the ground and some articulated vertebrae. The crew ordered extra plaster and, although some of the crew had to depart, Hendrickson and a few other workers began to uncover the bones. The group was excited, as it was evident that much of the dinosaur had been preserved. Previously discovered T. rex skeletons were usually missing over half of their bones. It was later determined that Sue was a record 90 percent complete by bulk, and 73% complete counting the elements. Scientists believe that this specimen was covered by water and mud soon after its death which prevented other animals from carrying away the bones. Additionally, the rushing water mixed the skeleton together. When the fossil was found the hip bones were above the skull and the leg bones were intertwined with the ribs. The large size and the excellent condition of the bones were also surprising. The skull was 1,394 mm (54.9 in) long, and most of the teeth were still intact. After the group completed excavating the bones, each block was covered in burlap and coated in plaster, followed by a transfer to the offices of The Black Hills Institute where they began to clean the bones.\nQuestion: has a t rex skull ever been found\nAnswer:",