{
  "metadata": {
    "timestamp": "20241216_130846",
    "model_name": "Qwen/Qwen2.5-14B",
    "num_pruned_layers": 10,
    "has_adapter": false,
    "task": "boolq"
  },
  "metrics": {
    "response_quality": {
      "total_responses": 3270,
      "valid_responses": 2865,
      "invalid_responses": 405,
      "invalid_percentage": 12.385321100917432
    },
    "metrics": {
      "accuracy": 0.6136125654450262,
      "evaluate_accuracy": {
        "accuracy": 0.5376146788990825
      },
      "precision": 0.6147368421052631,
      "recall": 0.9948892674616695,
      "f1": 0.759921925829538,
      "total_evaluated": 2865,
      "confusion_matrix": {
        "true_positives": 1752,
        "true_negatives": 6,
        "false_positives": 1098,
        "false_negatives": 9
      },
      "perplexities": [
        25.84375,
        22.578125,
        21.5,
        48.65625,
        23.125,
        15.828125,
        23.203125,
        20.0,
        47.25,
        33.90625,
        26.296875,
        25.140625,
        69.5625,
        32.65625,
        21.546875,
        16.265625,
        24.46875,
        43.375,
        23.953125,
        26.609375,
        19.546875,
        29.171875,
        37.0,
        13.59375,
        31.71875,
        13.9375,
        23.484375,
        20.484375,
        21.421875,
        26.046875,
        22.890625,
        22.671875,
        20.5625,
        24.90625,
        21.765625,
        33.25,
        31.96875,
        45.34375,
        24.0,
        28.328125,
        19.234375,
        23.078125,
        34.90625,
        20.609375,
        21.171875,
        14.4140625,
        27.40625,
        26.875,
        17.453125,
        24.609375,
        21.296875,
        22.109375,
        26.5,
        33.84375,
        20.359375,
        22.9375,
        43.03125,
        29.28125,
        50.09375,
        21.046875,
        29.75,
        20.40625,
        16.328125,
        30.203125,
        29.046875,
        17.59375,
        16.140625,
        17.484375,
        43.875,
        16.484375,
        19.546875,
        30.8125,
        29.625,
        25.09375,
        47.4375,
        22.1875,
        20.359375,
        22.796875,
        34.21875,
        33.0,
        16.8125,
        25.296875,
        14.2421875,
        22.71875,
        17.3125,
        29.6875,
        25.9375,
        41.53125,
        27.671875,
        29.453125,
        36.8125,
        19.96875,
        20.484375,
        18.0,
        17.421875,
        22.359375,
        22.359375,
        18.109375,
        29.28125,
        19.734375,
        12.28125,
        24.0,
        22.140625,
        49.03125,
        16.234375,
        38.625,
        19.390625,
        21.5,
        39.25,
        21.21875,
        13.4609375,
        25.046875,
        18.359375,
        19.359375,
        47.71875,
        20.96875,
        22.0625,
        24.375,
        21.5,
        16.875,
        14.9296875,
        26.875,
        25.546875,
        18.984375,
        22.625,
        18.390625,
        22.796875,
        23.765625,
        35.03125,
        45.625,
        33.375,
        33.3125,
        28.71875,
        27.40625,
        49.03125,
        18.828125,
        20.4375,
        21.09375,
        20.609375,
        20.328125,
        22.40625,
        31.96875,
        34.03125,
        19.84375,
        20.328125,
        21.96875,
        31.359375,
        35.375,
        16.8125,
        38.34375,
        50.0,
        32.15625,
        23.578125,
        37.21875,
        30.625,
        14.75,
        36.3125,
        17.34375,
        15.734375,
        32.71875,
        30.8125,
        20.171875,
        18.984375,
        33.125,
        58.8125,
        25.640625,
        42.28125,
        24.65625,
        23.25,
        23.296875,
        20.6875,
        29.046875,
        17.765625,
        28.828125,
        23.484375,
        24.46875,
        20.28125,
        40.5625,
        18.46875,
        32.40625,
        51.5,
        28.046875,
        22.9375,
        17.046875,
        20.6875,
        28.71875,
        22.28125,
        19.625,
        40.25,
        18.6875,
        20.515625,
        23.765625,
        25.796875,
        16.453125,
        23.390625,
        14.8984375,
        22.578125,
        29.171875,
        26.296875,
        40.96875,
        18.90625,
        29.921875,
        20.171875,
        20.921875,
        18.9375
      ],
      "mean_perplexity": 26.26924542682927
    },
    "invalid_examples": [
      {
        "question": "Passage: List of English words containing Q not followed by U -- Of the 71 words in this list, 67 are nouns, and most would generally be considered loanwords; the only modern-English words that contain Q not followed by U and are not borrowed from another language are qiana, qwerty, and tranq. However, all of the loanwords on this list are considered to be naturalised in English according to at least one major dictionary (see References), often because they refer to concepts or societal roles that do not have an accurate equivalent in English. For words to appear here, they must appear in their own entry in a dictionary; words which occur only as part of a longer phrase are not included.\nQuestion: is there a word with q without u\nAnswer:",
        "response": " You"
      },
      {
        "question": "Passage: Alcohol laws of Wisconsin -- The drinking age in Wisconsin is 21. Those under the legal drinking age may be served, possess, or consume alcohol if they are with a parent, legal guardian, or spouse who is of legal drinking age. Those age 18-20 may also be served, possess or consumer alcohol if they are with a parent, legal guardian, or spouse who is of legal drinking age. Those age 18 to 20 may also possess (but not consume) alcohol as part of their employment.\nQuestion: can you drink alcohol with your parents in wisconsin\nAnswer:",
        "response": " Alcohol"
      },
      {
        "question": "Passage: Break-in (mechanical run-in) -- A new engine is broken in by following specific driving guidelines during the first few hours of its use. The focus of breaking in an engine is on the contact between the piston rings of the engine and the cylinder wall. There is no universal preparation or set of instructions for breaking in an engine. Most importantly, experts disagree on whether it is better to start engines on high or low power to break them in. While there are still consequences to an unsuccessful break-in, they are harder to quantify on modern engines than on older models. In general, people no longer break in the engines of their own vehicles after purchasing a car or motorcycle, because the process is done in production. It is still common, even today, to find that an owner's manual recommends gentle use at first (often specified as the first 500 or 1000 kilometres or miles). But it is usually only normal use without excessive demands that is specified, as opposed to light/limited use. For example, the manual will specify that the car be driven normally, but not in excess of the highway speed limit.\nQuestion: do you need to break in a car\nAnswer:",
        "response": " You"
      },
      {
        "question": "Passage: Crankshaft position sensor -- The crank sensor can be used in combination with a similar camshaft position sensor to monitor the relationship between the pistons and valves in the engine, which is particularly important in engines with variable valve timing. This method is also used to ``synchronise'' a four stroke engine upon starting, allowing the management system to know when to inject the fuel. It is also commonly used as the primary source for the measurement of engine speed in revolutions per minute.\nQuestion: is an engine speed sensor the same as a crankshaft sensor\nAnswer:",