{
  "metadata": {
    "timestamp": "20241216_140555",
    "model_name": "Qwen/Qwen2.5-14B",
    "num_pruned_layers": 36,
    "has_adapter": false,
    "task": "boolq"
  },
  "metrics": {
    "response_quality": {
      "total_responses": 3270,
      "valid_responses": 2641,
      "invalid_responses": 629,
      "invalid_percentage": 19.235474006116206
    },
    "metrics": {
      "accuracy": 0.6228701249526695,
      "evaluate_accuracy": {
        "accuracy": 0.5030581039755352
      },
      "precision": 0.6242884250474383,
      "recall": 0.9963658388855239,
      "f1": 0.7676154923005133,
      "total_evaluated": 2641,
      "confusion_matrix": {
        "true_positives": 1645,
        "true_negatives": 0,
        "false_positives": 990,
        "false_negatives": 6
      },
      "perplexities": [
        25152.0,
        17424.0,
        14672.0,
        Infinity,
        7376.0,
        5072.0,
        65248.0,
        26992.0,
        16368.0,
        14000.0,
        22192.0,
        24384.0,
        10568.0,
        Infinity,
        7852.0,
        32304.0,
        21856.0,
        6716.0,
        Infinity,
        12744.0,
        11696.0,
        15864.0,
        Infinity,
        8968.0,
        4728.0,
        4236.0,
        10488.0,
        30816.0,
        17024.0,
        9472.0,
        7672.0,
        14336.0,
        Infinity,
        29184.0,
        5524.0,
        50016.0,
        Infinity,
        45536.0,
        5192.0,
        15256.0,
        11520.0,
        12648.0,
        9472.0,
        15864.0,
        10320.0,
        8624.0,
        3828.0,
        19584.0,
        6116.0,
        15256.0,
        23088.0,
        13888.0,
        10320.0,
        8040.0,
        19136.0,
        15864.0,
        10408.0,
        23264.0,
        Infinity,
        25552.0,
        43456.0,
        Infinity,
        3918.0,
        Infinity,
        Infinity,
        36032.0,
        39264.0,
        7436.0,
        Infinity,
        7436.0,
        10408.0,
        15024.0,
        29184.0,
        36896.0,
        37760.0,
        24960.0,
        7552.0,
        12952.0,
        45920.0,
        23264.0,
        20208.0,
        44480.0,
        6716.0,
        12952.0,
        10904.0,
        20048.0,
        31312.0,
        7852.0,
        51200.0,
        21024.0,
        13784.0,
        64736.0,
        9472.0,
        15864.0,
        17152.0,
        9696.0,
        6512.0,
        53664.0,
        59872.0,
        5792.0,
        46272.0,
        9184.0,
        27200.0,
        Infinity,
        20688.0,
        13680.0,
        32048.0,
        Infinity,
        Infinity,
        56256.0,
        10904.0,
        15136.0,
        15136.0,
        14224.0,
        37760.0,
        11072.0,
        9848.0,
        23440.0,
        10816.0,
        15496.0,
        14560.0,
        16752.0,
        12552.0,
        9184.0,
        47008.0,
        33856.0,
        5524.0,
        10088.0,
        7496.0,
        Infinity,
        18112.0,
        15024.0,
        23264.0,
        7040.0,
        17568.0,
        Infinity,
        25552.0,
        48864.0,
        17296.0,
        54080.0,
        28288.0,
        9848.0,
        24768.0,
        33056.0,
        38368.0,
        9328.0,
        22896.0,
        Infinity,
        8488.0,
        10904.0,
        9112.0,
        Infinity,
        3680.0,
        17024.0,
        Infinity,
        13048.0,
        10008.0,
        14672.0,
        54528.0,
        29408.0,
        42112.0,
        9184.0,
        Infinity,
        33056.0,
        7264.0,
        19744.0,
        25552.0,
        16752.0,
        43808.0,
        30112.0,
        8624.0,
        22192.0,
        13256.0,
        9544.0,
        11072.0,
        11520.0,
        10088.0,
        Infinity,
        43808.0,
        24960.0,
        60352.0,
        13152.0,
        7916.0,
        12552.0,
        Infinity,
        28960.0,
        5316.0,
        10648.0,
        Infinity,
        10320.0,
        20688.0,
        10160.0,
        15864.0,
        10816.0,
        20208.0,
        21344.0,
        9472.0,
        3950.0,
        21856.0,
        16624.0,
        33856.0,
        10488.0,
        19440.0,
        17024.0,
        5792.0
      ],
      "mean_perplexity": Infinity
    },
    "invalid_examples": [
      {
        "question": "Passage: Property tax -- Property tax or 'house tax' is a local tax on buildings, along with appurtenant land. It is and imposed on the Possessor (not the custodian of property as per 1978, 44th amendment of constitution). It resembles the US-type wealth tax and differs from the excise-type UK rate. The tax power is vested in the states and is delegated to local bodies, specifying the valuation method, rate band, and collection procedures. The tax base is the annual rental value (ARV) or area-based rating. Owner-occupied and other properties not producing rent are assessed on cost and then converted into ARV by applying a percentage of cost, usually four percent. Vacant land is generally exempt. Central government properties are exempt. Instead a 'service charge' is permissible under executive order. Properties of foreign missions also enjoy tax exemption without requiring reciprocity. The tax is usually accompanied by service taxes, e.g., water tax, drainage tax, conservancy (sanitation) tax, lighting tax, all using the same tax base. The rate structure is flat on rural (panchayat) properties, but in the urban (municipal) areas it is mildly progressive with about 80% of assessments falling in the first two brackets.\nQuestion: is house tax and property tax are same\nAnswer:",
        "response": " \u201c"
      },
      {
        "question": "Passage: Hydroxyzine -- Hydroxyzine preparations require a doctor's prescription. The drug is available in two formulations, the pamoate and the dihydrochloride or hydrochloride salts. Vistaril, Equipose, Masmoran, and Paxistil are preparations of the pamoate salt, while Atarax, Alamon, Aterax, Durrax, Tran-Q, Orgatrax, Quiess, and Tranquizine are of the hydrochloride salt.\nQuestion: is there a difference between hydroxyzine hcl and hydroxyzine pam\nAnswer:",
        "response": " ___"
      },
      {
        "question": "Passage: Barq's -- Barq's /\u02c8b\u0251\u02d0rks/ is an American soft drink. Its brand of root beer is notable for having caffeine. Barq's, created by Edward Barq and bottled since the turn of the 20th century, is owned by the Barq family but bottled by the Coca-Cola Company. It was known as Barq's Famous Olde Tyme Root Beer until 2012.\nQuestion: is barq's root beer a pepsi product\nAnswer:",
        "response": "'"
      },
      {
        "question": "Passage: Bloodline (TV series) -- Bloodline was announced in October 2014 as part of a partnership between Netflix and Sony Pictures Television, representing Netflix's first major deal with a major film studio for a television series. The series was created and executive produced by Todd A. Kessler, Glenn Kessler, and Daniel Zelman, who previously created the FX series Damages. According to its official synopsis released by Netflix, Bloodline ``centers on a close-knit family of four adult siblings whose secrets and scars are revealed when their black sheep brother returns home.''\nQuestion: is the show bloodline based on a true story\nAnswer:",