{
  "metadata": {
    "timestamp": "20241216_133921",
    "model_name": "Qwen/Qwen2.5-14B",
    "num_pruned_layers": 20,
    "has_adapter": false,
    "task": "boolq"
  },
  "metrics": {
    "response_quality": {
      "total_responses": 3270,
      "valid_responses": 2414,
      "invalid_responses": 856,
      "invalid_percentage": 26.177370030581038
    },
    "metrics": {
      "accuracy": 0.6188898094449047,
      "evaluate_accuracy": {
        "accuracy": 0.45688073394495415
      },
      "precision": 0.6196598921609291,
      "recall": 0.9979959919839679,
      "f1": 0.7645854657113614,
      "total_evaluated": 2414,
      "confusion_matrix": {
        "true_positives": 1494,
        "true_negatives": 0,
        "false_positives": 917,
        "false_negatives": 3
      },
      "perplexities": [
        2878.0,
        30112.0,
        14112.0,
        38656.0,
        8488.0,
        2694.0,
        34368.0,
        3858.0,
        10088.0,
        48096.0,
        14224.0,
        Infinity,
        45184.0,
        Infinity,
        14672.0,
        38368.0,
        14560.0,
        Infinity,
        Infinity,
        18112.0,
        3124.0,
        18544.0,
        Infinity,
        15376.0,
        7612.0,
        5700.0,
        23632.0,
        40832.0,
        22192.0,
        2822.0,
        17840.0,
        30816.0,
        5484.0,
        Infinity,
        6360.0,
        22720.0,
        4992.0,
        Infinity,
        24768.0,
        14336.0,
        9040.0,
        Infinity,
        28288.0,
        26576.0,
        24576.0,
        Infinity,
        6512.0,
        14784.0,
        4372.0,
        Infinity,
        7672.0,
        12952.0,
        20848.0,
        6164.0,
        7208.0,
        31312.0,
        19744.0,
        17984.0,
        Infinity,
        10160.0,
        17024.0,
        40832.0,
        14112.0,
        Infinity,
        Infinity,
        9696.0,
        7436.0,
        2442.0,
        7152.0,
        17984.0,
        29184.0,
        Infinity,
        30816.0,
        5192.0,
        23632.0,
        17568.0,
        10992.0,
        10816.0,
        Infinity,
        13360.0,
        9544.0,
        45536.0,
        4800.0,
        14448.0,
        5928.0,
        Infinity,
        5072.0,
        Infinity,
        25152.0,
        45536.0,
        20048.0,
        8360.0,
        5072.0,
        22720.0,
        4916.0,
        5192.0,
        12456.0,
        59424.0,
        Infinity,
        14560.0,
        20048.0,
        10088.0,
        Infinity,
        45536.0,
        28512.0,
        14336.0,
        10992.0,
        Infinity,
        30816.0,
        Infinity,
        8624.0,
        48864.0,
        31792.0,
        5744.0,
        Infinity,
        25744.0,
        3274.0,
        9544.0,
        11976.0,
        15616.0,
        17696.0,
        4688.0,
        24960.0,
        4042.0,
        Infinity,
        Infinity,
        13152.0,
        17984.0,
        27200.0,
        Infinity,
        Infinity,
        25552.0,
        18992.0,
        38368.0,
        47360.0,
        Infinity,
        18544.0,
        13152.0,
        7976.0,
        14672.0,
        28288.0,
        Infinity,
        12072.0,
        Infinity,
        13568.0,
        35744.0,
        14112.0,
        27840.0,
        9624.0,
        23264.0,
        18848.0,
        50432.0,
        8896.0,
        50016.0,
        Infinity,
        10488.0,
        35744.0,
        2878.0,
        39264.0,
        11336.0,
        13360.0,
        10088.0,
        51616.0,
        28064.0,
        25152.0,
        11160.0,
        24768.0,
        12456.0,
        9928.0,
        13784.0,
        18400.0,
        21344.0,
        9696.0,
        4372.0,
        7436.0,
        27840.0,
        8760.0,
        Infinity,
        24000.0,
        Infinity,
        Infinity,
        46624.0,
        25360.0,
        7208.0,
        20048.0,
        19280.0,
        10568.0,
        4012.0,
        Infinity,
        22544.0,
        16368.0,
        Infinity,
        11792.0,
        30816.0,
        57568.0,
        15136.0,
        20528.0,
        35488.0,
        15496.0,
        Infinity,
        9328.0,
        9544.0,
        6612.0,
        18256.0,
        14560.0
      ],
      "mean_perplexity": Infinity
    },
    "invalid_examples": [
      {
        "question": "Passage: Ethanol fuel -- All biomass goes through at least some of these steps: it needs to be grown, collected, dried, fermented, distilled, and burned. All of these steps require resources and an infrastructure. The total amount of energy input into the process compared to the energy released by burning the resulting ethanol fuel is known as the energy balance (or ``energy returned on energy invested''). Figures compiled in a 2007 report by National Geographic Magazine point to modest results for corn ethanol produced in the US: one unit of fossil-fuel energy is required to create 1.3 energy units from the resulting ethanol. The energy balance for sugarcane ethanol produced in Brazil is more favorable, with one unit of fossil-fuel energy required to create 8 from the ethanol. Energy balance estimates are not easily produced, thus numerous such reports have been generated that are contradictory. For instance, a separate survey reports that production of ethanol from sugarcane, which requires a tropical climate to grow productively, returns from 8 to 9 units of energy for each unit expended, as compared to corn, which only returns about 1.34 units of fuel energy for each unit of energy expended. A 2006 University of California Berkeley study, after analyzing six separate studies, concluded that producing ethanol from corn uses much less petroleum than producing gasoline.\nQuestion: does ethanol take more energy make that produces\nAnswer:",
        "response": " ___"
      },
      {
        "question": "Passage: Harry Potter and the Escape from Gringotts -- Harry Potter and the Escape from Gringotts is an indoor steel roller coaster at Universal Studios Florida, a theme park located within the Universal Orlando Resort. Similar to dark rides, the roller coaster utilizes special effects in a controlled-lighting environment and also employs motion-based 3-D projection of both animation and live-action sequences to enhance the experience. The ride, which is themed to the Gringotts Wizarding Bank, became the flagship attraction for the expanded Wizarding World of Harry Potter when it opened on July 8, 2014.\nQuestion: is harry potter and the escape from gringotts a roller coaster ride\nAnswer:",
        "response": " You"
      },
      {
        "question": "Passage: 2018 FIFA World Cup knockout stage -- The knockout stage of the 2018 FIFA World Cup was the second and final stage of the competition, following the group stage. It began on 30 June with the round of 16 and ended on 15 July with the final match, held at the Luzhniki Stadium in Moscow. The top two teams from each group (16 in total) advanced to the knockout stage to compete in a single-elimination style tournament. A third place play-off was also played between the two losing teams of the semi-finals.\nQuestion: is there a play off for third place in the world cup\nAnswer:",