{
  "metadata": {
    "timestamp": "20241216_140329",
    "model_name": "Qwen/Qwen2.5-14B",
    "num_pruned_layers": 35,
    "has_adapter": true,
    "task": "boolq"
  },
  "metrics": {
    "response_quality": {
      "total_responses": 3270,
      "valid_responses": 2744,
      "invalid_responses": 526,
      "invalid_percentage": 16.085626911314986
    },
    "metrics": {
      "accuracy": 0.6053206997084548,
      "evaluate_accuracy": {
        "accuracy": 0.5079510703363914
      },
      "precision": 0.6072874493927125,
      "recall": 0.9903961584633854,
      "f1": 0.7529089664613279,
      "total_evaluated": 2744,
      "confusion_matrix": {
        "true_positives": 1650,
        "true_negatives": 11,
        "false_positives": 1067,
        "false_negatives": 16
      },
      "perplexities": [
        60.4375,
        51.78125,
        57.0,
        56.5625,
        57.65625,
        49.8125,
        55.03125,
        57.90625,
        52.8125,
        67.6875,
        62.34375,
        57.4375,
        58.34375,
        59.5,
        56.5625,
        57.0,
        57.65625,
        64.0625,
        63.34375,
        59.28125,
        63.34375,
        51.5,
        49.3125,
        54.8125,
        67.6875,
        44.125,
        63.34375,
        56.34375,
        58.34375,
        68.1875,
        65.375,
        49.125,
        58.125,
        64.8125,
        62.34375,
        53.75,
        55.90625,
        69.0,
        58.5625,
        49.3125,
        47.15625,
        53.125,
        67.1875,
        51.5,
        60.65625,
        57.90625,
        59.03125,
        62.34375,
        57.4375,
        50.3125,
        58.5625,
        62.125,
        53.53125,
        53.65625,
        59.28125,
        65.625,
        61.375,
        71.5,
        52.90625,
        61.875,
        66.125,
        53.65625,
        55.46875,
        69.5625,
        69.5625,
        59.5,
        57.0,
        56.5625,
        61.15625,
        52.40625,
        66.875,
        69.5625,
        70.125,
        52.90625,
        60.65625,
        67.6875,
        56.78125,
        56.5625,
        61.875,
        62.125,
        55.03125,
        63.09375,
        52.3125,
        59.28125,
        52.5,
        52.5,
        68.75,
        81.3125,
        65.375,
        62.59375,
        59.5,
        58.125,
        64.3125,
        72.0625,
        58.34375,
        54.0625,
        43.1875,
        53.4375,
        72.3125,
        67.4375,
        44.65625,
        66.625,
        59.28125,
        64.3125,
        57.21875,
        55.6875,
        55.03125,
        64.8125,
        61.625,
        55.25,
        45.1875,
        62.84375,
        53.96875,
        48.84375,
        66.625,
        80.6875,
        66.625,
        63.09375,
        58.125,
        59.71875,
        52.09375,
        56.78125,
        65.875,
        58.5625,
        54.0625,
        52.09375,
        65.0625,
        52.5,
        67.9375,
        69.5625,
        65.625,
        55.03125,
        66.375,
        61.375,
        59.71875,
        57.65625,
        51.09375,
        58.8125,
        55.90625,
        60.65625,
        64.0625,
        55.90625,
        57.65625,
        47.4375,
        65.625,
        61.375,
        57.4375,
        66.875,
        62.84375,
        72.3125,
        59.28125,
        65.875,
        57.21875,
        66.375,
        67.9375,
        58.34375,
        56.125,
        47.8125,
        55.25,
        64.3125,
        63.59375,
        45.875,
        48.46875,
        68.5,
        71.75,
        65.375,
        78.8125,
        56.34375,
        59.28125,
        56.5625,
        56.78125,
        51.90625,
        53.34375,
        58.125,
        70.375,
        59.71875,
        57.4375,
        60.4375,
        68.75,
        47.34375,
        70.125,
        67.1875,
        49.71875,
        50.90625,
        71.1875,
        59.71875,
        61.875,
        52.5,
        54.5,
        59.5,
        63.84375,
        59.28125,
        62.59375,
        53.84375,
        51.28125,
        54.1875,
        67.6875,
        35.1875,
        66.125,
        64.5625,
        56.125,
        70.375,
        53.4375,
        47.90625,
        58.125
      ],
      "mean_perplexity": 59.42408536585366
    },
    "invalid_examples": [
      {
        "question": "Passage: Parity (mathematics) -- In mathematics, parity is the property of an integer's inclusion in one of two categories: even or odd. An integer is even if it is evenly divisible by two and odd if it is not even. For example, 6 is even because there is no remainder when dividing it by 2. By contrast, 3, 5, 7, 21 leave a remainder of 1 when divided by 2. Examples of even numbers include \u22124, 0, 82 and 178. In particular, zero is an even number. Some examples of odd numbers are \u22125, 3, 29, and 73.\nQuestion: can an odd number be divided by an even number\nAnswer:",
        "response": " "
      },
      {
        "question": "Passage: American entry into Canada by land -- Persons driving into Canada must have their vehicle's registration document and proof of insurance.\nQuestion: can u drive in canada with us license\nAnswer:",
        "response": " Can"
      },
      {
        "question": "Passage: Alcohol laws of New York -- In response to the National Minimum Drinking Age Act in 1984, which reduced by up to 10% the federal highway funding of any state which did not have a minimum purchasing age of 21, the New York Legislature raised the drinking age from 19 to 21, effective December 1, 1985. (The drinking age had been 18 for many years before the first raise on December 4th, 1982, to 19.) Persons under 21 are prohibited from purchasing alcohol or possessing alcohol with the intent to consume, unless the alcohol was given to that person by their parent or legal guardian. There is no law prohibiting where people under 21 may possess or consume alcohol that was given to them by their parents. Persons under 21 are prohibited from having a blood alcohol level of 0.02% or higher while driving.\nQuestion: can minors drink with parents in new york\nAnswer:",
        "response": " Can"
      },
      {
        "question": "Passage: Shower gel -- Shower gels for men may contain the ingredient menthol, which gives a cooling and stimulating sensation on the skin, and some men's shower gels are also designed specifically for use on hair and body. Shower gels contain milder surfactant bases than shampoos, and some also contain gentle conditioning agents in the formula. This means that shower gels can also double as an effective and perfectly acceptable substitute to shampoo, even if they are not labelled as a hair and body wash. Washing hair with shower gel should give approximately the same result as using a moisturising shampoo.\nQuestion: is it bad to wash your hair with shower gel\nAnswer:",