{
  "metadata": {
    "timestamp": "20241216_131954",
    "model_name": "Qwen/Qwen2.5-14B",
    "num_pruned_layers": 12,
    "has_adapter": false,
    "task": "boolq"
  },
  "metrics": {
    "response_quality": {
      "total_responses": 3270,
      "valid_responses": 3017,
      "invalid_responses": 253,
      "invalid_percentage": 7.737003058103975
    },
    "metrics": {
      "accuracy": 0.617169373549884,
      "evaluate_accuracy": {
        "accuracy": 0.5694189602446483
      },
      "precision": 0.619285952619286,
      "recall": 0.9925133689839573,
      "f1": 0.7626874871584138,
      "total_evaluated": 3017,
      "confusion_matrix": {
        "true_positives": 1856,
        "true_negatives": 6,
        "false_positives": 1141,
        "false_negatives": 14
      },
      "perplexities": [
        28.0,
        30.5,
        24.953125,
        25.84375,
        27.03125,
        23.34375,
        27.828125,
        22.890625,
        26.453125,
        32.78125,
        29.34375,
        23.90625,
        29.046875,
        27.5,
        25.390625,
        32.84375,
        23.625,
        27.234375,
        30.453125,
        24.375,
        27.5,
        24.375,
        38.78125,
        25.890625,
        29.6875,
        29.5625,
        31.046875,
        29.28125,
        29.34375,
        29.046875,
        30.5,
        24.375,
        26.40625,
        28.9375,
        27.828125,
        23.078125,
        27.140625,
        28.4375,
        28.71875,
        23.484375,
        22.625,
        31.296875,
        31.96875,
        25.484375,
        31.84375,
        35.1875,
        24.0,
        28.484375,
        23.53125,
        26.40625,
        24.90625,
        24.28125,
        25.484375,
        23.953125,
        27.671875,
        25.4375,
        26.203125,
        28.71875,
        28.21875,
        24.75,
        32.34375,
        32.03125,
        24.28125,
        26.25,
        34.96875,
        26.875,
        28.046875,
        24.703125,
        29.515625,
        21.890625,
        29.796875,
        32.78125,
        29.6875,
        26.09375,
        29.390625,
        24.5625,
        25.0,
        27.71875,
        26.296875,
        30.390625,
        24.1875,
        29.171875,
        22.40625,
        25.546875,
        23.078125,
        28.546875,
        27.890625,
        35.59375,
        25.390625,
        38.71875,
        27.03125,
        32.15625,
        28.609375,
        30.453125,
        21.21875,
        25.390625,
        23.484375,
        21.796875,
        31.65625,
        29.046875,
        20.359375,
        27.609375,
        26.5,
        41.53125,
        27.71875,
        27.890625,
        23.671875,
        29.96875,
        24.046875,
        32.09375,
        21.96875,
        31.59375,
        25.84375,
        22.578125,
        26.140625,
        30.984375,
        28.328125,
        27.140625,
        31.359375,
        26.140625,
        26.34375,
        28.65625,
        30.453125,
        24.1875,
        26.71875,
        24.75,
        25.734375,
        26.765625,
        27.5,
        29.96875,
        29.515625,
        28.765625,
        28.9375,
        30.203125,
        32.21875,
        35.25,
        27.234375,
        25.84375,
        23.125,
        25.0,
        25.6875,
        29.0,
        29.109375,
        29.109375,
        26.140625,
        28.0,
        25.9375,
        30.8125,
        28.375,
        26.8125,
        24.046875,
        26.921875,
        22.109375,
        29.453125,
        28.9375,
        23.296875,
        26.65625,
        22.984375,
        29.109375,
        28.15625,
        26.765625,
        21.5,
        25.296875,
        33.3125,
        32.9375,
        26.96875,
        30.203125,
        25.84375,
        30.625,
        25.796875,
        35.59375,
        24.953125,
        22.3125,
        30.203125,
        31.046875,
        28.765625,
        26.40625,
        33.90625,
        25.484375,
        23.671875,
        30.328125,
        31.84375,
        27.9375,
        23.90625,
        29.75,
        27.828125,
        28.15625,
        22.40625,
        29.921875,
        28.828125,
        27.78125,
        31.296875,
        28.109375,
        31.046875,
        21.34375,
        22.984375,
        26.296875,
        19.8125,
        32.46875,
        35.375,
        26.71875,
        25.6875,
        25.1875,
        25.234375,
        32.9375
      ],
      "mean_perplexity": 27.645350609756097
    },
    "invalid_examples": [
      {
        "question": "Passage: Magnesium citrate -- Magnesium citrate is a magnesium preparation in salt form with citric acid in a 1:1 ratio (1 magnesium atom per citrate molecule). The name ``magnesium citrate'' is ambiguous and sometimes may refer to other salts such as trimagnesium citrate which has a magnesium:citrate ratio of 3:2.\nQuestion: does magnesium citrate have citric acid in it\nAnswer:",
        "response": " Magn"
      },
      {
        "question": "Passage: Spark plug -- A spark plug (sometimes, in British English, a sparking plug, and, colloquially, a plug) is a device for delivering electric current from an ignition system to the combustion chamber of a spark-ignition engine to ignite the compressed fuel/air mixture by an electric spark, while containing combustion pressure within the engine. A spark plug has a metal threaded shell, electrically isolated from a central electrode by a porcelain insulator. The central electrode, which may contain a resistor, is connected by a heavily insulated wire to the output terminal of an ignition coil or magneto. The spark plug's metal shell is screwed into the engine's cylinder head and thus electrically grounded. The central electrode protrudes through the porcelain insulator into the combustion chamber, forming one or more spark gaps between the inner end of the central electrode and usually one or more protuberances or structures attached to the inner end of the threaded shell and designated the side, earth, or ground electrode(s).\nQuestion: does a spark plug keep an engine running\nAnswer:",
        "response": " A"
      },
      {
        "question": "Passage: Cloak -- Ladies may wear a long (over the shoulders or to ankles) cloak usually called a cape, or a full-length cloak. Gentlemen wear an ankle-length or full-length cloak. Formal cloaks often have expensive, colored linings and trimmings such as silk, satin, velvet and fur.\nQuestion: is a cape and a cloak the same\nAnswer:",
        "response": " A"
      },
      {
        "question": "Passage: Crankshaft position sensor -- The crank sensor can be used in combination with a similar camshaft position sensor to monitor the relationship between the pistons and valves in the engine, which is particularly important in engines with variable valve timing. This method is also used to ``synchronise'' a four stroke engine upon starting, allowing the management system to know when to inject the fuel. It is also commonly used as the primary source for the measurement of engine speed in revolutions per minute.\nQuestion: is an engine speed sensor the same as a crankshaft sensor\nAnswer:",
        "response": " A"
      },
      {
        "question": "Passage: Improvised weapon -- Many martial arts employ the use of common objects as weapons; Filipino martial arts such as Eskrima include practice with machetes, canes, bamboo spears, and knives as a result of the 333 year Spanish colonization that took place in the Philippines which prohibited the ownership and use of standard swords and bladed weapons; Chinese martial arts and some Korean martial arts commonly feature the use of improvised weapons such as fans, hammers and staves. There are even some western martial arts that are based on improvised weapons such as British quarterstaff fighting and Irish stick fighting.\nQuestion: can a hammer be used as a weapon\nAnswer:",