{
  "metadata": {
    "timestamp": "20241216_112958",
    "model_name": "Qwen/Qwen2.5-7B",
    "num_pruned_layers": 9,
    "has_adapter": false,
    "task": "boolq"
  },
  "metrics": {
    "response_quality": {
      "total_responses": 3270,
      "valid_responses": 3164,
      "invalid_responses": 106,
      "invalid_percentage": 3.241590214067278
    },
    "metrics": {
      "accuracy": 0.6201011378002529,
      "evaluate_accuracy": {
        "accuracy": 0.6
      },
      "precision": 0.6212792906903103,
      "recall": 0.9969512195121951,
      "f1": 0.7655091689426453,
      "total_evaluated": 3164,
      "confusion_matrix": {
        "true_positives": 1962,
        "true_negatives": 0,
        "false_positives": 1196,
        "false_negatives": 6
      },
      "perplexities": [
        27.1875,
        27.1875,
        23.671875,
        27.453125,
        25.140625,
        24.328125,
        25.890625,
        26.71875,
        27.890625,
        30.984375,
        29.21875,
        26.34375,
        28.546875,
        27.9375,
        27.671875,
        25.09375,
        26.046875,
        31.359375,
        31.71875,
        28.765625,
        26.0,
        26.609375,
        24.1875,
        24.1875,
        32.53125,
        21.671875,
        27.609375,
        28.328125,
        26.5625,
        30.15625,
        29.6875,
        23.71875,
        25.09375,
        26.09375,
        29.390625,
        23.90625,
        27.078125,
        31.59375,
        26.765625,
        24.421875,
        21.71875,
        25.1875,
        31.96875,
        20.96875,
        27.140625,
        22.28125,
        27.1875,
        28.4375,
        26.5,
        24.328125,
        27.890625,
        27.5,
        23.71875,
        26.40625,
        25.390625,
        28.9375,
        31.046875,
        31.046875,
        26.8125,
        25.1875,
        28.109375,
        22.140625,
        26.140625,
        33.5625,
        33.5,
        24.703125,
        24.234375,
        26.140625,
        29.28125,
        24.234375,
        29.046875,
        31.296875,
        30.390625,
        26.34375,
        28.375,
        31.53125,
        27.9375,
        25.890625,
        27.828125,
        27.34375,
        26.296875,
        27.5625,
        25.09375,
        28.265625,
        25.796875,
        25.390625,
        31.65625,
        35.125,
        30.328125,
        30.203125,
        28.890625,
        24.953125,
        31.234375,
        26.09375,
        25.890625,
        28.375,
        22.40625,
        23.484375,
        31.71875,
        31.53125,
        21.421875,
        27.671875,
        26.5,
        28.890625,
        22.9375,
        26.96875,
        26.09375,
        26.8125,
        28.484375,
        24.796875,
        21.015625,
        25.59375,
        25.140625,
        21.046875,
        31.53125,
        33.4375,
        27.828125,
        29.5625,
        26.96875,
        26.765625,
        23.15625,
        24.953125,
        31.109375,
        24.46875,
        26.09375,
        23.296875,
        30.09375,
        25.1875,
        31.296875,
        31.421875,
        30.921875,
        25.34375,
        28.9375,
        25.296875,
        28.65625,
        25.9375,
        25.0,
        25.296875,
        25.484375,
        21.046875,
        27.609375,
        27.828125,
        29.796875,
        24.5625,
        30.921875,
        27.828125,
        25.296875,
        27.890625,
        26.09375,
        30.8125,
        31.46875,
        27.34375,
        29.21875,
        30.8125,
        33.78125,
        22.84375,
        28.484375,
        21.5,
        23.859375,
        29.796875,
        29.171875,
        22.40625,
        21.015625,
        26.5,
        34.78125,
        28.046875,
        35.75,
        28.109375,
        28.609375,
        28.328125,
        26.453125,
        24.328125,
        24.515625,
        28.046875,
        31.78125,
        28.484375,
        23.390625,
        26.71875,
        29.34375,
        23.71875,
        31.96875,
        31.421875,
        22.3125,
        22.671875,
        30.6875,
        31.234375,
        29.96875,
        23.953125,
        26.453125,
        24.234375,
        29.453125,
        26.0,
        29.625,
        25.09375,
        25.140625,
        22.53125,
        28.265625,
        20.71875,
        28.046875,
        28.65625,
        26.046875,
        30.453125,
        25.4375,
        23.203125,
        26.203125
      ],
      "mean_perplexity": 27.181631097560974
    },
    "invalid_examples": [
      {
        "question": "Passage: Magnesium citrate -- Magnesium citrate is a magnesium preparation in salt form with citric acid in a 1:1 ratio (1 magnesium atom per citrate molecule). The name ``magnesium citrate'' is ambiguous and sometimes may refer to other salts such as trimagnesium citrate which has a magnesium:citrate ratio of 3:2.\nQuestion: does magnesium citrate have citric acid in it\nAnswer:",
        "response": " Magn"
      },
      {
        "question": "Passage: 11.22.63 -- When asked about developing a sequel series, King stated ``I'd love to revisit Jake and Sadie, and also revisit the rabbit hole that dumps people into the past, but sometimes it's best not to go back for a second helping.''.\nQuestion: will there be a second season of 11.22.63\nAnswer:",
        "response": " "
      },
      {
        "question": "Passage: EuroMillions -- EuroMillions is a transnational lottery requiring 7 correct numbers to win the jackpot . It was launched on 7 February 2004 by France's Fran\u00e7aise des Jeux, Spain's Loter\u00edas y Apuestas del Estado and the United Kingdom's Camelot. The first draw was held on Friday 13 February 2004 in Paris. Initially, only the UK, France and Spain participated, with the Austrian, Belgian, Irish, Luxembourgish, Portuguese and Swiss lotteries joining for the 8 October 2004 drawing.\nQuestion: does 1 ball and 1 lucky star win euromillions\nAnswer:",
        "response": " "
      },
      {
        "question": "Passage: 50 to 1 -- 50 to 1 is a 2014 American drama film based on the true story of Mine That Bird, an undersized thoroughbred racehorse who won the 2009 Kentucky Derby in one of the biggest upsets in the history of the race. The film received a limited release on March 21, 2014. It was directed by Jim Wilson, who also co-wrote the script with Faith Conroy, and stars Skeet Ulrich, Christian Kane and William Devane. Jockey Calvin Borel, who rode Mine that Bird to his upset Derby win, plays himself in the film.\nQuestion: is 50 to 1 based on a true story\nAnswer:",
        "response": " "
      },
      {
        "question": "Passage: Arkansas Razorbacks -- In 1957, Frank Broyles was hired as the head football coach and served in that position for 19 years. Broyles' team was awarded the 1964 National Championship by the Football Writers Association of America and the Helms Athletic Foundation. At the time, The AP and UPI both awarded the designation before bowl games, and gave the award to Alabama. However, Alabama lost their bowl game to Texas, while Arkansas won theirs against Nebraska. The FWAA and HAF both awarded their national championship designations to Arkansas, who was the only team to go undefeated through bowl games that year. Both the University of Arkansas and the University of Alabama claimed national championships for the year 1964.\nQuestion: has arkansas ever won a national championship in any sport\nAnswer:",