{
  "metadata": {
    "timestamp": "20241216_132505",
    "model_name": "Qwen/Qwen2.5-14B",
    "num_pruned_layers": 14,
    "has_adapter": true,
    "task": "boolq"
  },
  "metrics": {
    "response_quality": {
      "total_responses": 3270,
      "valid_responses": 3255,
      "invalid_responses": 15,
      "invalid_percentage": 0.45871559633027525
    },
    "metrics": {
      "accuracy": 0.621505376344086,
      "evaluate_accuracy": {
        "accuracy": 0.6186544342507645
      },
      "precision": 0.6216963736939152,
      "recall": 0.9995059288537549,
      "f1": 0.76657824933687,
      "total_evaluated": 3255,
      "confusion_matrix": {
        "true_positives": 2023,
        "true_negatives": 0,
        "false_positives": 1231,
        "false_negatives": 1
      },
      "perplexities": [
        11.8515625,
        11.5078125,
        10.6484375,
        12.1796875,
        10.8359375,
        10.2578125,
        10.984375,
        11.2421875,
        12.0625,
        12.6953125,
        12.421875,
        11.3515625,
        12.84375,
        11.96875,
        10.4375,
        10.3984375,
        11.2890625,
        13.828125,
        13.09375,
        11.421875,
        10.875,
        11.046875,
        10.7109375,
        9.8046875,
        14.328125,
        9.46875,
        11.0078125,
        12.375,
        11.671875,
        13.4296875,
        12.28125,
        10.484375,
        10.546875,
        11.2421875,
        12.3046875,
        10.421875,
        11.3359375,
        13.7265625,
        11.375,
        10.21875,
        9.4296875,
        10.75,
        13.171875,
        9.15625,
        11.53125,
        9.6015625,
        11.8515625,
        12.4453125,
        11.265625,
        10.5625,
        10.6640625,
        11.0078125,
        10.3984375,
        11.921875,
        11.4453125,
        11.7578125,
        12.9453125,
        13.1953125,
        11.6484375,
        10.9609375,
        11.3359375,
        10.3984375,
        10.984375,
        12.9921875,
        13.828125,
        10.3359375,
        10.625,
        10.5,
        12.3046875,
        9.828125,
        11.8515625,
        12.46875,
        12.203125,
        11.6015625,
        11.1328125,
        12.7890625,
        11.3359375,
        11.3515625,
        11.96875,
        12.3515625,
        10.4609375,
        11.0703125,
        9.8671875,
        11.53125,
        11.046875,
        10.4375,
        13.09375,
        16.171875,
        12.015625,
        11.875,
        11.9453125,
        11.1328125,
        12.6953125,
        12.0390625,
        10.984375,
        11.8984375,
        9.84375,
        10.1953125,
        13.1953125,
        12.375,
        9.484375,
        11.03125,
        11.578125,
        12.765625,
        10.28125,
        11.7578125,
        10.8125,
        11.8984375,
        11.5546875,
        11.2421875,
        8.96875,
        11.2265625,
        10.21875,
        9.6171875,
        12.5703125,
        12.9453125,
        12.46875,
        12.28125,
        11.4453125,
        10.8984375,
        9.9609375,
        10.4609375,
        12.375,
        11.09375,
        10.4375,
        10.421875,
        11.8046875,
        11.71875,
        13.2734375,
        13.8828125,
        12.765625,
        11.2890625,
        12.2578125,
        10.8984375,
        12.2578125,
        10.984375,
        10.5859375,
        11.203125,
        11.4453125,
        9.8671875,
        12.8203125,
        11.78125,
        12.890625,
        10.484375,
        12.5703125,
        10.859375,
        11.203125,
        12.3046875,
        10.484375,
        13.5625,
        12.71875,
        12.1796875,
        11.875,
        13.171875,
        13.4296875,
        9.484375,
        12.109375,
        9.921875,
        10.75,
        12.109375,
        11.8984375,
        9.921875,
        9.75,
        11.4921875,
        14.0234375,
        11.15625,
        14.46875,
        12.0390625,
        11.3359375,
        11.9453125,
        11.78125,
        10.5,
        11.03125,
        12.28125,
        13.09375,
        12.0390625,
        10.3359375,
        12.015625,
        11.8515625,
        10.9453125,
        13.828125,
        13.8046875,
        9.5625,
        10.1015625,
        12.5234375,
        12.9921875,
        12.46875,
        10.3203125,
        12.109375,
        10.7265625,
        12.1328125,
        10.796875,
        12.71875,
        10.1015625,
        10.078125,
        9.84375,
        11.8046875,
        9.0,
        11.5078125,
        12.9453125,
        10.484375,
        13.0703125,
        10.4375,
        10.484375,
        11.5546875
      ],
      "mean_perplexity": 11.530716463414635
    },
    "invalid_examples": [
      {
        "question": "Passage: Miracle on Ice -- Of the 20 players on Team USA, 13 eventually played in the NHL. Five of them went on to play over 500 NHL games, and three would play over 1,000 NHL games.\nQuestion: did anyone from the 1980 us hockey team play in the nhl\nAnswer:",
        "response": " Miracle"
      },
      {
        "question": "Passage: Angular frequency -- Angular frequency (or angular speed) is the magnitude of the vector quantity angular velocity. The term angular frequency vector \u03c9 \u2192 (\\displaystyle (\\vec (\\omega ))) is sometimes used as a synonym for the vector quantity angular velocity.\nQuestion: is angular frequency and angular velocity the same\nAnswer:",
        "response": " Angular"
      },
      {
        "question": "Passage: Anna Leonowens -- She became well-known with the publication of her memoirs, beginning with The English Governess at the Siamese Court (1870), which chronicled her experiences in Siam (modern Thailand), as teacher to the children of the Siamese King Mongkut. Leonowens' own account has been fictionalised in Margaret Landon's 1944 best-selling novel Anna and the King of Siam, as well as films and television series based on the book, most notably Rodgers and Hammerstein's 1951 hit musical The King and I.\nQuestion: was the king and i based on a true story\nAnswer:",
        "response": " Anna"
      },
      {
        "question": "Passage: Peroxide -- Aside from hydrogen peroxide, some other major classes of peroxides are these:\nQuestion: is peroxide and hydrogen peroxide the same thing\nAnswer:",
        "response": " Pero"
      },
      {
        "question": "Passage: Queen (band) -- In 1978, Queen toured the US and Canada, and spent much of 1979 touring in Europe and Japan. They released their first live album, Live Killers, in 1979; it went platinum twice in the US. Queen also released the very successful single ``Crazy Little Thing Called Love'', a rockabilly inspired song done in the style of Elvis Presley. The song made the top 10 in many countries, topped the Australian ARIA Charts for seven consecutive weeks, and was the band's first number one single in the United States where it topped the Billboard Hot 100 for four weeks. Having written the song on guitar and played rhythm on the record, Mercury played rhythm guitar while performing the song live, which was the first time he ever played guitar in concert. In December 1979, Queen played the opening night at the Concert for the People of Kampuchea in London, having accepted a request by the event's organiser Paul McCartney.\nQuestion: did queen ever have a number one hit\nAnswer:",