{
  "metadata": {
    "timestamp": "20241216_132723",
    "model_name": "Qwen/Qwen2.5-14B",
    "num_pruned_layers": 15,
    "has_adapter": true,
    "task": "boolq"
  },
  "metrics": {
    "response_quality": {
      "total_responses": 3270,
      "valid_responses": 3243,
      "invalid_responses": 27,
      "invalid_percentage": 0.8256880733944955
    },
    "metrics": {
      "accuracy": 0.6207215541165587,
      "evaluate_accuracy": {
        "accuracy": 0.6155963302752293
      },
      "precision": 0.6207215541165587,
      "recall": 1.0,
      "f1": 0.7659817351598174,
      "total_evaluated": 3243,
      "confusion_matrix": {
        "true_positives": 2013,
        "true_negatives": 0,
        "false_positives": 1230,
        "false_negatives": 0
      },
      "perplexities": [
        13.1171875,
        12.421875,
        11.46875,
        13.1171875,
        11.8046875,
        11.09375,
        11.921875,
        12.015625,
        12.8671875,
        14.2734375,
        13.171875,
        12.421875,
        13.9921875,
        13.046875,
        11.5546875,
        11.375,
        12.28125,
        15.046875,
        14.15625,
        12.7890625,
        11.921875,
        11.921875,
        11.625,
        10.546875,
        15.3671875,
        10.21875,
        12.3515625,
        13.40625,
        12.7421875,
        14.8125,
        13.5078125,
        11.46875,
        11.2421875,
        12.2265625,
        13.2734375,
        11.375,
        12.5234375,
        14.6640625,
        12.46875,
        11.46875,
        10.15625,
        11.828125,
        14.2421875,
        9.984375,
        12.7421875,
        10.6640625,
        12.7421875,
        13.3828125,
        11.921875,
        11.375,
        11.71875,
        12.015625,
        11.421875,
        12.8671875,
        12.6171875,
        13.1171875,
        13.75,
        14.15625,
        12.4921875,
        11.9921875,
        12.59375,
        11.421875,
        12.0625,
        14.1015625,
        14.8671875,
        11.625,
        11.4921875,
        11.3359375,
        13.4296875,
        11.0703125,
        12.9921875,
        13.484375,
        13.4296875,
        12.328125,
        12.4453125,
        13.859375,
        12.0625,
        12.2265625,
        13.1171875,
        13.4609375,
        11.3125,
        12.2265625,
        10.6640625,
        12.59375,
        11.7578125,
        11.9921875,
        14.4140625,
        17.21875,
        13.5390625,
        12.9453125,
        12.84375,
        12.4453125,
        14.15625,
        13.5390625,
        11.921875,
        12.640625,
        10.484375,
        11.09375,
        14.4921875,
        13.640625,
        10.3359375,
        12.28125,
        12.6171875,
        13.9140625,
        11.265625,
        12.6640625,
        11.78125,
        13.0703125,
        12.3984375,
        12.1796875,
        9.828125,
        12.328125,
        11.0703125,
        10.5625,
        13.5390625,
        14.609375,
        13.484375,
        13.25,
        12.46875,
        12.0390625,
        10.796875,
        11.6953125,
        13.859375,
        12.2578125,
        11.6015625,
        11.375,
        13.171875,
        12.546875,
        14.3828125,
        15.1875,
        13.8046875,
        11.9921875,
        13.7265625,
        11.875,
        13.328125,
        12.109375,
        11.6953125,
        12.1328125,
        12.375,
        11.03125,
        13.671875,
        12.8671875,
        13.859375,
        11.3125,
        13.4609375,
        12.2265625,
        12.15625,
        13.5625,
        11.671875,
        14.6953125,
        13.640625,
        13.2734375,
        12.7890625,
        14.296875,
        14.6640625,
        10.546875,
        13.1953125,
        11.0078125,
        11.9921875,
        13.4609375,
        12.9921875,
        10.875,
        10.7734375,
        12.765625,
        15.28125,
        11.9453125,
        15.765625,
        13.40625,
        12.2578125,
        12.765625,
        12.9140625,
        11.53125,
        11.9453125,
        13.2265625,
        14.328125,
        12.9140625,
        11.421875,
        13.1484375,
        12.96875,
        11.8515625,
        14.8984375,
        15.1328125,
        10.421875,
        10.984375,
        13.75,
        14.1328125,
        13.328125,
        11.1171875,
        13.1953125,
        11.8046875,
        13.015625,
        11.71875,
        13.78125,
        10.8984375,
        10.75,
        10.984375,
        12.96875,
        9.5625,
        12.890625,
        14.2734375,
        11.3984375,
        14.21875,
        11.3359375,
        11.2890625,
        12.4921875
      ],
      "mean_perplexity": 12.575571646341464
    },
    "invalid_examples": [
      {
        "question": "Passage: Miracle on Ice -- Of the 20 players on Team USA, 13 eventually played in the NHL. Five of them went on to play over 500 NHL games, and three would play over 1,000 NHL games.\nQuestion: did anyone from the 1980 us hockey team play in the nhl\nAnswer:",
        "response": " Miracle"
      },
      {
        "question": "Passage: Anne (TV series) -- The series is filmed partially in Prince Edward Island as well as locations in Southern Ontario (including Millbrook and Caledon).\nQuestion: is anne with an e filmed on pei\nAnswer:",
        "response": " Anne"
      },
      {
        "question": "Passage: Angular frequency -- Angular frequency (or angular speed) is the magnitude of the vector quantity angular velocity. The term angular frequency vector \u03c9 \u2192 (\\displaystyle (\\vec (\\omega ))) is sometimes used as a synonym for the vector quantity angular velocity.\nQuestion: is angular frequency and angular velocity the same\nAnswer:",
        "response": " Angular"
      },
      {
        "question": "Passage: Anna Leonowens -- She became well-known with the publication of her memoirs, beginning with The English Governess at the Siamese Court (1870), which chronicled her experiences in Siam (modern Thailand), as teacher to the children of the Siamese King Mongkut. Leonowens' own account has been fictionalised in Margaret Landon's 1944 best-selling novel Anna and the King of Siam, as well as films and television series based on the book, most notably Rodgers and Hammerstein's 1951 hit musical The King and I.\nQuestion: was the king and i based on a true story\nAnswer:",
        "response": " Anna"
      },
      {
        "question": "Passage: Ivy League -- The Ivy League is a collegiate athletic conference comprising sports teams from eight private universities in the Northeastern United States. The conference name is also commonly used to refer to those eight schools as a group beyond the sports context. The eight members are Brown University, Columbia University, Cornell University, Dartmouth College, Harvard University, the University of Pennsylvania, Princeton University, and Yale University. The term Ivy League has connotations of academic excellence, selectivity in admissions, and social elitism.\nQuestion: is george washington university an ivy league school\nAnswer:",
        "response": " Ivy"
      },
      {
        "question": "Passage: Peroxide -- Aside from hydrogen peroxide, some other major classes of peroxides are these:\nQuestion: is peroxide and hydrogen peroxide the same thing\nAnswer:",