{
  "metadata": {
    "timestamp": "20241216_141114",
    "model_name": "Qwen/Qwen2.5-14B",
    "num_pruned_layers": 42,
    "has_adapter": false,
    "task": "boolq"
  },
  "metrics": {
    "response_quality": {
      "total_responses": 3270,
      "valid_responses": 604,
      "invalid_responses": 2666,
      "invalid_percentage": 81.52905198776759
    },
    "metrics": {
      "accuracy": 0.5778145695364238,
      "evaluate_accuracy": {
        "accuracy": 0.10672782874617737
      },
      "precision": 0.6014492753623188,
      "recall": 0.9046321525885559,
      "f1": 0.7225244831338412,
      "total_evaluated": 604,
      "confusion_matrix": {
        "true_positives": 332,
        "true_negatives": 17,
        "false_positives": 220,
        "false_negatives": 35
      },
      "perplexities": [
        29408.0,
        33056.0,
        38656.0,
        35488.0,
        44480.0,
        40512.0,
        44832.0,
        36320.0,
        39584.0,
        35488.0,
        39872.0,
        33056.0,
        40192.0,
        37184.0,
        36032.0,
        36896.0,
        41472.0,
        48864.0,
        33312.0,
        33056.0,
        45920.0,
        40512.0,
        32048.0,
        54080.0,
        51200.0,
        31312.0,
        42784.0,
        32560.0,
        40512.0,
        42464.0,
        39872.0,
        40192.0,
        37760.0,
        38656.0,
        36032.0,
        36320.0,
        31552.0,
        39584.0,
        44480.0,
        40512.0,
        39264.0,
        35488.0,
        41792.0,
        41152.0,
        41472.0,
        35200.0,
        27408.0,
        39584.0,
        40512.0,
        36896.0,
        35744.0,
        44480.0,
        34656.0,
        25152.0,
        39584.0,
        40192.0,
        30576.0,
        40832.0,
        41472.0,
        52832.0,
        50432.0,
        33600.0,
        36032.0,
        36896.0,
        45536.0,
        35200.0,
        33600.0,
        35744.0,
        40192.0,
        37184.0,
        36032.0,
        51200.0,
        35200.0,
        34912.0,
        53248.0,
        39264.0,
        36032.0,
        42112.0,
        44160.0,
        30816.0,
        38976.0,
        42464.0,
        45536.0,
        46272.0,
        29408.0,
        37760.0,
        45536.0,
        43808.0,
        40512.0,
        40192.0,
        40832.0,
        38048.0,
        37184.0,
        45184.0,
        38976.0,
        24576.0,
        30576.0,
        33600.0,
        43808.0,
        39872.0,
        37184.0,
        40192.0,
        34112.0,
        47744.0,
        38368.0,
        43456.0,
        36320.0,
        41792.0,
        44832.0,
        30112.0,
        41152.0,
        43456.0,
        40832.0,
        34368.0,
        39584.0,
        52416.0,
        42112.0,
        42112.0,
        31312.0,
        41152.0,
        30816.0,
        41472.0,
        49632.0,
        51200.0,
        28960.0,
        34656.0,
        38048.0,
        30112.0,
        43136.0,
        55808.0,
        41792.0,
        32304.0,
        43136.0,
        38048.0,
        38656.0,
        48864.0,
        30336.0,
        36608.0,
        31792.0,
        39584.0,
        43808.0,
        36896.0,
        36032.0,
        36608.0,
        49632.0,
        41792.0,
        31792.0,
        47360.0,
        37760.0,
        42112.0,
        32304.0,
        42464.0,
        37760.0,
        44832.0,
        43808.0,
        40832.0,
        36896.0,
        28064.0,
        58944.0,
        35744.0,
        43456.0,
        33600.0,
        33056.0,
        47008.0,
        42464.0,
        45536.0,
        44480.0,
        32800.0,
        40192.0,
        36608.0,
        31552.0,
        36320.0,
        35200.0,
        42112.0,
        34368.0,
        43456.0,
        45536.0,
        35200.0,
        50016.0,
        53248.0,
        41152.0,
        45920.0,
        35744.0,
        48096.0,
        50016.0,
        26576.0,
        35488.0,
        36032.0,
        45920.0,
        31792.0,
        45920.0,
        38976.0,
        33056.0,
        36320.0,
        36032.0,
        47744.0,
        41472.0,
        33600.0,
        58048.0,
        41472.0,
        38368.0,
        36896.0,
        28960.0,
        28720.0,
        44480.0
      ],
      "mean_perplexity": 39399.648780487805
    },
    "invalid_examples": [
      {
        "question": "Passage: Property tax -- Property tax or 'house tax' is a local tax on buildings, along with appurtenant land. It is and imposed on the Possessor (not the custodian of property as per 1978, 44th amendment of constitution). It resembles the US-type wealth tax and differs from the excise-type UK rate. The tax power is vested in the states and is delegated to local bodies, specifying the valuation method, rate band, and collection procedures. The tax base is the annual rental value (ARV) or area-based rating. Owner-occupied and other properties not producing rent are assessed on cost and then converted into ARV by applying a percentage of cost, usually four percent. Vacant land is generally exempt. Central government properties are exempt. Instead a 'service charge' is permissible under executive order. Properties of foreign missions also enjoy tax exemption without requiring reciprocity. The tax is usually accompanied by service taxes, e.g., water tax, drainage tax, conservancy (sanitation) tax, lighting tax, all using the same tax base. The rate structure is flat on rural (panchayat) properties, but in the urban (municipal) areas it is mildly progressive with about 80% of assessments falling in the first two brackets.\nQuestion: is house tax and property tax are same\nAnswer:",
        "response": " only"
      },
      {
        "question": "Passage: Phantom pain -- Phantom pain sensations are described as perceptions that an individual experiences relating to a limb or an organ that is not physically part of the body. Limb loss is a result of either removal by amputation or congenital limb deficiency. However, phantom limb sensations can also occur following nerve avulsion or spinal cord injury.\nQuestion: is pain experienced in a missing body part or paralyzed area\nAnswer:",
        "response": " only"
      },
      {
        "question": "Passage: Barq's -- Barq's /\u02c8b\u0251\u02d0rks/ is an American soft drink. Its brand of root beer is notable for having caffeine. Barq's, created by Edward Barq and bottled since the turn of the 20th century, is owned by the Barq family but bottled by the Coca-Cola Company. It was known as Barq's Famous Olde Tyme Root Beer until 2012.\nQuestion: is barq's root beer a pepsi product\nAnswer:",
        "response": " passage"
      },
      {
        "question": "Passage: Parity (mathematics) -- In mathematics, parity is the property of an integer's inclusion in one of two categories: even or odd. An integer is even if it is evenly divisible by two and odd if it is not even. For example, 6 is even because there is no remainder when dividing it by 2. By contrast, 3, 5, 7, 21 leave a remainder of 1 when divided by 2. Examples of even numbers include \u22124, 0, 82 and 178. In particular, zero is an even number. Some examples of odd numbers are \u22125, 3, 29, and 73.\nQuestion: can an odd number be divided by an even number\nAnswer:",