{
  "metadata": {
    "timestamp": "20241216_104706",
    "model_name": "Qwen/Qwen2.5-0.5B",
    "num_pruned_layers": 0,
    "has_adapter": false,
    "task": "boolq"
  },
  "metrics": {
    "response_quality": {
      "total_responses": 3270,
      "valid_responses": 3267,
      "invalid_responses": 3,
      "invalid_percentage": 0.09174311926605505
    },
    "metrics": {
      "accuracy": 0.5644322007958371,
      "evaluate_accuracy": {
        "accuracy": 0.563914373088685
      },
      "precision": 0.6526104417670683,
      "recall": 0.6400787789266371,
      "f1": 0.6462838677603778,
      "total_evaluated": 3267,
      "confusion_matrix": {
        "true_positives": 1300,
        "true_negatives": 544,
        "false_positives": 692,
        "false_negatives": 731
      },
      "perplexities": [
        15.859375,
        15.796875,
        14.6640625,
        16.421875,
        14.5234375,
        14.15625,
        14.8125,
        14.8125,
        15.734375,
        19.09375,
        16.953125,
        15.1328125,
        17.25,
        16.90625,
        13.9375,
        13.671875,
        15.671875,
        17.6875,
        19.625,
        16.171875,
        14.640625,
        13.859375,
        14.3828125,
        12.7890625,
        19.203125,
        12.8671875,
        16.015625,
        16.421875,
        16.046875,
        18.21875,
        17.59375,
        14.5546875,
        13.484375,
        15.734375,
        16.171875,
        14.1328125,
        16.234375,
        18.328125,
        14.2421875,
        13.828125,
        12.71875,
        14.984375,
        18.984375,
        11.53125,
        14.953125,
        13.4296875,
        15.21875,
        16.296875,
        14.78125,
        14.2421875,
        13.8046875,
        15.0703125,
        13.6171875,
        16.171875,
        14.2421875,
        16.875,
        18.4375,
        17.71875,
        15.609375,
        14.9296875,
        16.328125,
        14.4375,
        14.75,
        18.390625,
        19.171875,
        14.9296875,
        13.78125,
        13.328125,
        16.359375,
        13.1484375,
        16.234375,
        17.71875,
        17.796875,
        16.015625,
        15.828125,
        17.90625,
        15.1328125,
        14.9296875,
        15.984375,
        16.875,
        14.21875,
        15.34375,
        12.3984375,
        15.609375,
        14.5234375,
        13.2265625,
        18.65625,
        22.359375,
        16.875,
        15.640625,
        16.234375,
        15.34375,
        17.109375,
        15.796875,
        13.859375,
        15.703125,
        13.046875,
        12.6171875,
        19.578125,
        17.6875,
        11.7421875,
        15.609375,
        16.140625,
        17.9375,
        13.5625,
        15.578125,
        14.4921875,
        16.140625,
        16.328125,
        14.8984375,
        11.6484375,
        15.3125,
        13.5078125,
        12.9921875,
        16.390625,
        17.96875,
        16.078125,
        16.65625,
        15.0703125,
        14.6953125,
        13.5078125,
        14.0234375,
        16.421875,
        14.1875,
        14.3515625,
        14.1015625,
        15.921875,
        15.5234375,
        18.5,
        19.5,
        17.484375,
        14.2421875,
        17.140625,
        15.578125,
        15.4296875,
        15.015625,
        14.8125,
        14.8125,
        15.828125,
        12.6640625,
        17.21875,
        16.421875,
        16.984375,
        12.8203125,
        16.421875,
        15.953125,
        14.8125,
        17.140625,
        15.578125,
        19.421875,
        16.625,
        16.71875,
        15.4921875,
        17.765625,
        18.109375,
        12.0390625,
        16.875,
        13.5390625,
        14.8125,
        17.9375,
        15.671875,
        13.015625,
        13.484375,
        15.609375,
        19.8125,
        16.140625,
        20.046875,
        16.953125,
        15.1640625,
        16.75,
        16.046875,
        13.2265625,
        14.2734375,
        16.78125,
        18.546875,
        16.6875,
        14.046875,
        16.234375,
        16.90625,
        13.6171875,
        19.28125,
        18.765625,
        13.4609375,
        12.8203125,
        18.828125,
        17.796875,
        17.484375,
        13.0703125,
        16.078125,
        14.046875,
        16.59375,
        14.984375,
        16.71875,
        12.5703125,
        14.0234375,
        12.7421875,
        15.890625,
        11.3125,
        16.328125,
        17.625,
        14.3828125,
        18.359375,
        13.2734375,
        13.484375,
        15.1328125
      ],
      "mean_perplexity": 15.632583841463415
    },
    "invalid_examples": [
      {
        "question": "Passage: Pickled cucumber -- A pickled cucumber (commonly known as a pickle in the United States and Canada and a gherkin in Britain, Ireland, Australia, South Africa and New Zealand) is a cucumber that has been pickled in a brine, vinegar, or other solution and left to ferment for a period of time, by either immersing the cucumbers in an acidic solution or through souring by lacto-fermentation. Pickled cucumbers are often part of mixed pickles.\nQuestion: is a pickle and a gherkin the same thing\nAnswer:",
        "response": " Pick"
      },
      {
        "question": "Passage: Perspiration -- Perspiration, also known as sweating, is the production of fluids secreted by the sweat glands in the skin of mammals.\nQuestion: is there a difference between sweating and perspiring\nAnswer:",
        "response": " Pers"
      },
      {
        "question": "Passage: Wally West -- Wally West is a fictional superhero that appears in American comic books published by DC Comics. He is the third Flash and the first Kid Flash. His power consists mainly of superhuman speed. He made his first appearance as the Kid Flash in the Flash #110 in 1959. Barry Allen dies in the crossover Crisis on Infinite Earths #8 (Nov. 1985), and Wally took up the mantle of the Flash in Crisis on Infinite Earths #12 (Mar. 1986), holding that role until 2009 in DC's main lineup. His physical appearance is generally a redhead with green eyes, and is generally portrayed with a lighthearted, comic, and caring personality. Wally has an important role as the Flash in DC Rebirth (2016).\nQuestion: does wally west have powers in the flash\nAnswer:",
        "response": " W"
      }
    ]
  }
}