{
  "metadata": {
    "timestamp": "20241216_112953",
    "model_name": "Qwen/Qwen2.5-7B",
    "num_pruned_layers": 10,
    "has_adapter": false,
    "task": "boolq"
  },
  "metrics": {
    "response_quality": {
      "total_responses": 3270,
      "valid_responses": 2984,
      "invalid_responses": 286,
      "invalid_percentage": 8.74617737003058
    },
    "metrics": {
      "accuracy": 0.6219839142091153,
      "evaluate_accuracy": {
        "accuracy": 0.5675840978593272
      },
      "precision": 0.6241995281429052,
      "recall": 0.9930294906166219,
      "f1": 0.7665562913907283,
      "total_evaluated": 2984,
      "confusion_matrix": {
        "true_positives": 1852,
        "true_negatives": 4,
        "false_positives": 1115,
        "false_negatives": 13
      },
      "perplexities": [
        35.75,
        32.65625,
        29.796875,
        36.15625,
        32.59375,
        28.9375,
        35.125,
        33.1875,
        35.25,
        42.53125,
        37.21875,
        33.25,
        35.59375,
        34.09375,
        35.59375,
        31.84375,
        32.65625,
        39.40625,
        39.46875,
        38.875,
        34.4375,
        31.46875,
        33.5,
        31.84375,
        40.03125,
        30.328125,
        36.15625,
        39.46875,
        31.71875,
        39.9375,
        35.9375,
        30.8125,
        33.4375,
        37.09375,
        37.96875,
        31.234375,
        35.53125,
        38.03125,
        34.5,
        34.5625,
        29.0,
        32.15625,
        43.6875,
        30.625,
        35.125,
        30.328125,
        32.46875,
        38.1875,
        31.296875,
        31.65625,
        30.625,
        34.78125,
        33.25,
        34.09375,
        33.4375,
        38.5,
        39.09375,
        38.78125,
        35.65625,
        31.53125,
        36.5,
        31.109375,
        33.78125,
        41.21875,
        42.59375,
        34.5,
        33.3125,
        32.71875,
        40.8125,
        29.5625,
        37.75,
        40.25,
        39.1875,
        34.21875,
        37.53125,
        39.09375,
        35.53125,
        32.40625,
        36.03125,
        38.9375,
        38.5625,
        35.9375,
        32.71875,
        36.03125,
        30.09375,
        33.90625,
        39.25,
        43.1875,
        38.78125,
        40.65625,
        36.09375,
        33.375,
        36.71875,
        33.125,
        32.03125,
        34.03125,
        30.625,
        28.9375,
        38.71875,
        36.875,
        27.03125,
        34.96875,
        32.53125,
        38.625,
        31.90625,
        34.3125,
        33.6875,
        34.71875,
        36.5,
        31.96875,
        27.828125,
        32.40625,
        30.859375,
        27.03125,
        38.1875,
        40.71875,
        34.09375,
        38.1875,
        32.9375,
        34.90625,
        30.859375,
        32.34375,
        37.53125,
        33.5625,
        32.03125,
        30.09375,
        34.21875,
        32.59375,
        39.46875,
        43.53125,
        38.5,
        32.9375,
        38.71875,
        33.25,
        34.96875,
        35.25,
        31.59375,
        34.03125,
        31.359375,
        32.34375,
        35.03125,
        36.59375,
        36.9375,
        31.59375,
        37.96875,
        37.0,
        33.5625,
        39.03125,
        35.46875,
        37.53125,
        39.3125,
        36.71875,
        34.625,
        41.375,
        42.28125,
        31.046875,
        34.21875,
        28.765625,
        31.109375,
        38.1875,
        38.9375,
        27.140625,
        35.03125,
        37.375,
        43.1875,
        34.375,
        41.78125,
        35.53125,
        34.4375,
        35.25,
        33.5625,
        33.125,
        30.15625,
        34.03125,
        40.71875,
        35.25,
        32.65625,
        37.3125,
        36.65625,
        29.109375,
        40.40625,
        39.625,
        33.0,
        33.5,
        38.71875,
        38.78125,
        37.21875,
        31.359375,
        36.5,
        32.9375,
        36.15625,
        32.84375,
        38.125,
        35.59375,
        29.171875,
        31.421875,
        35.875,
        28.328125,
        35.59375,
        38.9375,
        32.15625,
        34.96875,
        33.125,
        30.5,
        35.9375
      ],
      "mean_perplexity": 35.00647865853659
    },
    "invalid_examples": [
      {
        "question": "Passage: Barq's -- Barq's /\u02c8b\u0251\u02d0rks/ is an American soft drink. Its brand of root beer is notable for having caffeine. Barq's, created by Edward Barq and bottled since the turn of the 20th century, is owned by the Barq family but bottled by the Coca-Cola Company. It was known as Barq's Famous Olde Tyme Root Beer until 2012.\nQuestion: is barq's root beer a pepsi product\nAnswer:",
        "response": " Bar"
      },
      {
        "question": "Passage: Shower gel -- Shower gels for men may contain the ingredient menthol, which gives a cooling and stimulating sensation on the skin, and some men's shower gels are also designed specifically for use on hair and body. Shower gels contain milder surfactant bases than shampoos, and some also contain gentle conditioning agents in the formula. This means that shower gels can also double as an effective and perfectly acceptable substitute to shampoo, even if they are not labelled as a hair and body wash. Washing hair with shower gel should give approximately the same result as using a moisturising shampoo.\nQuestion: is it bad to wash your hair with shower gel\nAnswer:",
        "response": " you"
      },
      {
        "question": "Passage: Magnesium citrate -- Magnesium citrate is a magnesium preparation in salt form with citric acid in a 1:1 ratio (1 magnesium atom per citrate molecule). The name ``magnesium citrate'' is ambiguous and sometimes may refer to other salts such as trimagnesium citrate which has a magnesium:citrate ratio of 3:2.\nQuestion: does magnesium citrate have citric acid in it\nAnswer:",
        "response": " Magn"
      },
      {
        "question": "Passage: Feather -- Contour feathers are not uniformly distributed on the skin of the bird except in some groups such as the penguins, ratites and screamers. In most birds the feathers grow from specific tracts of skin called pterylae; between the pterylae there are regions which are free of feathers called apterylae (or apteria). Filoplumes and down may arise from the apterylae. The arrangement of these feather tracts, pterylosis or pterylography, varies across bird families and has been used in the past as a means for determining the evolutionary relationships of bird families.\nQuestion: do penguins have feathers arising from the epidermis\nAnswer:",
        "response": " p"
      },
      {
        "question": "Passage: Bunk'd -- The series was renewed for a third season by Disney Channel on August 31, 2017. On June 1, 2018, it was announced that Peyton List, Karan Brar, Skai Jackson, and Miranda May would be returning for the third season and that Raphael Alejandro, Will Buie Jr., and Mallory Mahoney would be joining the cast. The third season premiered on Disney Channel on June 18, 2018. In March 2018, actress Skai Jackson stated in an interview that she was leaving Disney and that Bunk'd would end with the third season.\nQuestion: is this the last season of bunk'd\nAnswer:",
        "response": " B"
      },
      {
        "question": "Passage: Angular frequency -- Angular frequency (or angular speed) is the magnitude of the vector quantity angular velocity. The term angular frequency vector \u03c9 \u2192 (\\displaystyle (\\vec (\\omega ))) is sometimes used as a synonym for the vector quantity angular velocity.\nQuestion: is angular frequency and angular velocity the same\nAnswer:",