{
  "metadata": {
    "timestamp": "20241216_105224",
    "model_name": "Qwen/Qwen2.5-0.5B",
    "num_pruned_layers": 9,
    "has_adapter": false,
    "task": "boolq"
  },
  "metrics": {
    "response_quality": {
      "total_responses": 3270,
      "valid_responses": 2700,
      "invalid_responses": 570,
      "invalid_percentage": 17.431192660550458
    },
    "metrics": {
      "accuracy": 0.6122222222222222,
      "evaluate_accuracy": {
        "accuracy": 0.5055045871559632
      },
      "precision": 0.617624810892587,
      "recall": 0.9784301977231875,
      "f1": 0.7572455367493625,
      "total_evaluated": 2700,
      "confusion_matrix": {
        "true_positives": 1633,
        "true_negatives": 20,
        "false_positives": 1011,
        "false_negatives": 36
      },
      "perplexities": [
        70.9375,
        65.375,
        64.5625,
        70.9375,
        64.3125,
        58.125,
        63.34375,
        66.625,
        65.625,
        83.5625,
        76.6875,
        64.0625,
        64.8125,
        70.375,
        68.75,
        68.1875,
        65.875,
        77.875,
        72.3125,
        74.3125,
        73.1875,
        62.59375,
        61.625,
        59.5,
        80.6875,
        56.78125,
        77.3125,
        63.34375,
        63.84375,
        78.1875,
        74.9375,
        63.34375,
        65.0625,
        74.3125,
        77.875,
        67.9375,
        65.375,
        80.375,
        74.3125,
        64.5625,
        54.1875,
        65.625,
        88.9375,
        61.375,
        68.75,
        70.375,
        64.5625,
        72.625,
        62.59375,
        61.875,
        65.375,
        69.5625,
        65.875,
        62.59375,
        69.8125,
        77.3125,
        75.5,
        84.875,
        66.875,
        67.4375,
        77.3125,
        62.34375,
        63.59375,
        75.1875,
        89.3125,
        71.1875,
        62.84375,
        62.59375,
        75.5,
        58.5625,
        77.0,
        88.25,
        83.5625,
        58.8125,
        73.1875,
        84.25,
        64.3125,
        63.84375,
        72.625,
        71.75,
        66.875,
        75.1875,
        60.4375,
        66.875,
        61.625,
        63.09375,
        77.625,
        94.3125,
        81.0,
        72.0625,
        65.875,
        67.1875,
        74.9375,
        83.5625,
        68.1875,
        63.34375,
        52.71875,
        59.96875,
        93.625,
        84.5625,
        52.59375,
        74.9375,
        67.9375,
        78.8125,
        65.0625,
        64.3125,
        65.375,
        71.75,
        73.75,
        64.3125,
        57.4375,
        65.625,
        57.0,
        59.71875,
        74.9375,
        93.25,
        70.375,
        77.875,
        70.375,
        68.1875,
        60.65625,
        72.3125,
        76.375,
        70.9375,
        65.375,
        63.84375,
        73.5,
        65.625,
        77.3125,
        88.25,
        81.0,
        62.84375,
        76.375,
        72.0625,
        70.125,
        73.5,
        58.5625,
        64.5625,
        58.34375,
        66.625,
        72.0625,
        68.75,
        67.1875,
        55.90625,
        75.8125,
        83.25,
        69.3125,
        76.6875,
        72.0625,
        83.25,
        69.5625,
        69.8125,
        63.34375,
        78.5,
        75.1875,
        66.375,
        65.875,
        55.46875,
        70.375,
        71.75,
        73.75,
        55.90625,
        59.71875,
        76.6875,
        86.25,
        75.1875,
        91.0625,
        70.375,
        68.1875,
        66.375,
        70.125,
        61.625,
        59.03125,
        72.875,
        82.625,
        70.375,
        63.59375,
        79.125,
        76.125,
        60.4375,
        79.75,
        78.1875,
        62.125,
        55.6875,
        87.5625,
        71.5,
        73.75,
        56.5625,
        74.3125,
        62.84375,
        81.3125,
        72.875,
        71.75,
        61.875,
        60.1875,
        72.625,
        79.4375,
        55.25,
        76.375,
        84.875,
        63.59375,
        72.875,
        60.1875,
        54.28125,
        58.8125
      ],
      "mean_perplexity": 69.93856707317073
    },
    "invalid_examples": [
      {
        "question": "Passage: Harry Potter and the Escape from Gringotts -- Harry Potter and the Escape from Gringotts is an indoor steel roller coaster at Universal Studios Florida, a theme park located within the Universal Orlando Resort. Similar to dark rides, the roller coaster utilizes special effects in a controlled-lighting environment and also employs motion-based 3-D projection of both animation and live-action sequences to enhance the experience. The ride, which is themed to the Gringotts Wizarding Bank, became the flagship attraction for the expanded Wizarding World of Harry Potter when it opened on July 8, 2014.\nQuestion: is harry potter and the escape from gringotts a roller coaster ride\nAnswer:",
        "response": " Harry"
      },
      {
        "question": "Passage: Hydroxyzine -- Hydroxyzine preparations require a doctor's prescription. The drug is available in two formulations, the pamoate and the dihydrochloride or hydrochloride salts. Vistaril, Equipose, Masmoran, and Paxistil are preparations of the pamoate salt, while Atarax, Alamon, Aterax, Durrax, Tran-Q, Orgatrax, Quiess, and Tranquizine are of the hydrochloride salt.\nQuestion: is there a difference between hydroxyzine hcl and hydroxyzine pam\nAnswer:",
        "response": " Hydro"
      },
      {
        "question": "Passage: American entry into Canada by land -- Persons driving into Canada must have their vehicle's registration document and proof of insurance.\nQuestion: can u drive in canada with us license\nAnswer:",
        "response": " Canada"
      },
      {
        "question": "Passage: Indiana Jones and the Temple of Doom -- Indiana Jones and the Temple of Doom is a 1984 American action-adventure film directed by Steven Spielberg. It is the second installment in the Indiana Jones franchise and a prequel to the 1981 film Raiders of the Lost Ark, featuring Harrison Ford reprising his role as the title character. After arriving in North India, Indiana Jones is asked by desperate villagers to find a mystical stone and rescue their children from a Thuggee cult practicing child slavery, black magic and ritual human sacrifice in honor of the goddess Kali.\nQuestion: is indiana jones temple of doom a prequel\nAnswer:",
        "response": " Indiana"
      },
      {
        "question": "Passage: Untitled Avengers film -- The untitled Avengers film, colloquially referred to as Avengers 4, is an upcoming American superhero film based on the Marvel Comics superhero team the Avengers, produced by Marvel Studios and distributed by Walt Disney Studios Motion Pictures. It is intended to be the direct sequel to 2018's Avengers: Infinity War, as well as the sequel to 2012's Marvel's The Avengers and 2015's Avengers: Age of Ultron and the twenty-second film in the Marvel Cinematic Universe (MCU). The film is directed by Anthony and Joe Russo, with a screenplay by the writing team of Christopher Markus and Stephen McFeely, and features an ensemble cast with many actors from previous MCU films.\nQuestion: is there any next part of avengers infinity war\nAnswer:",