{
  "metadata": {
    "timestamp": "20241216_140102",
    "model_name": "Qwen/Qwen2.5-14B",
    "num_pruned_layers": 32,
    "has_adapter": false,
    "task": "boolq"
  },
  "metrics": {
    "response_quality": {
      "total_responses": 3270,
      "valid_responses": 2981,
      "invalid_responses": 289,
      "invalid_percentage": 8.837920489296636
    },
    "metrics": {
      "accuracy": 0.6202616571620262,
      "evaluate_accuracy": {
        "accuracy": 0.5654434250764526
      },
      "precision": 0.6201342281879194,
      "recall": 1.0,
      "f1": 0.7655343827671913,
      "total_evaluated": 2981,
      "confusion_matrix": {
        "true_positives": 1848,
        "true_negatives": 1,
        "false_positives": 1132,
        "false_negatives": 0
      },
      "perplexities": [
        1794.0,
        1719.0,
        1801.0,
        1565.0,
        2404.0,
        1659.0,
        1970.0,
        1705.0,
        1858.0,
        2114.0,
        2025.0,
        1773.0,
        1589.0,
        2056.0,
        1895.0,
        1627.0,
        2424.0,
        2025.0,
        2025.0,
        2216.0,
        2033.0,
        1517.0,
        1692.0,
        2090.0,
        1692.0,
        1752.0,
        2130.0,
        1780.0,
        1746.0,
        2114.0,
        1837.0,
        1583.0,
        1873.0,
        2106.0,
        2064.0,
        1858.0,
        1534.0,
        1880.0,
        1955.0,
        1844.0,
        2025.0,
        1725.0,
        2082.0,
        1808.0,
        1794.0,
        1801.0,
        1773.0,
        1787.0,
        1646.0,
        1787.0,
        1808.0,
        1910.0,
        1565.0,
        1540.0,
        2041.0,
        2172.0,
        2122.0,
        1873.0,
        1653.0,
        2376.0,
        1963.0,
        1902.0,
        2064.0,
        2164.0,
        2041.0,
        1787.0,
        1815.0,
        2033.0,
        1970.0,
        1614.0,
        2122.0,
        2472.0,
        2452.0,
        1621.0,
        2072.0,
        2048.0,
        1787.0,
        1858.0,
        2216.0,
        2090.0,
        1851.0,
        2106.0,
        1902.0,
        1627.0,
        1359.0,
        2017.0,
        1963.0,
        2386.0,
        2232.0,
        1822.0,
        2148.0,
        1759.0,
        2258.0,
        2386.0,
        1725.0,
        1746.0,
        1517.0,
        1659.0,
        1902.0,
        2724.0,
        1414.0,
        2114.0,
        1719.0,
        1679.0,
        2250.0,
        1705.0,
        1719.0,
        1963.0,
        2156.0,
        1640.0,
        1932.0,
        1940.0,
        1528.0,
        2180.0,
        1947.0,
        2550.0,
        2358.0,
        1978.0,
        1528.0,
        2106.0,
        1436.0,
        2224.0,
        2130.0,
        1955.0,
        1621.0,
        1602.0,
        1873.0,
        1902.0,
        2368.0,
        2490.0,
        1970.0,
        1487.0,
        1880.0,
        2056.0,
        2025.0,
        1932.0,
        1547.0,
        2114.0,
        1685.0,
        2090.0,
        1880.0,
        2056.0,
        1766.0,
        1565.0,
        1685.0,
        2472.0,
        1801.0,
        2106.0,
        2330.0,
        2017.0,
        1464.0,
        1865.0,
        1441.0,
        2072.0,
        1815.0,
        2025.0,
        1815.0,
        1481.0,
        2242.0,
        2286.0,
        1679.0,
        1608.0,
        1499.0,
        2472.0,
        2033.0,
        2386.0,
        2114.0,
        1705.0,
        2033.0,
        1505.0,
        1633.0,
        1858.0,
        2190.0,
        2056.0,
        2148.0,
        1752.0,
        2424.0,
        1692.0,
        2025.0,
        1947.0,
        2276.0,
        1794.0,
        1499.0,
        1746.0,
        1773.0,
        1571.0,
        1732.0,
        1583.0,
        2064.0,
        1621.0,
        2009.0,
        1986.0,
        2025.0,
        1910.0,
        1540.0,
        2368.0,
        2114.0,
        1505.0,
        2206.0,
        2414.0,
        1925.0,
        1837.0,
        1692.0,
        1822.0,
        1822.0
      ],
      "mean_perplexity": 1913.9609756097561
    },
    "invalid_examples": [
      {
        "question": "Passage: Ethanol fuel -- All biomass goes through at least some of these steps: it needs to be grown, collected, dried, fermented, distilled, and burned. All of these steps require resources and an infrastructure. The total amount of energy input into the process compared to the energy released by burning the resulting ethanol fuel is known as the energy balance (or ``energy returned on energy invested''). Figures compiled in a 2007 report by National Geographic Magazine point to modest results for corn ethanol produced in the US: one unit of fossil-fuel energy is required to create 1.3 energy units from the resulting ethanol. The energy balance for sugarcane ethanol produced in Brazil is more favorable, with one unit of fossil-fuel energy required to create 8 from the ethanol. Energy balance estimates are not easily produced, thus numerous such reports have been generated that are contradictory. For instance, a separate survey reports that production of ethanol from sugarcane, which requires a tropical climate to grow productively, returns from 8 to 9 units of energy for each unit expended, as compared to corn, which only returns about 1.34 units of fuel energy for each unit of energy expended. A 2006 University of California Berkeley study, after analyzing six separate studies, concluded that producing ethanol from corn uses much less petroleum than producing gasoline.\nQuestion: does ethanol take more energy make that produces\nAnswer:",
        "response": "."
      },
      {
        "question": "Passage: Hydroxyzine -- Hydroxyzine preparations require a doctor's prescription. The drug is available in two formulations, the pamoate and the dihydrochloride or hydrochloride salts. Vistaril, Equipose, Masmoran, and Paxistil are preparations of the pamoate salt, while Atarax, Alamon, Aterax, Durrax, Tran-Q, Orgatrax, Quiess, and Tranquizine are of the hydrochloride salt.\nQuestion: is there a difference between hydroxyzine hcl and hydroxyzine pam\nAnswer:",
        "response": ","
      },
      {
        "question": "Passage: Excretory system -- The liver detoxifies and breaks down chemicals, poisons and other toxins that enter the body. For example, the liver transforms ammonia (which is poisonous) into urea in fish, amphibians and mammals, and into uric acid in birds and reptiles. Urea is filtered by the kidney into urine or through the gills in fish and tadpoles. Uric acid is paste-like and expelled as a semi-solid waste (the ``white'' in bird excrements). The liver also produces bile, and the body uses bile to break down fats into usable fats and unusable waste.\nQuestion: is the liver part of the excretory system\nAnswer:",
        "response": ","
      },
      {
        "question": "Passage: Russell Group -- In March 2012 it was announced that four universities -- Durham, Exeter, Queen Mary University of London; and York -- would become members of the Russell Group in August of the same year. All of the new members had previously been members of the 1994 Group of British universities.\nQuestion: is durham university part of the russell group\nAnswer:",
        "response": ","
      },
      {
        "question": "Passage: Tomato pur\u00e9e -- Tomato pur\u00e9e is a thick liquid made by cooking and straining tomatoes. The difference between tomato paste, tomato pur\u00e9e, and tomato sauce is consistency; tomato puree has a thicker consistency and a deeper flavour than sauce.\nQuestion: is pureed tomatoes the same as tomato sauce\nAnswer:",