{
  "metadata": {
    "timestamp": "20241216_131422",
    "model_name": "Qwen/Qwen2.5-14B",
    "num_pruned_layers": 9,
    "has_adapter": true,
    "task": "boolq"
  },
  "metrics": {
    "response_quality": {
      "total_responses": 3270,
      "valid_responses": 3266,
      "invalid_responses": 4,
      "invalid_percentage": 0.12232415902140673
    },
    "metrics": {
      "accuracy": 0.6322718922229026,
      "evaluate_accuracy": {
        "accuracy": 0.6314984709480123
      },
      "precision": 0.6283679157633942,
      "recall": 0.9995073891625615,
      "f1": 0.7716295873740255,
      "total_evaluated": 3266,
      "confusion_matrix": {
        "true_positives": 2029,
        "true_negatives": 36,
        "false_positives": 1200,
        "false_negatives": 1
      },
      "perplexities": [
        10.4375,
        10.1796875,
        9.3203125,
        10.7734375,
        9.4296875,
        9.0859375,
        9.546875,
        9.75,
        10.3203125,
        11.1171875,
        10.6640625,
        10.15625,
        11.375,
        10.3828125,
        9.0546875,
        8.9453125,
        10.1015625,
        11.9921875,
        11.1796875,
        10.0234375,
        9.375,
        9.484375,
        9.3203125,
        8.5390625,
        12.375,
        8.375,
        9.7734375,
        11.03125,
        10.1953125,
        11.71875,
        10.625,
        9.34375,
        8.9453125,
        9.9609375,
        10.4609375,
        9.1796875,
        9.8828125,
        11.921875,
        9.9609375,
        9.0703125,
        8.1953125,
        9.578125,
        11.4453125,
        8.0078125,
        10.0625,
        8.5859375,
        10.140625,
        10.5625,
        9.75,
        9.265625,
        9.359375,
        9.5625,
        9.015625,
        10.21875,
        10.0234375,
        10.296875,
        11.203125,
        11.1328125,
        10.2421875,
        9.65625,
        9.84375,
        9.34375,
        9.6171875,
        11.1796875,
        11.828125,
        9.109375,
        9.109375,
        8.9296875,
        10.9609375,
        8.6875,
        10.359375,
        10.9453125,
        10.8125,
        10.1796875,
        9.7734375,
        11.2265625,
        9.734375,
        10.1015625,
        10.6640625,
        10.8984375,
        9.109375,
        9.671875,
        8.484375,
        10.0234375,
        9.4140625,
        9.15625,
        11.2890625,
        13.8828125,
        10.7109375,
        10.1796875,
        10.3828125,
        9.9609375,
        11.421875,
        10.078125,
        9.4140625,
        10.0234375,
        8.6015625,
        8.65625,
        11.5078125,
        10.625,
        8.2734375,
        9.828125,
        10.15625,
        11.4453125,
        9.140625,
        10.359375,
        9.5078125,
        10.3203125,
        10.0234375,
        9.7890625,
        7.8203125,
        10.0,
        8.9140625,
        8.7265625,
        10.6015625,
        11.2265625,
        10.859375,
        10.796875,
        10.1015625,
        9.5234375,
        8.7578125,
        9.453125,
        11.1796875,
        9.734375,
        9.015625,
        8.9296875,
        10.3359375,
        10.3359375,
        11.4921875,
        12.1796875,
        10.8125,
        9.546875,
        10.75,
        9.4140625,
        10.421875,
        9.484375,
        9.5078125,
        9.9609375,
        10.15625,
        8.6875,
        11.3125,
        10.140625,
        11.03125,
        9.1953125,
        10.8125,
        9.84375,
        9.7109375,
        10.9453125,
        9.34375,
        12.0625,
        10.875,
        10.6875,
        10.21875,
        11.375,
        11.5546875,
        8.3046875,
        10.8359375,
        8.640625,
        9.4140625,
        10.7734375,
        10.3984375,
        8.7265625,
        8.7421875,
        9.9453125,
        11.96875,
        9.5625,
        12.6171875,
        10.6875,
        9.8671875,
        10.3828125,
        10.4609375,
        9.109375,
        9.546875,
        10.6484375,
        10.9609375,
        10.5859375,
        9.0,
        10.5625,
        10.1796875,
        9.5625,
        11.7421875,
        12.1328125,
        8.5546875,
        8.875,
        10.7734375,
        11.0703125,
        10.6640625,
        8.96875,
        10.546875,
        9.234375,
        10.359375,
        9.265625,
        10.796875,
        8.640625,
        8.8125,
        8.453125,
        10.21875,
        7.91015625,
        10.359375,
        11.46875,
        9.265625,
        11.6953125,
        8.96875,
        9.0,
        9.8046875
      ],
      "mean_perplexity": 10.055240091463414
    },
    "invalid_examples": [
      {
        "question": "Passage: Anna Leonowens -- She became well-known with the publication of her memoirs, beginning with The English Governess at the Siamese Court (1870), which chronicled her experiences in Siam (modern Thailand), as teacher to the children of the Siamese King Mongkut. Leonowens' own account has been fictionalised in Margaret Landon's 1944 best-selling novel Anna and the King of Siam, as well as films and television series based on the book, most notably Rodgers and Hammerstein's 1951 hit musical The King and I.\nQuestion: was the king and i based on a true story\nAnswer:",
        "response": " Anna"
      },
      {
        "question": "Passage: Boom Gaspar -- Kenneth E. Gaspar (born February 3, 1953), more commonly known as Boom Gaspar, is an American musician who has performed with the American rock band Pearl Jam as a piano/keyboard/organ player since 2002.\nQuestion: is boom gaspar a member of pearl jam\nAnswer:",
        "response": " Boom"
      },
      {
        "question": "Passage: Dame -- Dame is an honorific title and the feminine form of address for the honour of knighthood in the British honours system and the systems of several other Commonwealth countries, such as Australia and New Zealand, with the masculine form of address being Sir. The word damehood is rarely used, but the official website of the British monarchy uses it as the correct term.\nQuestion: is a dame the same as a knight\nAnswer:",
        "response": " Dame"
      },
      {
        "question": "Passage: Nacho Varga -- Nacho did not appear in Breaking Bad, but is named in the second season episode ``Better Call Saul'', the same episode that introduced Saul Goodman. In the episode ``Better Call Saul'', Walter White and Jesse Pinkman threaten Saul at gunpoint into representing Badger after Badger is arrested for selling drugs. Unaware who his captors are, Saul tries to pin some type of blame on ``Ignacio'', who is later confirmed by producers to be the same person as the character Nacho Varga who appears in the series Better Call Saul.\nQuestion: is nacho from better call saul in breaking bad\nAnswer:",
        "response": " Nach"
      }
    ]
  }
}