{
  "metadata": {
    "timestamp": "20241216_132452",
    "model_name": "Qwen/Qwen2.5-14B",
    "num_pruned_layers": 13,
    "has_adapter": true,
    "task": "boolq"
  },
  "metrics": {
    "response_quality": {
      "total_responses": 3270,
      "valid_responses": 3184,
      "invalid_responses": 86,
      "invalid_percentage": 2.6299694189602447
    },
    "metrics": {
      "accuracy": 0.6199748743718593,
      "evaluate_accuracy": {
        "accuracy": 0.6036697247706422
      },
      "precision": 0.6205595724614901,
      "recall": 0.9984825493171472,
      "f1": 0.765412950756107,
      "total_evaluated": 3184,
      "confusion_matrix": {
        "true_positives": 1974,
        "true_negatives": 0,
        "false_positives": 1207,
        "false_negatives": 3
      },
      "perplexities": [
        12.3515625,
        11.578125,
        10.875,
        12.328125,
        11.0078125,
        10.421875,
        11.203125,
        11.1328125,
        12.1328125,
        12.9140625,
        12.0859375,
        11.4921875,
        13.015625,
        12.0625,
        10.6875,
        10.5,
        11.3984375,
        13.75,
        13.046875,
        11.875,
        10.921875,
        11.0703125,
        11.0078125,
        9.84375,
        14.1875,
        9.6015625,
        11.46875,
        12.4921875,
        11.921875,
        13.7265625,
        12.5234375,
        10.7265625,
        10.421875,
        11.3125,
        12.328125,
        10.5234375,
        11.375,
        13.5390625,
        11.5546875,
        10.3359375,
        9.5625,
        10.8125,
        13.015625,
        9.375,
        11.7421875,
        9.6171875,
        11.828125,
        12.3515625,
        11.09375,
        10.546875,
        10.984375,
        11.1171875,
        10.5234375,
        11.8046875,
        11.6953125,
        12.0390625,
        13.046875,
        13.1953125,
        11.671875,
        11.1328125,
        11.53125,
        10.5859375,
        10.9609375,
        13.046875,
        13.671875,
        10.5859375,
        10.625,
        10.3359375,
        12.3046875,
        10.1796875,
        12.015625,
        12.640625,
        12.3984375,
        11.828125,
        11.4921875,
        12.765625,
        11.203125,
        11.3515625,
        12.0390625,
        12.5234375,
        10.4609375,
        11.2890625,
        9.84375,
        11.6015625,
        10.9609375,
        10.921875,
        13.3515625,
        15.703125,
        12.5703125,
        11.8984375,
        11.8046875,
        11.578125,
        13.2734375,
        12.328125,
        11.0703125,
        11.7421875,
        9.7109375,
        10.0625,
        13.5078125,
        12.6171875,
        9.7109375,
        11.421875,
        11.625,
        12.9921875,
        10.625,
        11.78125,
        10.9609375,
        12.203125,
        11.5546875,
        11.2890625,
        9.015625,
        11.421875,
        10.3203125,
        9.7734375,
        12.375,
        13.484375,
        12.5703125,
        12.3984375,
        11.5078125,
        10.9453125,
        10.140625,
        10.796875,
        12.84375,
        11.421875,
        10.6640625,
        10.421875,
        11.875,
        11.6953125,
        13.1953125,
        14.328125,
        12.9453125,
        11.3125,
        12.6953125,
        11.03125,
        12.3515625,
        11.09375,
        10.9609375,
        11.46875,
        11.6015625,
        10.21875,
        12.84375,
        11.7421875,
        12.890625,
        10.6015625,
        12.4453125,
        11.265625,
        11.2890625,
        12.46875,
        10.6640625,
        13.59375,
        12.46875,
        12.1796875,
        11.8515625,
        13.3046875,
        13.5078125,
        9.578125,
        12.203125,
        10.1171875,
        10.984375,
        12.59375,
        12.203125,
        10.21875,
        10.1171875,
        11.6953125,
        13.9921875,
        11.1171875,
        14.3828125,
        12.15625,
        11.2890625,
        11.7578125,
        11.875,
        10.6875,
        11.046875,
        12.2578125,
        13.0703125,
        12.203125,
        10.5859375,
        12.015625,
        11.875,
        10.984375,
        13.8046875,
        13.8828125,
        9.640625,
        10.0625,
        12.8671875,
        12.9453125,
        12.28125,
        10.3984375,
        12.109375,
        10.859375,
        11.96875,
        10.796875,
        12.5234375,
        10.28125,
        10.0390625,
        10.1796875,
        11.828125,
        8.9140625,
        11.8515625,
        13.3046875,
        10.796875,
        13.1953125,
        10.4375,
        10.359375,
        11.625
      ],
      "mean_perplexity": 11.640967987804878
    },