{
  "metadata": {
    "timestamp": "20241216_131943",
    "model_name": "Qwen/Qwen2.5-14B",
    "num_pruned_layers": 13,
    "has_adapter": false,
    "task": "boolq"
  },
  "metrics": {
    "response_quality": {
      "total_responses": 3270,
      "valid_responses": 3150,
      "invalid_responses": 120,
      "invalid_percentage": 3.669724770642202
    },
    "metrics": {
      "accuracy": 0.6222222222222222,
      "evaluate_accuracy": {
        "accuracy": 0.599388379204893
      },
      "precision": 0.622299872935197,
      "recall": 0.9994897959183674,
      "f1": 0.7670321064996086,
      "total_evaluated": 3150,
      "confusion_matrix": {
        "true_positives": 1959,
        "true_negatives": 1,
        "false_positives": 1189,
        "false_negatives": 1
      },
      "perplexities": [
        32.78125,
        30.15625,
        32.21875,
        36.3125,
        31.046875,
        28.15625,
        31.59375,
        29.625,
        33.3125,
        38.125,
        34.625,
        29.515625,
        34.375,
        31.59375,
        33.0625,
        29.75,
        30.625,
        36.8125,
        33.125,
        33.6875,
        32.21875,
        29.453125,
        29.390625,
        29.390625,
        36.21875,
        25.296875,
        36.8125,
        32.78125,
        31.171875,
        38.40625,
        33.78125,
        27.140625,
        31.234375,
        32.21875,
        33.3125,
        30.8125,
        30.5625,
        34.90625,
        33.25,
        30.09375,
        27.828125,
        29.96875,
        36.21875,
        26.96875,
        33.625,
        27.71875,
        29.96875,
        34.375,
        26.96875,
        29.75,
        31.296875,
        31.109375,
        28.484375,
        28.4375,
        33.625,
        33.5,
        33.0,
        37.21875,
        32.59375,
        33.3125,
        35.46875,
        29.796875,
        30.5625,
        35.75,
        40.1875,
        33.0,
        31.046875,
        29.21875,
        37.15625,
        26.8125,
        38.5,
        37.65625,
        36.4375,
        29.046875,
        34.09375,
        33.84375,
        31.109375,
        31.421875,
        34.96875,
        35.59375,
        29.75,
        34.71875,
        29.21875,
        34.15625,
        27.9375,
        33.3125,
        35.125,
        42.59375,
        34.03125,
        31.96875,
        31.171875,
        32.46875,
        37.53125,
        38.1875,
        29.453125,
        31.71875,
        24.46875,
        28.828125,
        38.71875,
        37.09375,
        24.5625,
        33.5625,
        32.28125,
        38.25,
        29.453125,
        29.859375,
        30.625,
        37.4375,
        33.25,
        31.53125,
        27.71875,
        35.03125,
        27.609375,
        28.265625,
        37.375,
        42.6875,
        37.75,
        33.0625,
        31.84375,
        31.90625,
        29.0,
        33.125,
        37.8125,
        32.71875,
        29.5625,
        27.34375,
        35.125,
        30.6875,
        34.3125,
        40.1875,
        35.1875,
        31.96875,
        36.8125,
        35.9375,
        34.71875,
        31.65625,
        29.625,
        32.21875,
        30.6875,
        30.328125,
        31.59375,
        33.0,
        33.90625,
        28.546875,
        32.71875,
        34.90625,
        33.625,
        36.03125,
        34.15625,
        36.4375,
        35.3125,
        32.78125,
        29.75,
        38.625,
        38.25,
        28.9375,
        32.28125,
        25.59375,
        31.234375,
        34.375,
        35.1875,
        26.046875,
        28.4375,
        34.5625,
        38.40625,
        35.25,
        41.46875,
        31.65625,
        31.53125,
        29.625,
        31.234375,
        30.921875,
        30.6875,
        31.296875,
        36.875,
        32.59375,
        31.421875,
        35.8125,
        33.96875,
        29.453125,
        38.71875,
        38.9375,
        26.609375,
        25.890625,
        37.59375,
        34.3125,
        33.3125,
        31.296875,
        35.8125,
        28.328125,
        35.125,
        32.65625,
        32.46875,
        29.390625,
        28.046875,
        31.65625,
        36.15625,
        23.90625,
        36.375,
        40.5625,
        30.984375,
        35.125,
        27.9375,
        27.9375,
        31.71875
      ],
      "mean_perplexity": 32.64138719512195
    },
    "invalid_examples": [
      {
        "question": "Passage: Barq's -- Barq's /\u02c8b\u0251\u02d0rks/ is an American soft drink. Its brand of root beer is notable for having caffeine. Barq's, created by Edward Barq and bottled since the turn of the 20th century, is owned by the Barq family but bottled by the Coca-Cola Company. It was known as Barq's Famous Olde Tyme Root Beer until 2012.\nQuestion: is barq's root beer a pepsi product\nAnswer:",
        "response": " Answer"
      },
      {
        "question": "Passage: List of English words containing Q not followed by U -- Of the 71 words in this list, 67 are nouns, and most would generally be considered loanwords; the only modern-English words that contain Q not followed by U and are not borrowed from another language are qiana, qwerty, and tranq. However, all of the loanwords on this list are considered to be naturalised in English according to at least one major dictionary (see References), often because they refer to concepts or societal roles that do not have an accurate equivalent in English. For words to appear here, they must appear in their own entry in a dictionary; words which occur only as part of a longer phrase are not included.\nQuestion: is there a word with q without u\nAnswer:",
        "response": "Q"
      },
      {
        "question": "Passage: Crankshaft position sensor -- The crank sensor can be used in combination with a similar camshaft position sensor to monitor the relationship between the pistons and valves in the engine, which is particularly important in engines with variable valve timing. This method is also used to ``synchronise'' a four stroke engine upon starting, allowing the management system to know when to inject the fuel. It is also commonly used as the primary source for the measurement of engine speed in revolutions per minute.\nQuestion: is an engine speed sensor the same as a crankshaft sensor\nAnswer:",
        "response": "1"
      },
      {
        "question": "Passage: U.S. Route 20 -- U.S. Highway 20 (US 20) is an east--west United States highway that stretches from the Pacific Northwest all the way to New England. The ``0'' in its route number indicates that US 20 is a coast-to-coast route. Spanning 3,365 miles (5,415 km), it is the longest road in the United States, and particularly from Idaho to Massachusetts, the route roughly parallels that of Interstate 90 (I-90), which is in turn the longest Interstate Highway in the U.S. There is a discontinuity in the official designation of US 20 through Yellowstone National Park, with unnumbered roads used to traverse the park.\nQuestion: is there an interstate that goes coast to coast\nAnswer:",
        "response": "Answer"
      },
      {
        "question": "Passage: Angular frequency -- Angular frequency (or angular speed) is the magnitude of the vector quantity angular velocity. The term angular frequency vector \u03c9 \u2192 (\\displaystyle (\\vec (\\omega ))) is sometimes used as a synonym for the vector quantity angular velocity.\nQuestion: is angular frequency and angular velocity the same\nAnswer:",