{
  "metadata": {
    "timestamp": "20241216_135143",
    "model_name": "Qwen/Qwen2.5-14B",
    "num_pruned_layers": 26,
    "has_adapter": true,
    "task": "boolq"
  },
  "metrics": {
    "response_quality": {
      "total_responses": 3270,
      "valid_responses": 2869,
      "invalid_responses": 401,
      "invalid_percentage": 12.262996941896025
    },
    "metrics": {
      "accuracy": 0.6183339142558383,
      "evaluate_accuracy": {
        "accuracy": 0.5425076452599389
      },
      "precision": 0.6220416813846698,
      "recall": 0.9860022396416573,
      "f1": 0.7628330084470436,
      "total_evaluated": 2869,
      "confusion_matrix": {
        "true_positives": 1761,
        "true_negatives": 13,
        "false_positives": 1070,
        "false_negatives": 25
      },
      "perplexities": [
        23.03125,
        21.546875,
        21.125,
        23.34375,
        21.09375,
        19.28125,
        21.59375,
        21.421875,
        22.1875,
        26.453125,
        23.078125,
        22.359375,
        24.796875,
        24.328125,
        22.1875,
        21.09375,
        22.015625,
        26.203125,
        25.390625,
        23.25,
        22.453125,
        21.25,
        20.84375,
        19.578125,
        26.65625,
        17.90625,
        23.625,
        22.9375,
        22.984375,
        26.609375,
        25.34375,
        20.328125,
        21.21875,
        23.671875,
        25.234375,
        20.84375,
        22.9375,
        27.296875,
        22.71875,
        19.625,
        18.46875,
        21.765625,
        26.65625,
        18.65625,
        22.015625,
        20.921875,
        23.53125,
        24.1875,
        21.96875,
        20.640625,
        22.671875,
        22.796875,
        20.5625,
        22.28125,
        23.34375,
        24.140625,
        24.515625,
        26.453125,
        21.015625,
        22.359375,
        24.46875,
        21.015625,
        21.171875,
        26.203125,
        28.21875,
        21.640625,
        21.671875,
        20.84375,
        23.859375,
        20.515625,
        24.234375,
        26.09375,
        25.484375,
        21.375,
        23.4375,
        24.75,
        22.0625,
        21.796875,
        23.25,
        25.234375,
        21.171875,
        23.078125,
        19.921875,
        22.234375,
        21.21875,
        20.6875,
        25.890625,
        30.5,
        25.234375,
        23.90625,
        23.390625,
        22.9375,
        25.046875,
        25.734375,
        21.46875,
        22.453125,
        17.6875,
        20.28125,
        28.375,
        25.890625,
        18.109375,
        25.234375,
        23.125,
        24.65625,
        20.796875,
        22.71875,
        21.59375,
        23.90625,
        23.296875,
        21.46875,
        17.71875,
        22.40625,
        20.765625,
        19.09375,
        25.4375,
        29.75,
        24.75,
        23.390625,
        23.125,
        23.078125,
        20.28125,
        21.59375,
        24.65625,
        21.640625,
        21.671875,
        20.5625,
        24.953125,
        22.109375,
        25.234375,
        26.765625,
        25.390625,
        21.546875,
        25.9375,
        22.625,
        23.671875,
        22.5,
        20.890625,
        22.015625,
        22.84375,
        20.96875,
        24.09375,
        22.140625,
        24.421875,
        19.09375,
        25.1875,
        24.140625,
        22.359375,
        24.515625,
        21.421875,
        26.8125,
        24.703125,
        24.46875,
        23.203125,
        25.59375,
        26.34375,
        20.078125,
        22.578125,
        19.625,
        22.109375,
        24.046875,
        24.375,
        19.125,
        19.234375,
        24.234375,
        28.046875,
        22.1875,
        29.0,
        24.28125,
        22.3125,
        22.40625,
        22.71875,
        21.171875,
        21.46875,
        23.71875,
        26.609375,
        24.28125,
        21.046875,
        23.125,
        24.1875,
        20.0,
        26.203125,
        26.875,
        18.875,
        19.046875,
        26.96875,
        24.953125,
        25.0,
        20.078125,
        22.84375,
        21.46875,
        23.390625,
        21.84375,
        25.796875,
        19.8125,
        19.578125,
        20.171875,
        24.375,
        15.703125,
        23.765625,
        25.6875,
        21.546875,
        26.40625,
        20.796875,
        19.234375,
        22.40625
      ],
      "mean_perplexity": 22.921036585365854
    },
    "invalid_examples": [
      {
        "question": "Passage: List of English words containing Q not followed by U -- Of the 71 words in this list, 67 are nouns, and most would generally be considered loanwords; the only modern-English words that contain Q not followed by U and are not borrowed from another language are qiana, qwerty, and tranq. However, all of the loanwords on this list are considered to be naturalised in English according to at least one major dictionary (see References), often because they refer to concepts or societal roles that do not have an accurate equivalent in English. For words to appear here, they must appear in their own entry in a dictionary; words which occur only as part of a longer phrase are not included.\nQuestion: is there a word with q without u\nAnswer:",
        "response": " Q"
      },
      {
        "question": "Passage: Russell Group -- In March 2012 it was announced that four universities -- Durham, Exeter, Queen Mary University of London; and York -- would become members of the Russell Group in August of the same year. All of the new members had previously been members of the 1994 Group of British universities.\nQuestion: is durham university part of the russell group\nAnswer:",
        "response": " dur"
      },
      {
        "question": "Passage: Magnesium citrate -- Magnesium citrate is a magnesium preparation in salt form with citric acid in a 1:1 ratio (1 magnesium atom per citrate molecule). The name ``magnesium citrate'' is ambiguous and sometimes may refer to other salts such as trimagnesium citrate which has a magnesium:citrate ratio of 3:2.\nQuestion: does magnesium citrate have citric acid in it\nAnswer:",
        "response": " Magn"
      },
      {
        "question": "Passage: Kindle Fire -- The Fire Tablet, formerly called the Kindle Fire, is a tablet computer developed by Amazon.com. Built with Quanta Computer, the Kindle Fire was first released in November 2011, featuring a color 7-inch multi-touch display with IPS technology and running a custom version of Google's Android operating system called Fire OS. The Kindle Fire HD followed in September 2012, and the Kindle Fire HDX in September 2013. In September 2014, when the fourth generation was introduced, the name ``Kindle'' was dropped. In September 2015, the fifth generation Fire 7 was released, followed by the sixth generation Fire HD 8, in September 2016. The seventh generation Fire 7 was released in June 2017.\nQuestion: is a fire 7 the same as a kindle\nAnswer:",
        "response": " Kindle"
      },
      {
        "question": "Passage: Deadpool -- As part of Marvel's Marvel NOW! initiative a new Deadpool ongoing series was launched, written by Brian Posehn and Gerry Duggan and illustrated by Tony Moore. He is also a member of the Thunderbolts. In the 27th issue of his new series, as part of ``All-New Marvel NOW!'', Deadpool was married for the third time. Initially a secret, his bride was revealed in the webcomic Deadpool: The Gauntlet to be Shiklah, Queen of the Undead. Deadpool also discovers that he has a daughter by the name of Eleanor from a former flame of Deadpool named Carmelita.\nQuestion: does deadpool have a kid in the comics\nAnswer:",