{
  "metadata": {
    "timestamp": "20241216_140753",
    "model_name": "Qwen/Qwen2.5-14B",
    "num_pruned_layers": 36,
    "has_adapter": true,
    "task": "boolq"
  },
  "metrics": {
    "response_quality": {
      "total_responses": 3270,
      "valid_responses": 2329,
      "invalid_responses": 941,
      "invalid_percentage": 28.776758409785934
    },
    "metrics": {
      "accuracy": 0.5985401459854015,
      "evaluate_accuracy": {
        "accuracy": 0.42629969418960245
      },
      "precision": 0.6055531070956368,
      "recall": 0.9717114568599717,
      "f1": 0.746130871572088,
      "total_evaluated": 2329,
      "confusion_matrix": {
        "true_positives": 1374,
        "true_negatives": 20,
        "false_positives": 895,
        "false_negatives": 40
      },
      "perplexities": [
        65.0625,
        56.125,
        62.84375,
        62.125,
        63.09375,
        55.46875,
        61.15625,
        64.5625,
        58.125,
        75.8125,
        67.6875,
        62.84375,
        61.625,
        65.875,
        62.59375,
        61.875,
        62.125,
        70.375,
        67.6875,
        67.1875,
        70.125,
        56.5625,
        53.34375,
        61.15625,
        75.1875,
        48.28125,
        70.125,
        60.4375,
        63.59375,
        76.125,
        70.9375,
        53.53125,
        64.8125,
        71.1875,
        67.9375,
        58.5625,
        59.96875,
        74.3125,
        64.0625,
        54.59375,
        53.125,
        57.21875,
        73.5,
        57.4375,
        68.5,
        62.125,
        64.8125,
        69.5625,
        61.375,
        55.03125,
        63.84375,
        65.625,
        59.28125,
        57.90625,
        64.5625,
        70.9375,
        67.4375,
        79.125,
        57.65625,
        67.4375,
        74.0625,
        57.0,
        60.90625,
        74.625,
        76.375,
        64.0625,
        62.84375,
        61.15625,
        67.4375,
        56.78125,
        72.3125,
        77.625,
        76.125,
        56.5625,
        66.125,
        72.3125,
        61.875,
        62.34375,
        66.625,
        67.6875,
        61.625,
        70.625,
        56.125,
        65.0625,
        57.4375,
        59.28125,
        74.0625,
        87.9375,
        71.5,
        68.1875,
        63.84375,
        63.09375,
        69.3125,
        80.0625,
        63.34375,
        58.8125,
        47.15625,
        58.8125,
        79.4375,
        74.3125,
        48.9375,
        73.1875,
        64.3125,
        68.75,
        61.875,
        61.625,
        60.90625,
        69.0,
        68.1875,
        60.65625,
        50.6875,
        68.5,
        60.90625,
        53.75,
        73.1875,
        87.9375,
        72.3125,
        69.3125,
        63.09375,
        65.625,
        59.5,
        62.34375,
        72.875,
        64.5625,
        60.65625,
        57.4375,
        70.625,
        57.0,
        72.875,
        75.5,
        72.0625,
        60.65625,
        71.75,
        68.5,
        65.625,
        63.59375,
        54.8125,
        63.84375,
        61.15625,
        65.875,
        68.75,
        60.90625,
        64.3125,
        52.3125,
        73.75,
        68.75,
        62.84375,
        73.5,
        67.4375,
        78.8125,
        65.0625,
        71.5,
        61.875,
        71.5,
        74.625,
        66.125,
        61.15625,
        52.40625,
        63.59375,
        70.625,
        72.3125,
        49.40625,
        52.71875,
        75.8125,
        79.4375,
        72.3125,
        84.875,
        60.65625,
        65.625,
        61.875,
        60.65625,
        58.125,
        56.78125,
        64.3125,
        76.375,
        66.875,
        62.84375,
        66.125,
        73.75,
        51.1875,
        76.6875,
        74.0625,
        54.59375,
        55.03125,
        77.875,
        64.8125,
        67.9375,
        57.4375,
        60.65625,
        64.8125,
        71.1875,
        64.8125,
        68.1875,
        59.03125,
        56.5625,
        60.90625,
        72.625,
        40.5,
        69.8125,
        71.1875,
        61.625,
        77.0,
        58.8125,
        51.90625,
        63.34375
      ],
      "mean_perplexity": 65.06234756097561
    },
    "invalid_examples": [
      {
        "question": "Passage: Harry Potter and the Escape from Gringotts -- Harry Potter and the Escape from Gringotts is an indoor steel roller coaster at Universal Studios Florida, a theme park located within the Universal Orlando Resort. Similar to dark rides, the roller coaster utilizes special effects in a controlled-lighting environment and also employs motion-based 3-D projection of both animation and live-action sequences to enhance the experience. The ride, which is themed to the Gringotts Wizarding Bank, became the flagship attraction for the expanded Wizarding World of Harry Potter when it opened on July 8, 2014.\nQuestion: is harry potter and the escape from gringotts a roller coaster ride\nAnswer:",
        "response": " Harry"
      },
      {
        "question": "Passage: Hydroxyzine -- Hydroxyzine preparations require a doctor's prescription. The drug is available in two formulations, the pamoate and the dihydrochloride or hydrochloride salts. Vistaril, Equipose, Masmoran, and Paxistil are preparations of the pamoate salt, while Atarax, Alamon, Aterax, Durrax, Tran-Q, Orgatrax, Quiess, and Tranquizine are of the hydrochloride salt.\nQuestion: is there a difference between hydroxyzine hcl and hydroxyzine pam\nAnswer:",
        "response": " Hydro"
      },
      {
        "question": "Passage: Parity (mathematics) -- In mathematics, parity is the property of an integer's inclusion in one of two categories: even or odd. An integer is even if it is evenly divisible by two and odd if it is not even. For example, 6 is even because there is no remainder when dividing it by 2. By contrast, 3, 5, 7, 21 leave a remainder of 1 when divided by 2. Examples of even numbers include \u22124, 0, 82 and 178. In particular, zero is an even number. Some examples of odd numbers are \u22125, 3, 29, and 73.\nQuestion: can an odd number be divided by an even number\nAnswer:",
        "response": " "
      },
      {
        "question": "Passage: American entry into Canada by land -- Persons driving into Canada must have their vehicle's registration document and proof of insurance.\nQuestion: can u drive in canada with us license\nAnswer:",
        "response": " Persons"
      },
      {
        "question": "Passage: Alcohol laws of New York -- In response to the National Minimum Drinking Age Act in 1984, which reduced by up to 10% the federal highway funding of any state which did not have a minimum purchasing age of 21, the New York Legislature raised the drinking age from 19 to 21, effective December 1, 1985. (The drinking age had been 18 for many years before the first raise on December 4th, 1982, to 19.) Persons under 21 are prohibited from purchasing alcohol or possessing alcohol with the intent to consume, unless the alcohol was given to that person by their parent or legal guardian. There is no law prohibiting where people under 21 may possess or consume alcohol that was given to them by their parents. Persons under 21 are prohibited from having a blood alcohol level of 0.02% or higher while driving.\nQuestion: can minors drink with parents in new york\nAnswer:",