{
  "metadata": {
    "timestamp": "20241216_134410",
    "model_name": "Qwen/Qwen2.5-14B",
    "num_pruned_layers": 22,
    "has_adapter": true,
    "task": "boolq"
  },
  "metrics": {
    "response_quality": {
      "total_responses": 3270,
      "valid_responses": 3240,
      "invalid_responses": 30,
      "invalid_percentage": 0.9174311926605505
    },
    "metrics": {
      "accuracy": 0.616358024691358,
      "evaluate_accuracy": {
        "accuracy": 0.6107033639143731
      },
      "precision": 0.6245173745173745,
      "recall": 0.9623202776400595,
      "f1": 0.7574634146341465,
      "total_evaluated": 3240,
      "confusion_matrix": {
        "true_positives": 1941,
        "true_negatives": 56,
        "false_positives": 1167,
        "false_negatives": 76
      },
      "perplexities": [
        23.078125,
        21.25,
        21.9375,
        23.25,
        20.796875,
        19.625,
        21.296875,
        21.84375,
        21.765625,
        26.0,
        23.484375,
        21.671875,
        23.953125,
        23.53125,
        21.296875,
        21.046875,
        21.765625,
        25.734375,
        25.046875,
        22.765625,
        23.90625,
        20.40625,
        20.125,
        21.125,
        25.59375,
        17.625,
        23.578125,
        22.140625,
        21.84375,
        26.203125,
        25.140625,
        19.359375,
        21.375,
        24.703125,
        23.8125,
        20.71875,
        22.015625,
        26.046875,
        23.125,
        19.96875,
        18.28125,
        21.015625,
        26.25,
        19.359375,
        22.671875,
        21.046875,
        22.578125,
        24.234375,
        20.921875,
        20.25,
        22.015625,
        22.890625,
        20.4375,
        21.765625,
        23.03125,
        25.0,
        24.75,
        26.71875,
        21.671875,
        21.96875,
        24.328125,
        20.796875,
        21.640625,
        26.34375,
        27.140625,
        22.140625,
        22.015625,
        20.515625,
        24.1875,
        20.078125,
        24.328125,
        25.890625,
        25.84375,
        21.046875,
        23.125,
        26.34375,
        22.359375,
        21.5,
        23.90625,
        24.234375,
        20.921875,
        23.578125,
        19.390625,
        23.390625,
        20.765625,
        21.171875,
        26.5,
        30.984375,
        24.5625,
        24.046875,
        23.71875,
        23.15625,
        25.390625,
        26.046875,
        22.3125,
        21.890625,
        17.453125,
        20.484375,
        28.21875,
        25.796875,
        18.109375,
        24.515625,
        23.078125,
        25.09375,
        21.71875,
        21.59375,
        20.84375,
        25.140625,
        23.4375,
        21.46875,
        18.65625,
        22.890625,
        20.0,
        19.234375,
        25.234375,
        30.203125,
        25.34375,
        23.71875,
        22.28125,
        22.40625,
        21.015625,
        22.28125,
        24.84375,
        22.9375,
        20.890625,
        20.921875,
        24.796875,
        20.765625,
        25.640625,
        27.828125,
        25.390625,
        21.546875,
        25.484375,
        22.84375,
        23.90625,
        23.15625,
        20.84375,
        22.84375,
        22.5,
        21.34375,
        24.46875,
        22.625,
        23.390625,
        19.625,
        24.90625,
        23.71875,
        22.796875,
        25.84375,
        23.953125,
        26.046875,
        24.0,
        24.28125,
        22.796875,
        25.796875,
        26.140625,
        21.59375,
        22.671875,
        18.46875,
        21.375,
        24.421875,
        24.515625,
        18.109375,
        19.46875,
        25.34375,
        27.671875,
        22.9375,
        29.109375,
        22.796875,
        22.140625,
        22.5,
        22.9375,
        21.34375,
        20.921875,
        23.53125,
        26.65625,
        23.390625,
        21.640625,
        23.03125,
        24.328125,
        19.8125,
        27.609375,
        26.96875,
        19.28125,
        19.65625,
        25.9375,
        24.140625,
        24.796875,
        19.78125,
        23.34375,
        22.140625,
        23.90625,
        22.28125,
        24.75,
        20.5625,
        19.8125,
        20.5625,
        24.953125,
        15.765625,
        24.90625,
        26.0,
        20.890625,
        25.890625,
        20.890625,
        19.5,
        20.328125
      ],
      "mean_perplexity": 22.911585365853657
    },