{
  "metadata": {
    "timestamp": "20241216_105357",
    "model_name": "Qwen/Qwen2.5-0.5B",
    "num_pruned_layers": 14,
    "has_adapter": false,
    "task": "boolq"
  },
  "metrics": {
    "response_quality": {
      "total_responses": 3270,
      "valid_responses": 2046,
      "invalid_responses": 1224,
      "invalid_percentage": 37.43119266055046
    },
    "metrics": {
      "accuracy": 0.6070381231671554,
      "evaluate_accuracy": {
        "accuracy": 0.3798165137614679
      },
      "precision": 0.6230769230769231,
      "recall": 0.9462616822429907,
      "f1": 0.75139146567718,
      "total_evaluated": 2046,
      "confusion_matrix": {
        "true_positives": 1215,
        "true_negatives": 27,
        "false_positives": 735,
        "false_negatives": 69
      },
      "perplexities": [
        1282.0,
        1046.0,
        1262.0,
        1200.0,
        1359.0,
        1186.0,
        1302.0,
        1297.0,
        1172.0,
        1540.0,
        1571.0,
        1177.0,
        1084.0,
        1403.0,
        1287.0,
        1292.0,
        1408.0,
        1243.0,
        1243.0,
        1318.0,
        1365.0,
        1181.0,
        1006.5,
        1441.0,
        1447.0,
        927.0,
        1565.0,
        1219.0,
        1163.0,
        1493.0,
        1403.0,
        1092.0,
        1392.0,
        1487.0,
        1517.0,
        1204.0,
        1055.0,
        1447.0,
        1453.0,
        1262.0,
        1214.0,
        1223.0,
        1602.0,
        1262.0,
        1190.0,
        1219.0,
        1219.0,
        1453.0,
        1181.0,
        1063.0,
        1186.0,
        1425.0,
        1167.0,
        1110.0,
        1233.0,
        1248.0,
        1257.0,
        1627.0,
        1204.0,
        1627.0,
        1621.0,
        1063.0,
        1145.0,
        1565.0,
        1540.0,
        1349.0,
        1328.0,
        1136.0,
        1493.0,
        1080.0,
        1627.0,
        1902.0,
        1633.0,
        1097.0,
        1534.0,
        1646.0,
        1200.0,
        1297.0,
        1436.0,
        1252.0,
        1307.0,
        1392.0,
        1365.0,
        1559.0,
        1136.0,
        1158.0,
        1596.0,
        1602.0,
        1333.0,
        1365.0,
        1252.0,
        1297.0,
        1553.0,
        1679.0,
        1267.0,
        1262.0,
        909.0,
        1243.0,
        1596.0,
        1865.0,
        938.0,
        1608.0,
        1257.0,
        1349.0,
        1397.0,
        1088.0,
        1302.0,
        1453.0,
        1359.0,
        1204.0,
        1145.0,
        1430.0,
        1149.0,
        1163.0,
        1487.0,
        1822.0,
        1534.0,
        1328.0,
        1154.0,
        1430.0,
        1110.0,
        1470.0,
        1659.0,
        1262.0,
        1140.0,
        1158.0,
        1375.0,
        1200.0,
        1365.0,
        1621.0,
        1430.0,
        1163.0,
        1441.0,
        1511.0,
        1177.0,
        1307.0,
        1042.0,
        1408.0,
        1105.0,
        1349.0,
        1145.0,
        1158.0,
        1105.0,
        1018.0,
        1547.0,
        1577.0,
        1223.0,
        1323.0,
        1858.0,
        1553.0,
        1223.0,
        1297.0,
        1030.0,
        1403.0,
        1419.0,
        1297.0,
        1172.0,
        1034.0,
        1679.0,
        1397.0,
        1577.0,
        902.0,
        994.5,
        1447.0,
        1323.0,
        1787.0,
        1596.0,
        1118.0,
        1419.0,
        1200.0,
        1219.0,
        1026.0,
        1067.0,
        1365.0,
        1659.0,
        1262.0,
        1323.0,
        1248.0,
        1621.0,
        1101.0,
        1719.0,
        1318.0,
        1204.0,
        971.5,
        1666.0,
        1123.0,
        1297.0,
        1105.0,
        1312.0,
        1195.0,
        1815.0,
        1312.0,
        1408.0,
        1195.0,
        1297.0,
        1589.0,
        1759.0,
        874.5,
        1511.0,
        1511.0,
        1397.0,
        1277.0,
        1167.0,
        1123.0,
        1181.0
      ],
      "mean_perplexity": 1327.370731707317
    },
    "invalid_examples": [
      {
        "question": "Passage: Harry Potter and the Escape from Gringotts -- Harry Potter and the Escape from Gringotts is an indoor steel roller coaster at Universal Studios Florida, a theme park located within the Universal Orlando Resort. Similar to dark rides, the roller coaster utilizes special effects in a controlled-lighting environment and also employs motion-based 3-D projection of both animation and live-action sequences to enhance the experience. The ride, which is themed to the Gringotts Wizarding Bank, became the flagship attraction for the expanded Wizarding World of Harry Potter when it opened on July 8, 2014.\nQuestion: is harry potter and the escape from gringotts a roller coaster ride\nAnswer:",
        "response": " B"
      },
      {
        "question": "Passage: Hydroxyzine -- Hydroxyzine preparations require a doctor's prescription. The drug is available in two formulations, the pamoate and the dihydrochloride or hydrochloride salts. Vistaril, Equipose, Masmoran, and Paxistil are preparations of the pamoate salt, while Atarax, Alamon, Aterax, Durrax, Tran-Q, Orgatrax, Quiess, and Tranquizine are of the hydrochloride salt.\nQuestion: is there a difference between hydroxyzine hcl and hydroxyzine pam\nAnswer:",
        "response": " by"
      },
      {
        "question": "Passage: Barq's -- Barq's /\u02c8b\u0251\u02d0rks/ is an American soft drink. Its brand of root beer is notable for having caffeine. Barq's, created by Edward Barq and bottled since the turn of the 20th century, is owned by the Barq family but bottled by the Coca-Cola Company. It was known as Barq's Famous Olde Tyme Root Beer until 2012.\nQuestion: is barq's root beer a pepsi product\nAnswer:",
        "response": " B"
      },
      {
        "question": "Passage: Parity (mathematics) -- In mathematics, parity is the property of an integer's inclusion in one of two categories: even or odd. An integer is even if it is evenly divisible by two and odd if it is not even. For example, 6 is even because there is no remainder when dividing it by 2. By contrast, 3, 5, 7, 21 leave a remainder of 1 when divided by 2. Examples of even numbers include \u22124, 0, 82 and 178. In particular, zero is an even number. Some examples of odd numbers are \u22125, 3, 29, and 73.\nQuestion: can an odd number be divided by an even number\nAnswer:",
        "response": ":"
      },
      {
        "question": "Passage: List of English words containing Q not followed by U -- Of the 71 words in this list, 67 are nouns, and most would generally be considered loanwords; the only modern-English words that contain Q not followed by U and are not borrowed from another language are qiana, qwerty, and tranq. However, all of the loanwords on this list are considered to be naturalised in English according to at least one major dictionary (see References), often because they refer to concepts or societal roles that do not have an accurate equivalent in English. For words to appear here, they must appear in their own entry in a dictionary; words which occur only as part of a longer phrase are not included.\nQuestion: is there a word with q without u\nAnswer:",