{
  "metadata": {
    "timestamp": "20241216_133931",
    "model_name": "Qwen/Qwen2.5-14B",
    "num_pruned_layers": 21,
    "has_adapter": false,
    "task": "boolq"
  },
  "metrics": {
    "response_quality": {
      "total_responses": 3270,
      "valid_responses": 2376,
      "invalid_responses": 894,
      "invalid_percentage": 27.339449541284406
    },
    "metrics": {
      "accuracy": 0.6182659932659933,
      "evaluate_accuracy": {
        "accuracy": 0.4492354740061162
      },
      "precision": 0.6191480388021932,
      "recall": 0.9972826086956522,
      "f1": 0.7639864689045017,
      "total_evaluated": 2376,
      "confusion_matrix": {
        "true_positives": 1468,
        "true_negatives": 1,
        "false_positives": 903,
        "false_negatives": 4
      },
      "perplexities": [
        2590.0,
        38368.0,
        25952.0,
        Infinity,
        7320.0,
        3300.0,
        31056.0,
        6312.0,
        13048.0,
        28960.0,
        30576.0,
        Infinity,
        Infinity,
        41792.0,
        18848.0,
        26160.0,
        21856.0,
        Infinity,
        Infinity,
        32304.0,
        11608.0,
        42464.0,
        Infinity,
        27840.0,
        16896.0,
        8296.0,
        35200.0,
        33056.0,
        34368.0,
        3486.0,
        25952.0,
        53248.0,
        9400.0,
        58048.0,
        20528.0,
        37760.0,
        4404.0,
        Infinity,
        14224.0,
        10088.0,
        6312.0,
        45920.0,
        Infinity,
        31312.0,
        23264.0,
        Infinity,
        8104.0,
        33056.0,
        6876.0,
        Infinity,
        9040.0,
        36608.0,
        28960.0,
        11336.0,
        10240.0,
        26160.0,
        18992.0,
        19744.0,
        Infinity,
        15256.0,
        38048.0,
        62752.0,
        17024.0,
        Infinity,
        Infinity,
        16624.0,
        9040.0,
        6512.0,
        6772.0,
        54528.0,
        21184.0,
        24192.0,
        39584.0,
        11696.0,
        34656.0,
        28288.0,
        18400.0,
        10408.0,
        28960.0,
        43136.0,
        14560.0,
        30112.0,
        6932.0,
        29408.0,
        4204.0,
        Infinity,
        11072.0,
        Infinity,
        48096.0,
        50816.0,
        36896.0,
        13680.0,
        8624.0,
        25744.0,
        13360.0,
        4580.0,
        11792.0,
        19584.0,
        Infinity,
        10488.0,
        19584.0,
        13360.0,
        Infinity,
        18688.0,
        15864.0,
        28288.0,
        10320.0,
        Infinity,
        44160.0,
        Infinity,
        17984.0,
        33312.0,
        Infinity,
        4992.0,
        Infinity,
        34112.0,
        6664.0,
        18688.0,
        15496.0,
        9848.0,
        36032.0,
        5884.0,
        16752.0,
        8488.0,
        Infinity,
        26576.0,
        33856.0,
        29632.0,
        Infinity,
        Infinity,
        Infinity,
        17024.0,
        21680.0,
        29872.0,
        48480.0,
        Infinity,
        25360.0,
        20048.0,
        7208.0,
        17568.0,
        21184.0,
        Infinity,
        22896.0,
        Infinity,
        7976.0,
        25552.0,
        21520.0,
        52032.0,
        8896.0,
        31056.0,
        17984.0,
        47360.0,
        8560.0,
        Infinity,
        39872.0,
        15496.0,
        62752.0,
        3404.0,
        50816.0,
        25552.0,
        14112.0,
        9848.0,
        18688.0,
        26784.0,
        25744.0,
        36032.0,
        33600.0,
        15376.0,
        12456.0,
        8832.0,
        8832.0,
        30112.0,
        19744.0,
        4012.0,
        10240.0,
        32560.0,
        10904.0,
        Infinity,
        55808.0,
        Infinity,
        Infinity,
        42112.0,
        22896.0,
        32048.0,
        32800.0,
        27200.0,
        11520.0,
        7792.0,
        37472.0,
        28064.0,
        16496.0,
        Infinity,
        14000.0,
        44160.0,
        24960.0,
        16896.0,
        20528.0,
        32560.0,
        24576.0,
        Infinity,
        7040.0,
        18992.0,
        6772.0,
        24192.0,
        21184.0
      ],
      "mean_perplexity": Infinity
    },
    "invalid_examples": [
      {
        "question": "Passage: Hydroxyzine -- Hydroxyzine preparations require a doctor's prescription. The drug is available in two formulations, the pamoate and the dihydrochloride or hydrochloride salts. Vistaril, Equipose, Masmoran, and Paxistil are preparations of the pamoate salt, while Atarax, Alamon, Aterax, Durrax, Tran-Q, Orgatrax, Quiess, and Tranquizine are of the hydrochloride salt.\nQuestion: is there a difference between hydroxyzine hcl and hydroxyzine pam\nAnswer:",
        "response": " \ufffd"
      },
      {
        "question": "Passage: Parity (mathematics) -- In mathematics, parity is the property of an integer's inclusion in one of two categories: even or odd. An integer is even if it is evenly divisible by two and odd if it is not even. For example, 6 is even because there is no remainder when dividing it by 2. By contrast, 3, 5, 7, 21 leave a remainder of 1 when divided by 2. Examples of even numbers include \u22124, 0, 82 and 178. In particular, zero is an even number. Some examples of odd numbers are \u22125, 3, 29, and 73.\nQuestion: can an odd number be divided by an even number\nAnswer:",
        "response": " an"
      },
      {
        "question": "Passage: The Strangers (2008 film) -- The Strangers is a 2008 American slasher film written and directed by Bryan Bertino. Kristen (Liv Tyler) and James (Scott Speedman) are expecting a relaxing weekend at a family vacation home, but their stay turns out to be anything but peaceful as three masked torturers leave Kristen and James struggling for survival. Writer-director Bertino was inspired by real-life events: the Manson family Tate murders, a multiple homicide; the Keddie Cabin Murders, that occurred in California in 1981; and a series of break-ins that occurred in his own neighborhood as a child. Made on a budget of $9 million, the film was shot on location in rural South Carolina in the fall of 2006.\nQuestion: was the movie strangers based on a true story\nAnswer:",
        "response": " "
      },
      {
        "question": "Passage: Post-office box -- Street Addressing will have the same street address of the post office, plus a ``unit number'' that matches the P.O. Box number. As an example, in El Centro, California, the post office is located at 1598 Main Street. Therefore, for P.O. Box 9975 (fictitious), the Street Addressing would be: 1598 Main Street Unit 9975, El Centro, CA. Nationally, the first five digits of the zip code may or may not be the same as the P.O. Box address, and the last four digits (Zip + 4) are virtually always different. Except for a few of the largest post offices in the U.S., the 'Street Addressing' (not the P.O. Box address) nine digit Zip + 4 is the same for all boxes at a given location.\nQuestion: does p o box come before street address\nAnswer:",
        "response": " "
      },
      {
        "question": "Passage: Renunciation of citizenship -- Renunciation of U.S. citizenship was free until July 2010, at which time a fee of $450 was established. An increase to $2,350, effective September 12, 2014, was justified as ``reflective of the true cost'' of processing. This followed a fee increase of approximately 220% in 2013. The increase took effect in January 2015.\nQuestion: does it cost money to renounce us citizenship\nAnswer:",