{
  "metadata": {
    "timestamp": "20241216_131703",
    "model_name": "Qwen/Qwen2.5-14B",
    "num_pruned_layers": 11,
    "has_adapter": true,
    "task": "boolq"
  },
  "metrics": {
    "response_quality": {
      "total_responses": 3270,
      "valid_responses": 3246,
      "invalid_responses": 24,
      "invalid_percentage": 0.7339449541284404
    },
    "metrics": {
      "accuracy": 0.6235366605052373,
      "evaluate_accuracy": {
        "accuracy": 0.618960244648318
      },
      "precision": 0.6238361266294227,
      "recall": 0.995049504950495,
      "f1": 0.7668828691339183,
      "total_evaluated": 3246,
      "confusion_matrix": {
        "true_positives": 2010,
        "true_negatives": 14,
        "false_positives": 1212,
        "false_negatives": 10
      },
      "perplexities": [
        10.21875,
        9.921875,
        9.1953125,
        10.5,
        9.4296875,
        8.7421875,
        9.3984375,
        9.546875,
        10.6015625,
        10.5859375,
        10.8125,
        9.671875,
        10.8125,
        10.359375,
        8.7734375,
        8.46875,
        9.7109375,
        11.8984375,
        11.265625,
        9.671875,
        8.7421875,
        9.453125,
        9.0390625,
        8.2734375,
        12.28125,
        8.40625,
        9.265625,
        10.625,
        10.140625,
        11.4453125,
        10.140625,
        9.265625,
        8.84375,
        9.5078125,
        10.421875,
        8.984375,
        9.6953125,
        11.5546875,
        9.546875,
        8.640625,
        8.1953125,
        9.265625,
        11.3359375,
        7.65234375,
        9.828125,
        8.1328125,
        10.21875,
        10.4609375,
        9.984375,
        8.96875,
        9.0390625,
        9.1953125,
        8.828125,
        10.2421875,
        9.3046875,
        9.8828125,
        11.1171875,
        11.0078125,
        10.15625,
        9.25,
        9.4296875,
        8.7265625,
        9.359375,
        10.9609375,
        11.8046875,
        8.640625,
        8.5859375,
        8.7421875,
        10.484375,
        8.390625,
        10.3203125,
        10.6015625,
        10.421875,
        10.2421875,
        9.4296875,
        11.03125,
        9.640625,
        9.5625,
        10.15625,
        10.296875,
        8.703125,
        9.3203125,
        8.390625,
        9.8828125,
        9.375,
        8.703125,
        11.09375,
        13.6171875,
        10.4375,
        10.2421875,
        10.3984375,
        9.5078125,
        10.7265625,
        9.2109375,
        9.1796875,
        10.140625,
        8.5546875,
        8.5234375,
        11.0703125,
        10.3984375,
        8.0859375,
        9.265625,
        10.1796875,
        10.9609375,
        8.7421875,
        10.296875,
        9.3203125,
        9.734375,
        9.8671875,
        9.65625,
        7.59375,
        9.734375,
        8.5390625,
        8.421875,
        10.5234375,
        10.3359375,
        10.2421875,
        10.6015625,
        9.6953125,
        9.3046875,
        8.4375,
        8.703125,
        10.6875,
        9.0859375,
        8.9140625,
        8.9296875,
        10.0,
        9.921875,
        11.1171875,
        12.109375,
        10.6640625,
        9.4296875,
        10.1015625,
        8.984375,
        10.1015625,
        9.2890625,
        9.0546875,
        9.921875,
        9.84375,
        8.1640625,
        10.921875,
        9.921875,
        11.1171875,
        9.0546875,
        10.8125,
        9.15625,
        9.34375,
        10.1171875,
        8.9453125,
        11.78125,
        10.796875,
        10.3203125,
        10.28125,
        11.1171875,
        11.3515625,
        7.98828125,
        10.484375,
        8.640625,
        8.7890625,
        10.5,
        10.0,
        8.5703125,
        8.390625,
        9.5078125,
        11.875,
        9.484375,
        12.3515625,
        10.140625,
        9.9609375,
        10.3828125,
        10.1796875,
        8.8125,
        9.265625,
        10.859375,
        11.1171875,
        10.359375,
        8.5703125,
        10.2578125,
        10.2421875,
        9.4296875,
        11.78125,
        11.7421875,
        8.375,
        8.5234375,
        10.1953125,
        10.8984375,
        10.4609375,
        8.9453125,
        10.2578125,
        9.1796875,
        10.3828125,
        9.109375,
        10.625,
        8.65625,
        8.5546875,
        7.97265625,
        9.8671875,
        7.7578125,
        9.84375,
        11.1171875,
        9.15625,
        11.265625,
        8.7734375,
        9.0,
        9.65625
      ],
      "mean_perplexity": 9.795560213414634
    },