{
  "metadata": {
    "timestamp": "20241216_105058",
    "model_name": "Qwen/Qwen2.5-0.5B",
    "num_pruned_layers": 6,
    "has_adapter": true,
    "task": "boolq"
  },
  "metrics": {
    "response_quality": {
      "total_responses": 3270,
      "valid_responses": 2516,
      "invalid_responses": 754,
      "invalid_percentage": 23.058103975535168
    },
    "metrics": {
      "accuracy": 0.5317965023847376,
      "evaluate_accuracy": {
        "accuracy": 0.4091743119266055
      },
      "precision": 0.6255293405928615,
      "recall": 0.6490897677338355,
      "f1": 0.6370918052988294,
      "total_evaluated": 2516,
      "confusion_matrix": {
        "true_positives": 1034,
        "true_negatives": 304,
        "false_positives": 619,
        "false_negatives": 559
      },
      "perplexities": [
        19.65625,
        19.28125,
        18.0,
        20.921875,
        18.078125,
        17.65625,
        18.46875,
        18.609375,
        19.203125,
        23.53125,
        20.4375,
        18.0,
        20.890625,
        20.890625,
        17.9375,
        17.546875,
        19.625,
        23.125,
        23.15625,
        20.640625,
        19.421875,
        17.453125,
        17.90625,
        15.890625,
        23.203125,
        15.796875,
        20.796875,
        19.015625,
        19.421875,
        22.890625,
        21.015625,
        17.65625,
        17.3125,
        19.46875,
        21.5,
        17.96875,
        19.625,
        22.84375,
        18.765625,
        18.046875,
        15.578125,
        18.9375,
        22.9375,
        14.78125,
        18.6875,
        17.109375,
        19.703125,
        20.203125,
        18.1875,
        17.65625,
        18.078125,
        19.46875,
        17.375,
        19.546875,
        18.796875,
        21.765625,
        22.578125,
        22.109375,
        19.09375,
        18.4375,
        20.71875,
        18.0,
        18.328125,
        22.578125,
        25.0,
        18.984375,
        17.96875,
        17.625,
        20.28125,
        16.296875,
        21.171875,
        22.765625,
        21.9375,
        19.171875,
        19.546875,
        21.9375,
        18.21875,
        18.21875,
        20.4375,
        21.5,
        18.21875,
        19.65625,
        16.171875,
        19.5,
        17.9375,
        16.390625,
        22.71875,
        26.921875,
        22.0625,
        20.4375,
        20.328125,
        19.046875,
        19.96875,
        20.765625,
        18.390625,
        18.9375,
        16.046875,
        16.421875,
        24.796875,
        23.03125,
        14.7265625,
        19.234375,
        20.40625,
        21.671875,
        16.78125,
        19.015625,
        18.46875,
        20.5625,
        20.609375,
        17.765625,
        14.8984375,
        18.6875,
        17.078125,
        16.390625,
        21.34375,
        24.234375,
        20.359375,
        20.515625,
        19.890625,
        18.546875,
        16.75,
        18.109375,
        19.921875,
        17.90625,
        18.046875,
        17.515625,
        20.171875,
        18.9375,
        22.40625,
        23.90625,
        22.140625,
        17.90625,
        21.015625,
        18.9375,
        20.359375,
        18.359375,
        17.484375,
        18.546875,
        19.3125,
        16.84375,
        21.671875,
        20.078125,
        20.6875,
        15.984375,
        20.640625,
        20.484375,
        18.25,
        21.59375,
        19.234375,
        23.390625,
        20.921875,
        20.84375,
        20.359375,
        21.46875,
        22.9375,
        16.71875,
        20.171875,
        16.75,
        18.1875,
        21.84375,
        19.921875,
        16.140625,
        16.453125,
        20.515625,
        24.90625,
        20.203125,
        25.734375,
        21.34375,
        18.828125,
        20.203125,
        19.734375,
        17.546875,
        17.59375,
        20.171875,
        23.078125,
        20.765625,
        16.984375,
        20.515625,
        21.421875,
        16.59375,
        22.671875,
        23.765625,
        16.421875,
        15.828125,
        23.203125,
        22.234375,
        21.765625,
        16.453125,
        20.359375,
        17.859375,
        21.125,
        19.171875,
        21.375,
        16.515625,
        17.453125,
        17.25,
        19.84375,
        13.59375,
        20.25,
        22.234375,
        17.71875,
        22.109375,
        17.140625,
        16.203125,
        19.546875
      ],
      "mean_perplexity": 19.56028963414634
    },
    "invalid_examples": [
      {
        "question": "Passage: Hydroxyzine -- Hydroxyzine preparations require a doctor's prescription. The drug is available in two formulations, the pamoate and the dihydrochloride or hydrochloride salts. Vistaril, Equipose, Masmoran, and Paxistil are preparations of the pamoate salt, while Atarax, Alamon, Aterax, Durrax, Tran-Q, Orgatrax, Quiess, and Tranquizine are of the hydrochloride salt.\nQuestion: is there a difference between hydroxyzine hcl and hydroxyzine pam\nAnswer:",
        "response": " Hydro"
      },
      {
        "question": "Passage: Barq's -- Barq's /\u02c8b\u0251\u02d0rks/ is an American soft drink. Its brand of root beer is notable for having caffeine. Barq's, created by Edward Barq and bottled since the turn of the 20th century, is owned by the Barq family but bottled by the Coca-Cola Company. It was known as Barq's Famous Olde Tyme Root Beer until 2012.\nQuestion: is barq's root beer a pepsi product\nAnswer:",
        "response": " Bar"
      },
      {
        "question": "Passage: Bloodline (TV series) -- Bloodline was announced in October 2014 as part of a partnership between Netflix and Sony Pictures Television, representing Netflix's first major deal with a major film studio for a television series. The series was created and executive produced by Todd A. Kessler, Glenn Kessler, and Daniel Zelman, who previously created the FX series Damages. According to its official synopsis released by Netflix, Bloodline ``centers on a close-knit family of four adult siblings whose secrets and scars are revealed when their black sheep brother returns home.''\nQuestion: is the show bloodline based on a true story\nAnswer:",
        "response": " Blood"
      },
      {
        "question": "Passage: Post-office box -- Street Addressing will have the same street address of the post office, plus a ``unit number'' that matches the P.O. Box number. As an example, in El Centro, California, the post office is located at 1598 Main Street. Therefore, for P.O. Box 9975 (fictitious), the Street Addressing would be: 1598 Main Street Unit 9975, El Centro, CA. Nationally, the first five digits of the zip code may or may not be the same as the P.O. Box address, and the last four digits (Zip + 4) are virtually always different. Except for a few of the largest post offices in the U.S., the 'Street Addressing' (not the P.O. Box address) nine digit Zip + 4 is the same for all boxes at a given location.\nQuestion: does p o box come before street address\nAnswer:",
        "response": " P"
      },
      {
        "question": "Passage: Benson & Hedges -- Benson & Hedges is a British brand of cigarettes owned by either Philip Morris International, British American Tobacco, or Japan Tobacco, depending on the region. In the UK, they are registered in Old Bond Street in London, and are manufactured in Lisnafillan, Ballymena, Northern Ireland.\nQuestion: do they still make benson & hedges cigarettes\nAnswer:",