{
  "metadata": {
    "timestamp": "20241216_135834",
    "model_name": "Qwen/Qwen2.5-14B",
    "num_pruned_layers": 31,
    "has_adapter": true,
    "task": "boolq"
  },
  "metrics": {
    "response_quality": {
      "total_responses": 3270,
      "valid_responses": 2404,
      "invalid_responses": 866,
      "invalid_percentage": 26.483180428134556
    },
    "metrics": {
      "accuracy": 0.6014975041597338,
      "evaluate_accuracy": {
        "accuracy": 0.44220183486238535
      },
      "precision": 0.6105127100387764,
      "recall": 0.9632902787219578,
      "f1": 0.7473628691983122,
      "total_evaluated": 2404,
      "confusion_matrix": {
        "true_positives": 1417,
        "true_negatives": 29,
        "false_positives": 904,
        "false_negatives": 54
      },
      "perplexities": [
        43.09375,
        38.1875,
        40.25,
        42.03125,
        41.21875,
        36.15625,
        40.1875,
        41.625,
        39.9375,
        51.375,
        44.75,
        41.46875,
        42.78125,
        44.375,
        40.65625,
        40.5,
        41.78125,
        46.6875,
        46.875,
        43.6875,
        44.3125,
        38.40625,
        37.21875,
        39.1875,
        49.21875,
        32.34375,
        46.6875,
        40.09375,
        41.9375,
        50.40625,
        47.625,
        35.75,
        41.875,
        47.15625,
        46.34375,
        39.3125,
        41.21875,
        50.90625,
        43.09375,
        35.46875,
        34.90625,
        38.875,
        49.625,
        37.21875,
        43.625,
        41.625,
        43.78125,
        45.4375,
        41.375,
        37.8125,
        42.53125,
        43.4375,
        38.40625,
        40.09375,
        43.03125,
        47.15625,
        44.8125,
        50.40625,
        38.625,
        44.5625,
        46.34375,
        38.40625,
        40.5625,
        50.90625,
        52.0,
        42.53125,
        43.375,
        40.09375,
        45.4375,
        38.78125,
        47.34375,
        50.90625,
        51.0,
        37.65625,
        43.375,
        50.09375,
        40.90625,
        42.28125,
        43.78125,
        45.875,
        40.5625,
        44.5625,
        37.3125,
        42.03125,
        39.5625,
        38.1875,
        48.375,
        59.03125,
        47.8125,
        46.0625,
        43.875,
        42.4375,
        45.53125,
        52.59375,
        42.4375,
        40.1875,
        31.65625,
        37.96875,
        53.96875,
        49.53125,
        32.9375,
        48.5625,
        42.28125,
        46.96875,
        40.96875,
        42.03125,
        39.46875,
        46.4375,
        45.34375,
        40.40625,
        33.4375,
        44.90625,
        39.5625,
        35.375,
        48.09375,
        59.5,
        46.53125,
        44.125,
        43.625,
        43.1875,
        37.96875,
        42.78125,
        48.46875,
        40.8125,
        40.96875,
        37.90625,
        48.28125,
        39.09375,
        48.1875,
        51.6875,
        47.34375,
        40.03125,
        48.375,
        43.1875,
        41.78125,
        41.6875,
        36.4375,
        41.875,
        42.1875,
        41.125,
        45.25,
        41.875,
        43.96875,
        35.25,
        48.0,
        45.625,
        40.8125,
        47.8125,
        43.875,
        52.59375,
        43.78125,
        46.78125,
        43.4375,
        48.65625,
        51.59375,
        39.875,
        41.28125,
        35.9375,
        41.21875,
        46.59375,
        46.34375,
        34.4375,
        35.375,
        48.1875,
        53.84375,
        45.53125,
        56.78125,
        43.09375,
        43.625,
        42.78125,
        42.03125,
        38.5,
        38.40625,
        42.6875,
        51.375,
        45.8125,
        41.0625,
        43.53125,
        48.1875,
        34.78125,
        49.40625,
        48.09375,
        36.375,
        35.1875,
        51.1875,
        44.375,
        46.78125,
        37.8125,
        41.28125,
        42.1875,
        44.8125,
        42.1875,
        45.96875,
        37.8125,
        37.75,
        38.78125,
        46.59375,
        27.5625,
        45.53125,
        47.53125,
        41.875,
        50.09375,
        39.03125,
        35.125,
        41.0625
      ],
      "mean_perplexity": 43.208841463414636
    },
    "invalid_examples": [
      {
        "question": "Passage: Harry Potter and the Escape from Gringotts -- Harry Potter and the Escape from Gringotts is an indoor steel roller coaster at Universal Studios Florida, a theme park located within the Universal Orlando Resort. Similar to dark rides, the roller coaster utilizes special effects in a controlled-lighting environment and also employs motion-based 3-D projection of both animation and live-action sequences to enhance the experience. The ride, which is themed to the Gringotts Wizarding Bank, became the flagship attraction for the expanded Wizarding World of Harry Potter when it opened on July 8, 2014.\nQuestion: is harry potter and the escape from gringotts a roller coaster ride\nAnswer:",
        "response": " har"
      },
      {
        "question": "Passage: Barq's -- Barq's /\u02c8b\u0251\u02d0rks/ is an American soft drink. Its brand of root beer is notable for having caffeine. Barq's, created by Edward Barq and bottled since the turn of the 20th century, is owned by the Barq family but bottled by the Coca-Cola Company. It was known as Barq's Famous Olde Tyme Root Beer until 2012.\nQuestion: is barq's root beer a pepsi product\nAnswer:",
        "response": " Bar"
      },
      {
        "question": "Passage: American entry into Canada by land -- Persons driving into Canada must have their vehicle's registration document and proof of insurance.\nQuestion: can u drive in canada with us license\nAnswer:",
        "response": " I"
      },
      {
        "question": "Passage: Bloodline (TV series) -- Bloodline was announced in October 2014 as part of a partnership between Netflix and Sony Pictures Television, representing Netflix's first major deal with a major film studio for a television series. The series was created and executive produced by Todd A. Kessler, Glenn Kessler, and Daniel Zelman, who previously created the FX series Damages. According to its official synopsis released by Netflix, Bloodline ``centers on a close-knit family of four adult siblings whose secrets and scars are revealed when their black sheep brother returns home.''\nQuestion: is the show bloodline based on a true story\nAnswer:",
        "response": " Blood"
      },
      {
        "question": "Passage: Shower gel -- Shower gels for men may contain the ingredient menthol, which gives a cooling and stimulating sensation on the skin, and some men's shower gels are also designed specifically for use on hair and body. Shower gels contain milder surfactant bases than shampoos, and some also contain gentle conditioning agents in the formula. This means that shower gels can also double as an effective and perfectly acceptable substitute to shampoo, even if they are not labelled as a hair and body wash. Washing hair with shower gel should give approximately the same result as using a moisturising shampoo.\nQuestion: is it bad to wash your hair with shower gel\nAnswer:",
        "response": " Shower"
      },
      {
        "question": "Passage: Russell Group -- In March 2012 it was announced that four universities -- Durham, Exeter, Queen Mary University of London; and York -- would become members of the Russell Group in August of the same year. All of the new members had previously been members of the 1994 Group of British universities.\nQuestion: is durham university part of the russell group\nAnswer:",