{
  "metadata": {
    "timestamp": "20241216_114926",
    "model_name": "Qwen/Qwen2.5-7B",
    "num_pruned_layers": 24,
    "has_adapter": true,
    "task": "boolq"
  },
  "metrics": {
    "response_quality": {
      "total_responses": 3270,
      "valid_responses": 959,
      "invalid_responses": 2311,
      "invalid_percentage": 70.67278287461774
    },
    "metrics": {
      "accuracy": 0.6120959332638165,
      "evaluate_accuracy": {
        "accuracy": 0.17951070336391436
      },
      "precision": 0.6120959332638165,
      "recall": 1.0,
      "f1": 0.759379042690815,
      "total_evaluated": 959,
      "confusion_matrix": {
        "true_positives": 587,
        "true_negatives": 0,
        "false_positives": 372,
        "false_negatives": 0
      },
      "perplexities": [
        251.5,
        219.375,
        262.5,
        274.0,
        267.75,
        241.875,
        227.25,
        261.5,
        239.0,
        289.5,
        286.0,
        229.0,
        218.5,
        265.5,
        270.75,
        229.0,
        248.5,
        274.0,
        264.5,
        305.75,
        281.75,
        229.875,
        194.375,
        251.5,
        280.5,
        168.875,
        282.75,
        221.875,
        249.5,
        279.5,
        265.5,
        226.25,
        254.5,
        263.5,
        277.25,
        251.5,
        206.875,
        276.25,
        314.25,
        243.75,
        241.875,
        218.5,
        282.75,
        245.625,
        253.5,
        216.75,
        243.75,
        265.5,
        228.125,
        206.0,
        262.5,
        257.5,
        242.75,
        199.75,
        255.375,
        277.25,
        241.875,
        310.5,
        264.5,
        298.75,
        298.75,
        233.5,
        233.5,
        296.25,
        287.25,
        242.75,
        227.25,
        225.375,
        297.5,
        234.375,
        305.75,
        363.0,
        294.0,
        245.625,
        262.5,
        308.0,
        237.125,
        253.5,
        288.25,
        234.375,
        275.0,
        319.25,
        310.5,
        302.25,
        240.0,
        272.0,
        298.75,
        357.5,
        280.5,
        261.5,
        266.75,
        213.375,
        325.5,
        304.5,
        244.75,
        204.5,
        192.0,
        247.625,
        308.0,
        334.5,
        178.375,
        294.0,
        257.5,
        260.5,
        245.625,
        273.0,
        224.5,
        275.0,
        265.5,
        229.875,
        199.75,
        276.25,
        235.375,
        215.125,
        280.5,
        368.75,
        310.5,
        283.75,
        248.5,
        273.0,
        208.5,
        287.25,
        292.75,
        251.5,
        237.125,
        216.0,
        279.5,
        216.0,
        289.5,
        323.0,
        298.75,
        246.625,
        280.5,
        281.75,
        270.75,
        240.875,
        184.0,
        276.25,
        255.375,
        255.375,
        260.5,
        278.25,
        220.25,
        212.625,
        304.5,
        276.25,
        234.375,
        295.25,
        324.25,
        342.5,
        260.5,
        277.25,
        216.75,
        268.75,
        274.0,
        267.75,
        227.25,
        192.875,
        265.5,
        262.5,
        277.25,
        189.125,
        182.5,
        315.5,
        310.5,
        345.0,
        326.75,
        210.125,
        275.0,
        249.5,
        233.5,
        209.25,
        207.625,
        242.75,
        295.25,
        237.125,
        251.5,
        247.625,
        310.5,
        221.0,
        386.5,
        250.5,
        187.625,
        206.875,
        288.25,
        219.375,
        251.5,
        219.375,
        260.5,
        218.5,
        330.5,
        261.5,
        257.5,
        229.875,
        223.625,
        279.5,
        333.25,
        175.5,
        270.75,
        276.25,
        232.625,
        268.75,
        230.75,
        211.0,
        239.0
      ],
      "mean_perplexity": 259.42317073170733
    },
    "invalid_examples": [
      {
        "question": "Passage: Property tax -- Property tax or 'house tax' is a local tax on buildings, along with appurtenant land. It is and imposed on the Possessor (not the custodian of property as per 1978, 44th amendment of constitution). It resembles the US-type wealth tax and differs from the excise-type UK rate. The tax power is vested in the states and is delegated to local bodies, specifying the valuation method, rate band, and collection procedures. The tax base is the annual rental value (ARV) or area-based rating. Owner-occupied and other properties not producing rent are assessed on cost and then converted into ARV by applying a percentage of cost, usually four percent. Vacant land is generally exempt. Central government properties are exempt. Instead a 'service charge' is permissible under executive order. Properties of foreign missions also enjoy tax exemption without requiring reciprocity. The tax is usually accompanied by service taxes, e.g., water tax, drainage tax, conservancy (sanitation) tax, lighting tax, all using the same tax base. The rate structure is flat on rural (panchayat) properties, but in the urban (municipal) areas it is mildly progressive with about 80% of assessments falling in the first two brackets.\nQuestion: is house tax and property tax are same\nAnswer:",
        "response": " "
      },
      {
        "question": "Passage: Phantom pain -- Phantom pain sensations are described as perceptions that an individual experiences relating to a limb or an organ that is not physically part of the body. Limb loss is a result of either removal by amputation or congenital limb deficiency. However, phantom limb sensations can also occur following nerve avulsion or spinal cord injury.\nQuestion: is pain experienced in a missing body part or paralyzed area\nAnswer:",
        "response": " "
      },
      {
        "question": "Passage: Harry Potter and the Escape from Gringotts -- Harry Potter and the Escape from Gringotts is an indoor steel roller coaster at Universal Studios Florida, a theme park located within the Universal Orlando Resort. Similar to dark rides, the roller coaster utilizes special effects in a controlled-lighting environment and also employs motion-based 3-D projection of both animation and live-action sequences to enhance the experience. The ride, which is themed to the Gringotts Wizarding Bank, became the flagship attraction for the expanded Wizarding World of Harry Potter when it opened on July 8, 2014.\nQuestion: is harry potter and the escape from gringotts a roller coaster ride\nAnswer:",
        "response": " "
      },
      {
        "question": "Passage: Hydroxyzine -- Hydroxyzine preparations require a doctor's prescription. The drug is available in two formulations, the pamoate and the dihydrochloride or hydrochloride salts. Vistaril, Equipose, Masmoran, and Paxistil are preparations of the pamoate salt, while Atarax, Alamon, Aterax, Durrax, Tran-Q, Orgatrax, Quiess, and Tranquizine are of the hydrochloride salt.\nQuestion: is there a difference between hydroxyzine hcl and hydroxyzine pam\nAnswer:",
        "response": " \""
      },
      {
        "question": "Passage: Barq's -- Barq's /\u02c8b\u0251\u02d0rks/ is an American soft drink. Its brand of root beer is notable for having caffeine. Barq's, created by Edward Barq and bottled since the turn of the 20th century, is owned by the Barq family but bottled by the Coca-Cola Company. It was known as Barq's Famous Olde Tyme Root Beer until 2012.\nQuestion: is barq's root beer a pepsi product\nAnswer:",