{
  "metadata": {
    "timestamp": "20241216_111025",
    "model_name": "Qwen/Qwen2.5-7B",
    "num_pruned_layers": 0,
    "has_adapter": false,
    "task": "boolq"
  },
  "metrics": {
    "response_quality": {
      "total_responses": 3270,
      "valid_responses": 3270,
      "invalid_responses": 0,
      "invalid_percentage": 0.0
    },
    "metrics": {
      "accuracy": 0.8602446483180428,
      "evaluate_accuracy": {
        "accuracy": 0.8602446483180428
      },
      "precision": 0.8781190019193857,
      "recall": 0.9001475651746188,
      "f1": 0.8889968423609425,
      "total_evaluated": 3270,
      "confusion_matrix": {
        "true_positives": 1830,
        "true_negatives": 983,
        "false_positives": 254,
        "false_negatives": 203
      },
      "perplexities": [
        6.1875,
        7.40234375,
        6.66796875,
        7.8359375,
        6.515625,
        6.30078125,
        6.9296875,
        6.6953125,
        7.28125,
        8.2421875,
        8.1328125,
        7.05078125,
        7.8671875,
        7.21875,
        5.79296875,
        5.91015625,
        7.2265625,
        8.4375,
        8.96875,
        6.703125,
        5.44921875,
        5.68359375,
        6.67578125,
        5.22265625,
        8.40625,
        6.13671875,
        5.7265625,
        8.6015625,
        6.76171875,
        7.8359375,
        6.84765625,
        6.65625,
        5.3515625,
        6.70703125,
        6.44921875,
        6.3828125,
        6.6875,
        7.8046875,
        6.15625,
        5.578125,
        6.01953125,
        6.484375,
        8.6015625,
        4.921875,
        5.71484375,
        5.8984375,
        6.66796875,
        7.03125,
        7.32421875,
        6.6171875,
        5.6171875,
        6.609375,
        5.69140625,
        8.0078125,
        5.96484375,
        6.9609375,
        8.2265625,
        7.16015625,
        7.5625,
        6.94921875,
        6.5546875,
        6.65625,
        5.59375,
        7.73046875,
        8.625,
        6.42578125,
        5.87890625,
        5.546875,
        7.8671875,
        5.3671875,
        7.078125,
        7.5625,
        7.71484375,
        6.80078125,
        6.9296875,
        7.91015625,
        6.36328125,
        7.8359375,
        7.578125,
        7.69921875,
        5.4765625,
        7.16015625,
        4.98046875,
        6.21484375,
        6.14453125,
        5.42578125,
        7.8515625,
        9.7109375,
        7.30859375,
        6.68359375,
        6.43359375,
        6.76171875,
        7.53515625,
        5.58203125,
        5.375,
        6.83203125,
        6.33203125,
        5.5078125,
        8.7734375,
        7.05859375,
        4.703125,
        6.1875,
        7.3515625,
        8.7265625,
        6.4453125,
        7.41796875,
        6.1484375,
        6.7421875,
        6.98046875,
        6.734375,
        4.89453125,
        7.18359375,
        5.41015625,
        6.03125,
        7.43359375,
        6.3828125,
        7.33984375,
        7.7421875,
        6.828125,
        5.77734375,
        5.51953125,
        5.92578125,
        8.0390625,
        6.11328125,
        5.92578125,
        6.2578125,
        6.37109375,
        7.51953125,
        8.7578125,
        8.875,
        7.7734375,
        5.9140625,
        7.1484375,
        6.79296875,
        6.90234375,
        6.703125,
        6.0546875,
        7.65234375,
        7.06640625,
        5.203125,
        8.5390625,
        7.12109375,
        7.625,
        5.765625,
        7.71484375,
        6.76171875,
        6.98046875,
        7.578125,
        6.41796875,
        8.2734375,
        8.34375,
        7.4609375,
        6.63671875,
        7.7890625,
        8.0859375,
        5.26953125,
        7.91015625,
        5.59375,
        5.80078125,
        7.59375,
        7.3671875,
        5.9296875,
        5.90234375,
        7.40234375,
        8.5546875,
        6.609375,
        8.984375,
        6.46875,
        7.34765625,
        7.59375,
        7.95703125,
        5.828125,
        6.46484375,
        8.5234375,
        7.97265625,
        7.296875,
        6.06640625,
        7.71484375,
        7.41796875,
        6.68359375,
        9.546875,
        8.1953125,
        6.0859375,
        5.875,
        7.28125,
        7.8359375,
        7.51953125,
        5.328125,
        7.98828125,
        6.28515625,
        6.6484375,
        5.890625,
        7.625,
        5.609375,
        5.96484375,
        5.56640625,
        6.078125,
        5.67578125,
        7.40234375,
        8.34375,
        6.83203125,
        8.1796875,
        6.046875,
        6.765625,
        5.59375
      ],
      "mean_perplexity": 6.867682926829269
    },
    "invalid_examples": []
  }
}