{
  "metadata": {
    "timestamp": "20241216_111401",
    "model_name": "Qwen/Qwen2.5-7B",
    "num_pruned_layers": 1,
    "has_adapter": true,
    "task": "boolq"
  },
  "metrics": {
    "response_quality": {
      "total_responses": 3270,
      "valid_responses": 3269,
      "invalid_responses": 1,
      "invalid_percentage": 0.03058103975535168
    },
    "metrics": {
      "accuracy": 0.831752829611502,
      "evaluate_accuracy": {
        "accuracy": 0.8314984709480122
      },
      "precision": 0.8311746315319339,
      "recall": 0.9153959665518937,
      "f1": 0.8712546816479401,
      "total_evaluated": 3269,
      "confusion_matrix": {
        "true_positives": 1861,
        "true_negatives": 858,
        "false_positives": 378,
        "false_negatives": 172
      },
      "perplexities": [
        6.609375,
        7.59375,
        6.875,
        8.0546875,
        6.89453125,
        6.37109375,
        7.140625,
        6.90234375,
        7.609375,
        8.1484375,
        8.1796875,
        7.23828125,
        8.1953125,
        7.4921875,
        6.28515625,
        6.08984375,
        7.2890625,
        8.7578125,
        9.0,
        7.0859375,
        5.671875,
        6.34375,
        6.7890625,
        5.453125,
        8.828125,
        6.484375,
        6.3203125,
        8.65625,
        7.24609375,
        8.1796875,
        7.33984375,
        6.703125,
        5.90234375,
        6.9609375,
        7.015625,
        6.68359375,
        7.03515625,
        8.2109375,
        6.46875,
        5.87890625,
        6.12109375,
        6.74609375,
        8.671875,
        5.203125,
        6.296875,
        6.0234375,
        7.03515625,
        7.34765625,
        7.5625,
        6.59765625,
        6.08984375,
        6.72265625,
        5.953125,
        8.0078125,
        6.296875,
        7.359375,
        8.5078125,
        7.53515625,
        7.8203125,
        7.06640625,
        6.94921875,
        6.80859375,
        6.0078125,
        8.0390625,
        9.0546875,
        6.5,
        6.04296875,
        5.67578125,
        8.0390625,
        5.63671875,
        7.40234375,
        7.7890625,
        7.89453125,
        7.40234375,
        7.06640625,
        8.0546875,
        6.6171875,
        7.8203125,
        7.65234375,
        7.7578125,
        5.85546875,
        7.21875,
        5.51953125,
        6.83203125,
        6.58984375,
        5.8046875,
        8.3046875,
        10.078125,
        7.4453125,
        7.09765625,
        7.16796875,
        6.9140625,
        7.8359375,
        5.94140625,
        5.78125,
        7.23828125,
        6.6875,
        5.765625,
        8.859375,
        7.4609375,
        5.23046875,
        6.44921875,
        7.53515625,
        8.7265625,
        6.5390625,
        7.65234375,
        6.4140625,
        6.94140625,
        7.265625,
        6.9765625,
        5.14453125,
        7.359375,
        5.83203125,
        6.2578125,
        7.65234375,
        6.6953125,
        7.51953125,
        7.8671875,
        6.85546875,
        6.16015625,
        5.71484375,
        6.33203125,
        7.92578125,
        6.375,
        6.22265625,
        6.5703125,
        6.83203125,
        7.625,
        8.7578125,
        9.1796875,
        7.8515625,
        6.4140625,
        7.1953125,
        6.93359375,
        7.24609375,
        6.9296875,
        6.46484375,
        7.63671875,
        7.3515625,
        5.51171875,
        8.6015625,
        7.33984375,
        7.8671875,
        6.2890625,
        7.8359375,
        6.87890625,
        6.94921875,
        7.69921875,
        6.625,
        8.5234375,
        8.359375,
        7.69921875,
        7.2109375,
        7.8671875,
        8.1640625,
        5.53515625,
        8.1953125,
        5.80078125,
        6.109375,
        7.8515625,
        7.43359375,
        6.24609375,
        6.0859375,
        7.375,
        8.7265625,
        6.67578125,
        9.1953125,
        6.90234375,
        7.4609375,
        7.8515625,
        7.98828125,
        6.2265625,
        6.765625,
        8.5078125,
        8.3203125,
        7.4453125,
        6.33203125,
        7.94140625,
        7.63671875,
        6.94921875,
        9.3984375,
        8.453125,
        6.2109375,
        6.1484375,
        7.50390625,
        8.1484375,
        7.73046875,
        5.68359375,
        7.91015625,
        6.6484375,
        7.0078125,
        6.11328125,
        7.68359375,
        5.75390625,
        6.1484375,
        5.62109375,
        6.46484375,
        5.83203125,
        7.33984375,
        8.40625,
        6.94140625,
        8.34375,
        6.30859375,
        6.88671875,
        6.1796875
      ],
      "mean_perplexity": 7.112385670731707
    },
    "invalid_examples": [
      {
        "question": "Passage: Vauxhall station -- Vauxhall (/\u02c8v\u0252ks\u0254\u02d0l/, VOK-sawl) is a National Rail, London Underground and London Buses interchange station in central London. It is at the Vauxhall Cross road junction opposite the southern approach to Vauxhall Bridge over the River Thames in the district of Vauxhall. The station is on the boundary of zones 1 and 2 of the London Travelcard area and, although a through station, it is classed as a central London terminus for ticketing purposes.\nQuestion: is vauxhall station in zone 1 or 2\nAnswer:",
        "response": " V"
      }
    ]
  }
}