{
  "metadata": {
    "timestamp": "20241216_105047",
    "model_name": "Qwen/Qwen2.5-0.5B",
    "num_pruned_layers": 8,
    "has_adapter": false,
    "task": "boolq"
  },
  "metrics": {
    "response_quality": {
      "total_responses": 3270,
      "valid_responses": 2917,
      "invalid_responses": 353,
      "invalid_percentage": 10.795107033639145
    },
    "metrics": {
      "accuracy": 0.6191292423723003,
      "evaluate_accuracy": {
        "accuracy": 0.5522935779816514
      },
      "precision": 0.6219301279833968,
      "recall": 0.9900881057268722,
      "f1": 0.7639685574676014,
      "total_evaluated": 2917,
      "confusion_matrix": {
        "true_positives": 1798,
        "true_negatives": 8,
        "false_positives": 1093,
        "false_negatives": 18
      },
      "perplexities": [
        46.59375,
        43.53125,
        40.65625,
        47.25,
        39.71875,
        40.25,
        40.65625,
        42.1875,
        42.59375,
        53.03125,
        47.0625,
        41.875,
        44.21875,
        47.15625,
        47.15625,
        42.4375,
        43.1875,
        52.1875,
        50.78125,
        49.90625,
        46.25,
        40.90625,
        39.875,
        36.21875,
        52.71875,
        36.65625,
        49.53125,
        42.6875,
        41.53125,
        51.375,
        49.3125,
        41.0625,
        43.4375,
        47.15625,
        49.71875,
        43.96875,
        42.9375,
        52.3125,
        46.53125,
        42.9375,
        36.3125,
        42.28125,
        54.8125,
        39.25,
        42.9375,
        42.03125,
        43.78125,
        49.03125,
        41.625,
        41.0625,
        43.875,
        47.15625,
        41.53125,
        42.28125,
        43.53125,
        49.40625,
        51.90625,
        52.3125,
        44.90625,
        42.53125,
        49.3125,
        42.53125,
        42.34375,
        49.03125,
        59.28125,
        44.21875,
        42.28125,
        39.625,
        48.0,
        39.09375,
        49.71875,
        55.03125,
        52.5,
        40.34375,
        47.8125,
        51.59375,
        42.28125,
        41.53125,
        45.96875,
        48.0,
        42.28125,
        45.4375,
        37.75,
        42.03125,
        41.78125,
        40.5,
        49.71875,
        60.90625,
        51.28125,
        46.15625,
        43.625,
        44.75,
        45.96875,
        50.1875,
        44.21875,
        42.28125,
        34.78125,
        38.40625,
        59.03125,
        52.59375,
        35.03125,
        46.25,
        43.875,
        51.78125,
        40.96875,
        44.375,
        41.6875,
        47.34375,
        46.6875,
        41.375,
        36.15625,
        41.875,
        37.8125,
        38.1875,
        49.40625,
        59.5,
        45.34375,
        48.75,
        45.8125,
        44.8125,
        39.40625,
        43.96875,
        50.78125,
        42.78125,
        42.53125,
        40.96875,
        46.59375,
        42.4375,
        50.59375,
        54.0625,
        53.65625,
        42.1875,
        49.90625,
        47.0625,
        47.8125,
        45.09375,
        38.78125,
        40.5,
        42.09375,
        41.125,
        48.28125,
        44.65625,
        45.1875,
        36.59375,
        48.375,
        51.78125,
        45.625,
        49.71875,
        45.0,
        53.125,
        48.46875,
        46.59375,
        43.78125,
        49.3125,
        50.0,
        40.65625,
        43.1875,
        37.75,
        44.375,
        47.25,
        46.96875,
        37.8125,
        39.1875,
        49.125,
        57.0,
        47.90625,
        56.78125,
        48.0,
        44.75,
        45.34375,
        45.34375,
        40.03125,
        38.875,
        46.25,
        54.28125,
        47.71875,
        40.09375,
        50.59375,
        47.8125,
        38.71875,
        50.1875,
        53.03125,
        41.0625,
        35.1875,
        57.65625,
        49.03125,
        48.5625,
        38.34375,
        47.90625,
        40.09375,
        53.21875,
        48.46875,
        48.9375,
        39.3125,
        38.9375,
        43.78125,
        47.34375,
        36.9375,
        50.40625,
        52.59375,
        39.875,
        47.90625,
        39.09375,
        37.59375,
        39.3125
      ],
      "mean_perplexity": 45.33064024390244
    },
    "invalid_examples": [
      {
        "question": "Passage: Harry Potter and the Escape from Gringotts -- Harry Potter and the Escape from Gringotts is an indoor steel roller coaster at Universal Studios Florida, a theme park located within the Universal Orlando Resort. Similar to dark rides, the roller coaster utilizes special effects in a controlled-lighting environment and also employs motion-based 3-D projection of both animation and live-action sequences to enhance the experience. The ride, which is themed to the Gringotts Wizarding Bank, became the flagship attraction for the expanded Wizarding World of Harry Potter when it opened on July 8, 2014.\nQuestion: is harry potter and the escape from gringotts a roller coaster ride\nAnswer:",
        "response": " Harry"
      },
      {
        "question": "Passage: Magnesium citrate -- Magnesium citrate is a magnesium preparation in salt form with citric acid in a 1:1 ratio (1 magnesium atom per citrate molecule). The name ``magnesium citrate'' is ambiguous and sometimes may refer to other salts such as trimagnesium citrate which has a magnesium:citrate ratio of 3:2.\nQuestion: does magnesium citrate have citric acid in it\nAnswer:",
        "response": " Magn"
      },
      {
        "question": "Passage: Benson & Hedges -- Benson & Hedges is a British brand of cigarettes owned by either Philip Morris International, British American Tobacco, or Japan Tobacco, depending on the region. In the UK, they are registered in Old Bond Street in London, and are manufactured in Lisnafillan, Ballymena, Northern Ireland.\nQuestion: do they still make benson & hedges cigarettes\nAnswer:",
        "response": " Benson"
      },
      {
        "question": "Passage: Indiana Jones and the Temple of Doom -- Indiana Jones and the Temple of Doom is a 1984 American action-adventure film directed by Steven Spielberg. It is the second installment in the Indiana Jones franchise and a prequel to the 1981 film Raiders of the Lost Ark, featuring Harrison Ford reprising his role as the title character. After arriving in North India, Indiana Jones is asked by desperate villagers to find a mystical stone and rescue their children from a Thuggee cult practicing child slavery, black magic and ritual human sacrifice in honor of the goddess Kali.\nQuestion: is indiana jones temple of doom a prequel\nAnswer:",