{
  "metadata": {
    "timestamp": "20241216_135554",
    "model_name": "Qwen/Qwen2.5-14B",
    "num_pruned_layers": 31,
    "has_adapter": false,
    "task": "boolq"
  },
  "metrics": {
    "response_quality": {
      "total_responses": 3270,
      "valid_responses": 2690,
      "invalid_responses": 580,
      "invalid_percentage": 17.737003058103976
    },
    "metrics": {
      "accuracy": 0.61635687732342,
      "evaluate_accuracy": {
        "accuracy": 0.5070336391437309
      },
      "precision": 0.61635687732342,
      "recall": 1.0,
      "f1": 0.7626494940202392,
      "total_evaluated": 2690,
      "confusion_matrix": {
        "true_positives": 1658,
        "true_negatives": 0,
        "false_positives": 1032,
        "false_negatives": 0
      },
      "perplexities": [
        1565.0,
        1476.0,
        1470.0,
        1243.0,
        1880.0,
        1359.0,
        1534.0,
        1430.0,
        1571.0,
        1602.0,
        1672.0,
        1370.0,
        1312.0,
        1633.0,
        1583.0,
        1354.0,
        2098.0,
        1698.0,
        1633.0,
        1653.0,
        1801.0,
        1233.0,
        1267.0,
        1732.0,
        1354.0,
        1447.0,
        1873.0,
        1458.0,
        1375.0,
        1766.0,
        1499.0,
        1302.0,
        1583.0,
        1672.0,
        1719.0,
        1559.0,
        1370.0,
        1464.0,
        1646.0,
        1436.0,
        1679.0,
        1403.0,
        1685.0,
        1517.0,
        1547.0,
        1534.0,
        1365.0,
        1464.0,
        1228.0,
        1523.0,
        1523.0,
        1559.0,
        1287.0,
        1381.0,
        1725.0,
        1759.0,
        1902.0,
        1517.0,
        1297.0,
        1902.0,
        1659.0,
        1621.0,
        1614.0,
        1685.0,
        1672.0,
        1589.0,
        1436.0,
        1759.0,
        1844.0,
        1267.0,
        1705.0,
        1925.0,
        1844.0,
        1328.0,
        1746.0,
        1487.0,
        1441.0,
        1577.0,
        1808.0,
        1653.0,
        1523.0,
        1902.0,
        1464.0,
        1464.0,
        1018.0,
        1596.0,
        1614.0,
        1902.0,
        1880.0,
        1773.0,
        1481.0,
        1386.0,
        1963.0,
        1986.0,
        1441.0,
        1481.0,
        1328.0,
        1349.0,
        1596.0,
        2156.0,
        1127.0,
        1752.0,
        1318.0,
        1493.0,
        1787.0,
        1386.0,
        1419.0,
        1596.0,
        1659.0,
        1349.0,
        1565.0,
        1640.0,
        1238.0,
        1873.0,
        1534.0,
        2180.0,
        1752.0,
        1640.0,
        1403.0,
        1608.0,
        1243.0,
        1994.0,
        1815.0,
        1705.0,
        1447.0,
        1328.0,
        1523.0,
        1692.0,
        1932.0,
        1940.0,
        1666.0,
        1243.0,
        1553.0,
        1739.0,
        1608.0,
        1470.0,
        1328.0,
        1621.0,
        1338.0,
        1633.0,
        1589.0,
        1672.0,
        1481.0,
        1158.0,
        1397.0,
        2082.0,
        1447.0,
        1865.0,
        1910.0,
        1602.0,
        1238.0,
        1627.0,
        1092.0,
        1746.0,
        1633.0,
        1672.0,
        1505.0,
        1233.0,
        1787.0,
        2017.0,
        1436.0,
        1297.0,
        1318.0,
        2082.0,
        1672.0,
        1925.0,
        1759.0,
        1481.0,
        1589.0,
        1307.0,
        1375.0,
        1685.0,
        1621.0,
        1794.0,
        1794.0,
        1403.0,
        1873.0,
        1381.0,
        1565.0,
        1640.0,
        1851.0,
        1559.0,
        1287.0,
        1458.0,
        1528.0,
        1338.0,
        1403.0,
        1312.0,
        1602.0,
        1425.0,
        1705.0,
        1685.0,
        1583.0,
        1640.0,
        1430.0,
        1902.0,
        1773.0,
        1328.0,
        1970.0,
        1970.0,
        1633.0,
        1505.0,
        1257.0,
        1481.0,
        1464.0
      ],
      "mean_perplexity": 1577.6975609756098
    },
    "invalid_examples": [
      {
        "question": "Passage: Property tax -- Property tax or 'house tax' is a local tax on buildings, along with appurtenant land. It is and imposed on the Possessor (not the custodian of property as per 1978, 44th amendment of constitution). It resembles the US-type wealth tax and differs from the excise-type UK rate. The tax power is vested in the states and is delegated to local bodies, specifying the valuation method, rate band, and collection procedures. The tax base is the annual rental value (ARV) or area-based rating. Owner-occupied and other properties not producing rent are assessed on cost and then converted into ARV by applying a percentage of cost, usually four percent. Vacant land is generally exempt. Central government properties are exempt. Instead a 'service charge' is permissible under executive order. Properties of foreign missions also enjoy tax exemption without requiring reciprocity. The tax is usually accompanied by service taxes, e.g., water tax, drainage tax, conservancy (sanitation) tax, lighting tax, all using the same tax base. The rate structure is flat on rural (panchayat) properties, but in the urban (municipal) areas it is mildly progressive with about 80% of assessments falling in the first two brackets.\nQuestion: is house tax and property tax are same\nAnswer:",
        "response": ","
      },
      {
        "question": "Passage: Hydroxyzine -- Hydroxyzine preparations require a doctor's prescription. The drug is available in two formulations, the pamoate and the dihydrochloride or hydrochloride salts. Vistaril, Equipose, Masmoran, and Paxistil are preparations of the pamoate salt, while Atarax, Alamon, Aterax, Durrax, Tran-Q, Orgatrax, Quiess, and Tranquizine are of the hydrochloride salt.\nQuestion: is there a difference between hydroxyzine hcl and hydroxyzine pam\nAnswer:",
        "response": ","
      },
      {
        "question": "Passage: American entry into Canada by land -- Persons driving into Canada must have their vehicle's registration document and proof of insurance.\nQuestion: can u drive in canada with us license\nAnswer:",
        "response": ","
      },
      {
        "question": "Passage: The Resident (TV series) -- The Resident is an American medical drama television series aired by Fox Broadcasting Company that premiered on January 21, 2018, as a mid-season replacement entry in the 2017--18 television season. The fictional series focuses on the lives and duties of staff members at Chastain Park Memorial Hospital, while delving into the bureaucratic practices of the hospital industry. Formerly called The City, the show was purchased by Fox from Showtime in 2017. It was created by created by Amy Holden Jones, Hayley Schore, and Roshan Sethi. On May 10, 2017, Fox ordered a full 14-episode season and renewed the series for a second season on May 7, 2018. The first season officially concluded on May 14, 2018.\nQuestion: is the tv show the resident over for the season\nAnswer:",
        "response": "."
      },
      {
        "question": "Passage: Magnesium citrate -- Magnesium citrate is a magnesium preparation in salt form with citric acid in a 1:1 ratio (1 magnesium atom per citrate molecule). The name ``magnesium citrate'' is ambiguous and sometimes may refer to other salts such as trimagnesium citrate which has a magnesium:citrate ratio of 3:2.\nQuestion: does magnesium citrate have citric acid in it\nAnswer:",