{
  "metadata": {
    "timestamp": "20241216_105050",
    "model_name": "Qwen/Qwen2.5-0.5B",
    "num_pruned_layers": 7,
    "has_adapter": true,
    "task": "boolq"
  },
  "metrics": {
    "response_quality": {
      "total_responses": 3270,
      "valid_responses": 2072,
      "invalid_responses": 1198,
      "invalid_percentage": 36.63608562691131
    },
    "metrics": {
      "accuracy": 0.6037644787644788,
      "evaluate_accuracy": {
        "accuracy": 0.38256880733944953
      },
      "precision": 0.622279792746114,
      "recall": 0.9288476411446249,
      "f1": 0.7452683834936394,
      "total_evaluated": 2072,
      "confusion_matrix": {
        "true_positives": 1201,
        "true_negatives": 50,
        "false_positives": 729,
        "false_negatives": 92
      },
      "perplexities": [
        20.359375,
        19.734375,
        18.25,
        21.765625,
        18.1875,
        17.453125,
        19.015625,
        18.546875,
        20.0,
        23.578125,
        20.28125,
        18.765625,
        21.34375,
        20.921875,
        18.90625,
        18.546875,
        19.921875,
        23.390625,
        23.765625,
        21.046875,
        20.28125,
        17.6875,
        18.25,
        16.046875,
        23.53125,
        16.140625,
        20.796875,
        19.625,
        19.65625,
        22.984375,
        20.96875,
        18.1875,
        18.109375,
        20.046875,
        21.890625,
        18.109375,
        19.5,
        23.625,
        19.3125,
        18.796875,
        15.984375,
        19.234375,
        23.578125,
        15.703125,
        18.9375,
        17.453125,
        19.890625,
        20.609375,
        18.6875,
        18.390625,
        18.5,
        20.40625,
        18.1875,
        19.546875,
        19.625,
        22.234375,
        22.625,
        22.796875,
        19.625,
        18.71875,
        21.21875,
        18.609375,
        18.5,
        22.625,
        25.484375,
        18.90625,
        18.328125,
        18.078125,
        21.21875,
        16.75,
        21.421875,
        22.359375,
        22.234375,
        19.09375,
        20.5625,
        21.890625,
        19.203125,
        18.390625,
        20.84375,
        22.140625,
        18.359375,
        19.96875,
        16.484375,
        19.65625,
        18.359375,
        17.25,
        22.53125,
        27.78125,
        22.140625,
        21.125,
        19.8125,
        19.578125,
        20.640625,
        21.375,
        19.171875,
        18.9375,
        16.65625,
        17.046875,
        25.6875,
        22.9375,
        15.1640625,
        19.84375,
        19.921875,
        22.765625,
        17.6875,
        19.8125,
        18.28125,
        20.71875,
        20.84375,
        18.765625,
        15.1015625,
        18.65625,
        17.484375,
        16.359375,
        22.234375,
        25.4375,
        20.890625,
        20.921875,
        20.328125,
        19.359375,
        17.421875,
        18.609375,
        20.84375,
        18.9375,
        18.9375,
        18.4375,
        20.796875,
        19.046875,
        22.234375,
        25.0,
        23.125,
        18.359375,
        21.5,
        20.0,
        21.171875,
        19.359375,
        17.859375,
        18.65625,
        19.546875,
        17.765625,
        21.765625,
        20.515625,
        21.765625,
        17.140625,
        20.125,
        21.296875,
        19.171875,
        22.28125,
        19.359375,
        23.15625,
        21.59375,
        21.375,
        20.25,
        22.015625,
        23.078125,
        17.65625,
        20.484375,
        16.953125,
        19.09375,
        22.0625,
        20.359375,
        16.78125,
        17.046875,
        20.890625,
        26.140625,
        19.921875,
        25.890625,
        21.421875,
        18.609375,
        19.703125,
        20.171875,
        17.859375,
        18.140625,
        20.6875,
        22.765625,
        20.765625,
        17.453125,
        21.34375,
        21.640625,
        17.109375,
        22.890625,
        24.46875,
        16.71875,
        16.953125,
        23.71875,
        22.015625,
        21.9375,
        16.71875,
        20.96875,
        18.21875,
        22.3125,
        19.84375,
        21.5,
        17.59375,
        17.65625,
        17.765625,
        20.640625,
        14.578125,
        21.296875,
        22.765625,
        17.453125,
        22.53125,
        17.59375,
        16.84375,
        20.125
      ],
      "mean_perplexity": 20.002743902439025
    },
    "invalid_examples": [
      {
        "question": "Passage: Harry Potter and the Escape from Gringotts -- Harry Potter and the Escape from Gringotts is an indoor steel roller coaster at Universal Studios Florida, a theme park located within the Universal Orlando Resort. Similar to dark rides, the roller coaster utilizes special effects in a controlled-lighting environment and also employs motion-based 3-D projection of both animation and live-action sequences to enhance the experience. The ride, which is themed to the Gringotts Wizarding Bank, became the flagship attraction for the expanded Wizarding World of Harry Potter when it opened on July 8, 2014.\nQuestion: is harry potter and the escape from gringotts a roller coaster ride\nAnswer:",
        "response": " Harry"
      },
      {
        "question": "Passage: Hydroxyzine -- Hydroxyzine preparations require a doctor's prescription. The drug is available in two formulations, the pamoate and the dihydrochloride or hydrochloride salts. Vistaril, Equipose, Masmoran, and Paxistil are preparations of the pamoate salt, while Atarax, Alamon, Aterax, Durrax, Tran-Q, Orgatrax, Quiess, and Tranquizine are of the hydrochloride salt.\nQuestion: is there a difference between hydroxyzine hcl and hydroxyzine pam\nAnswer:",
        "response": " Hydro"
      },
      {
        "question": "Passage: Barq's -- Barq's /\u02c8b\u0251\u02d0rks/ is an American soft drink. Its brand of root beer is notable for having caffeine. Barq's, created by Edward Barq and bottled since the turn of the 20th century, is owned by the Barq family but bottled by the Coca-Cola Company. It was known as Barq's Famous Olde Tyme Root Beer until 2012.\nQuestion: is barq's root beer a pepsi product\nAnswer:",
        "response": " Bar"
      },
      {
        "question": "Passage: 2018 FIFA World Cup knockout stage -- The knockout stage of the 2018 FIFA World Cup was the second and final stage of the competition, following the group stage. It began on 30 June with the round of 16 and ended on 15 July with the final match, held at the Luzhniki Stadium in Moscow. The top two teams from each group (16 in total) advanced to the knockout stage to compete in a single-elimination style tournament. A third place play-off was also played between the two losing teams of the semi-finals.\nQuestion: is there a play off for third place in the world cup\nAnswer:",
        "response": " "
      },
      {
        "question": "Passage: Bloodline (TV series) -- Bloodline was announced in October 2014 as part of a partnership between Netflix and Sony Pictures Television, representing Netflix's first major deal with a major film studio for a television series. The series was created and executive produced by Todd A. Kessler, Glenn Kessler, and Daniel Zelman, who previously created the FX series Damages. According to its official synopsis released by Netflix, Bloodline ``centers on a close-knit family of four adult siblings whose secrets and scars are revealed when their black sheep brother returns home.''\nQuestion: is the show bloodline based on a true story\nAnswer:",