{
  "metadata": {
    "timestamp": "20241216_104922",
    "model_name": "Qwen/Qwen2.5-0.5B",
    "num_pruned_layers": 3,
    "has_adapter": true,
    "task": "boolq"
  },
  "metrics": {
    "response_quality": {
      "total_responses": 3270,
      "valid_responses": 3232,
      "invalid_responses": 38,
      "invalid_percentage": 1.162079510703364
    },
    "metrics": {
      "accuracy": 0.556930693069307,
      "evaluate_accuracy": {
        "accuracy": 0.5504587155963303
      },
      "precision": 0.6653272101033295,
      "recall": 0.577191235059761,
      "f1": 0.6181333333333334,
      "total_evaluated": 3232,
      "confusion_matrix": {
        "true_positives": 1159,
        "true_negatives": 641,
        "false_positives": 583,
        "false_negatives": 849
      },
      "perplexities": [
        16.046875,
        16.140625,
        14.953125,
        17.515625,
        15.1875,
        14.3828125,
        15.671875,
        15.34375,
        16.171875,
        19.546875,
        17.015625,
        15.21875,
        17.65625,
        17.28125,
        14.5546875,
        14.1015625,
        16.171875,
        18.9375,
        19.625,
        16.421875,
        15.3125,
        14.4921875,
        14.8125,
        13.09375,
        19.28125,
        13.3828125,
        16.84375,
        16.234375,
        16.109375,
        19.046875,
        17.796875,
        14.578125,
        14.1875,
        16.046875,
        17.515625,
        14.8671875,
        16.046875,
        18.90625,
        15.34375,
        14.578125,
        12.9140625,
        15.5234375,
        18.796875,
        12.2265625,
        15.3984375,
        13.828125,
        16.046875,
        16.625,
        15.3671875,
        14.4375,
        14.7265625,
        16.015625,
        14.1875,
        16.625,
        15.1875,
        17.96875,
        18.546875,
        18.359375,
        16.265625,
        15.4296875,
        16.90625,
        14.953125,
        15.3125,
        18.65625,
        19.84375,
        15.21875,
        14.6640625,
        14.2734375,
        16.546875,
        13.5625,
        16.90625,
        18.546875,
        18.21875,
        15.984375,
        16.234375,
        17.90625,
        15.28125,
        15.3671875,
        16.59375,
        17.6875,
        14.3828125,
        16.015625,
        13.015625,
        15.921875,
        14.984375,
        13.59375,
        18.875,
        22.625,
        17.65625,
        16.234375,
        16.625,
        16.015625,
        17.109375,
        16.84375,
        15.015625,
        15.796875,
        13.640625,
        13.5078125,
        20.359375,
        18.5,
        12.4453125,
        15.921875,
        16.71875,
        18.359375,
        14.1875,
        16.109375,
        14.8671875,
        16.546875,
        16.75,
        15.21875,
        12.28125,
        15.4296875,
        13.9375,
        13.3046875,
        17.25,
        19.125,
        17.078125,
        16.984375,
        15.953125,
        15.0703125,
        13.9375,
        14.78125,
        16.484375,
        14.78125,
        15.046875,
        14.640625,
        16.296875,
        16.328125,
        18.390625,
        20.4375,
        17.96875,
        14.75,
        17.515625,
        15.703125,
        16.71875,
        15.3671875,
        15.0703125,
        15.4296875,
        16.171875,
        13.484375,
        17.96875,
        16.75,
        17.453125,
        13.40625,
        16.8125,
        16.6875,
        15.1328125,
        17.65625,
        15.703125,
        19.203125,
        17.453125,
        16.984375,
        16.90625,
        17.96875,
        18.390625,
        13.4296875,
        17.015625,
        13.9921875,
        14.8984375,
        18.046875,
        16.203125,
        13.4609375,
        13.9921875,
        16.453125,
        20.40625,
        16.046875,
        21.125,
        17.6875,
        15.34375,
        16.71875,
        16.75,
        13.9140625,
        14.78125,
        17.109375,
        18.71875,
        16.953125,
        14.1875,
        16.84375,
        17.71875,
        14.1875,
        19.09375,
        19.625,
        13.3828125,
        13.0703125,
        19.046875,
        18.28125,
        18.109375,
        13.5625,
        16.8125,
        14.5234375,
        17.828125,
        15.609375,
        17.625,
        13.4296875,
        14.1328125,
        13.5390625,
        16.390625,
        11.6953125,
        16.6875,
        18.21875,
        14.5234375,
        18.578125,
        14.046875,
        13.6953125,
        15.890625
      ],
      "mean_perplexity": 16.131631097560977
    },
    "invalid_examples": [
      {
        "question": "Passage: Rampage (2018 film) -- Rampage is a 2018 American science fiction monster film directed by Brad Peyton, and loosely based on the video game series of the same name by Midway Games. The film stars Dwayne Johnson, Naomie Harris, Malin \u00c5kerman, Jake Lacy, Joe Manganiello, and Jeffrey Dean Morgan. It follows a primatologist named Davis Okoye who must team up with George, an albino gorilla who turns into a raging creature of enormous size as a result of a rogue experiment, to stop two other mutated animals from destroying Chicago. It is the third collaboration between Peyton and Johnson, following Journey 2: The Mysterious Island (2012) and San Andreas (2015).\nQuestion: is the rampage movie based on the game\nAnswer:",
        "response": " Ramp"
      },
      {
        "question": "Passage: I Can Only Imagine (film) -- I Can Only Imagine is a 2018 American Christian drama film directed by the Erwin Brothers and written by Alex Cramer, Jon Erwin, and Brent McCorkle, based on the story behind the MercyMe song of the same name, the best-selling Christian single of all time. The film stars J. Michael Finley as Bart Millard, the lead singer who wrote the song about his relationship with his father (Dennis Quaid). Madeline Carroll, Priscilla Shirer, Cloris Leachman, and Trace Adkins also star.\nQuestion: is i can only imagine based on a true story\nAnswer:",
        "response": " i"
      },
      {
        "question": "Passage: Better Call Saul (season 4) -- The fourth season of the American television drama series Better Call Saul premiered on August 6, 2018, and concluded on October 8, 2018. The fourth season consists of 10 episodes and aired on Mondays at 9:00 pm (Eastern) in the United States on AMC. Better Call Saul is a spin-off prequel of Breaking Bad created by Vince Gilligan and Peter Gould who also worked on Breaking Bad.\nQuestion: is season 4 of better call saul out\nAnswer:",
        "response": " Season"
      },
      {
        "question": "Passage: The Originals (season 5) -- The Originals, a one-hour American supernatural drama, was renewed for a fifth season by The CW on May 10, 2017. The 2016--17 United States television season debut of The Originals was pushed to midseason, as with the fourth-season premiere. On July 20, 2017, Julie Plec announced via Twitter that the upcoming season would be the series' last. The fifth season consists of 13 episodes and debuted on April 18, 2018. The series finale aired on August 1, 2018.\nQuestion: is season 5 of the originals the series finale\nAnswer:",