{
  "metadata": {
    "timestamp": "20241216_125851",
    "model_name": "Qwen/Qwen2.5-14B",
    "num_pruned_layers": 6,
    "has_adapter": true,
    "task": "boolq"
  },
  "metrics": {
    "response_quality": {
      "total_responses": 3270,
      "valid_responses": 3270,
      "invalid_responses": 0,
      "invalid_percentage": 0.0
    },
    "metrics": {
      "accuracy": 0.7489296636085627,
      "evaluate_accuracy": {
        "accuracy": 0.7489296636085627
      },
      "precision": 0.718299711815562,
      "recall": 0.9808165272995573,
      "f1": 0.8292784362653357,
      "total_evaluated": 3270,
      "confusion_matrix": {
        "true_positives": 1994,
        "true_negatives": 455,
        "false_positives": 782,
        "false_negatives": 39
      },
      "perplexities": [
        7.68359375,
        8.0078125,
        7.30859375,
        8.640625,
        7.43359375,
        7.00390625,
        7.33203125,
        7.55078125,
        8.375,
        8.421875,
        8.5859375,
        7.7421875,
        8.6875,
        8.2109375,
        6.7421875,
        6.5703125,
        8.1328125,
        9.7890625,
        9.015625,
        7.4609375,
        6.44921875,
        7.390625,
        7.12109375,
        6.5078125,
        9.7890625,
        6.90234375,
        6.96875,
        8.625,
        8.1953125,
        8.859375,
        7.7578125,
        7.609375,
        6.90625,
        7.609375,
        8.1953125,
        7.2734375,
        7.4453125,
        9.234375,
        7.41796875,
        6.703125,
        6.4765625,
        7.2734375,
        8.8984375,
        6.0703125,
        7.55078125,
        6.546875,
        8.0390625,
        7.95703125,
        8.1640625,
        7.24609375,
        7.0234375,
        7.3046875,
        6.93359375,
        8.359375,
        7.19140625,
        7.91015625,
        8.875,
        8.4375,
        8.34375,
        7.3828125,
        7.33203125,
        7.16796875,
        7.23828125,
        8.640625,
        9.46875,
        6.859375,
        6.8671875,
        6.85546875,
        8.484375,
        6.52734375,
        7.89453125,
        8.3046875,
        8.1796875,
        8.1796875,
        7.51953125,
        8.84375,
        7.578125,
        7.91015625,
        8.359375,
        8.0703125,
        6.80078125,
        7.625,
        6.68359375,
        7.53515625,
        7.65234375,
        6.60546875,
        8.875,
        10.9453125,
        8.1015625,
        8.0703125,
        8.3046875,
        7.59375,
        8.1953125,
        6.79296875,
        6.88671875,
        7.7734375,
        7.18359375,
        6.76171875,
        8.8125,
        8.0546875,
        6.03515625,
        7.26171875,
        8.0234375,
        8.828125,
        6.94140625,
        8.1953125,
        7.3046875,
        7.578125,
        7.91015625,
        7.8828125,
        5.83984375,
        7.8515625,
        6.5859375,
        6.875,
        8.2421875,
        7.609375,
        7.91015625,
        8.65625,
        7.578125,
        7.12109375,
        6.72265625,
        7.015625,
        8.375,
        7.04296875,
        6.89453125,
        7.0703125,
        7.8515625,
        8.0078125,
        9.0390625,
        9.453125,
        8.4375,
        7.2734375,
        7.69921875,
        7.078125,
        7.8828125,
        7.28125,
        7.10546875,
        7.8515625,
        7.8203125,
        6.2265625,
        9.2109375,
        7.92578125,
        8.8984375,
        7.23828125,
        8.40625,
        7.15625,
        7.359375,
        8.1015625,
        7.10546875,
        9.46875,
        8.6875,
        8.1484375,
        8.1328125,
        8.671875,
        8.96875,
        6.28515625,
        8.5078125,
        6.6171875,
        6.859375,
        8.2109375,
        7.92578125,
        6.79296875,
        6.609375,
        7.59375,
        9.2109375,
        7.375,
        10.0625,
        8.0546875,
        7.98828125,
        8.40625,
        8.1171875,
        7.015625,
        7.375,
        8.7734375,
        8.6015625,
        8.1484375,
        6.90234375,
        8.2890625,
        7.91015625,
        7.578125,
        9.6171875,
        9.546875,
        6.78125,
        6.953125,
        8.0703125,
        8.5078125,
        8.484375,
        7.05078125,
        8.46875,
        7.23828125,
        8.1328125,
        6.9609375,
        8.2890625,
        6.52734375,
        6.7890625,
        6.13671875,
        7.66796875,
        6.37109375,
        7.7890625,
        8.7734375,
        7.16015625,
        9.109375,
        7.09375,
        7.3046875,
        7.2890625
      ],
      "mean_perplexity": 7.747999237804878
    },
    "invalid_examples": []
  }
}