{
  "metadata": {
    "timestamp": "20241216_105512",
    "model_name": "Qwen/Qwen2.5-0.5B",
    "num_pruned_layers": 16,
    "has_adapter": false,
    "task": "boolq"
  },
  "metrics": {
    "response_quality": {
      "total_responses": 3270,
      "valid_responses": 2424,
      "invalid_responses": 846,
      "invalid_percentage": 25.871559633027523
    },
    "metrics": {
      "accuracy": 0.6122112211221122,
      "evaluate_accuracy": {
        "accuracy": 0.45382262996941897
      },
      "precision": 0.6388367729831145,
      "recall": 0.8890339425587467,
      "f1": 0.7434497816593886,
      "total_evaluated": 2424,
      "confusion_matrix": {
        "true_positives": 1362,
        "true_negatives": 122,
        "false_positives": 770,
        "false_negatives": 170
      },
      "perplexities": [
        2322.0,
        2130.0,
        2560.0,
        2472.0,
        2164.0,
        2520.0,
        2156.0,
        2330.0,
        2348.0,
        2912.0,
        3326.0,
        2312.0,
        2180.0,
        2630.0,
        2348.0,
        2404.0,
        2560.0,
        2138.0,
        2694.0,
        2276.0,
        2386.0,
        2206.0,
        1940.0,
        2704.0,
        2912.0,
        1499.0,
        2934.0,
        2276.0,
        2232.0,
        2682.0,
        2672.0,
        2404.0,
        2822.0,
        2790.0,
        2756.0,
        2396.0,
        1865.0,
        2946.0,
        2268.0,
        2432.0,
        2472.0,
        2033.0,
        3352.0,
        2224.0,
        2620.0,
        2294.0,
        2041.0,
        2746.0,
        1963.0,
        2082.0,
        2304.0,
        2746.0,
        2156.0,
        1822.0,
        2250.0,
        2304.0,
        2172.0,
        3512.0,
        2704.0,
        3624.0,
        3124.0,
        2198.0,
        2500.0,
        3274.0,
        3198.0,
        2442.0,
        2510.0,
        2414.0,
        3828.0,
        2164.0,
        3458.0,
        3404.0,
        3300.0,
        1732.0,
        2970.0,
        3248.0,
        2041.0,
        2672.0,
        3052.0,
        2386.0,
        2672.0,
        3352.0,
        2652.0,
        3432.0,
        2396.0,
        2322.0,
        2980.0,
        3004.0,
        2958.0,
        2480.0,
        2348.0,
        2510.0,
        3224.0,
        3828.0,
        2682.0,
        2164.0,
        1553.0,
        2432.0,
        3458.0,
        3568.0,
        1858.0,
        3224.0,
        2268.0,
        3404.0,
        3028.0,
        1955.0,
        2348.0,
        2924.0,
        3174.0,
        2746.0,
        2432.0,
        2970.0,
        2098.0,
        2540.0,
        2866.0,
        3458.0,
        2980.0,
        2414.0,
        2130.0,
        3076.0,
        2232.0,
        2878.0,
        3300.0,
        2790.0,
        2009.0,
        2048.0,
        2834.0,
        2114.0,
        2912.0,
        3458.0,
        3100.0,
        2001.0,
        3174.0,
        2386.0,
        2600.0,
        2844.0,
        1829.0,
        3004.0,
        2268.0,
        2630.0,
        2122.0,
        2452.0,
        2056.0,
        2082.0,
        2630.0,
        3004.0,
        2386.0,
        3174.0,
        3378.0,
        3274.0,
        2376.0,
        2822.0,
        1880.0,
        3174.0,
        2682.0,
        3004.0,
        2424.0,
        2106.0,
        3100.0,
        3352.0,
        3076.0,
        1752.0,
        2286.0,
        3174.0,
        2746.0,
        3980.0,
        3652.0,
        2090.0,
        2630.0,
        2856.0,
        2396.0,
        2304.0,
        1963.0,
        3458.0,
        3076.0,
        2322.0,
        2912.0,
        3300.0,
        3076.0,
        2878.0,
        3404.0,
        2844.0,
        2148.0,
        1780.0,
        3378.0,
        2114.0,
        2550.0,
        1955.0,
        3540.0,
        2404.0,
        2856.0,
        2704.0,
        2640.0,
        2610.0,
        2570.0,
        2912.0,
        3274.0,
        1653.0,
        2630.0,
        3624.0,
        2620.0,
        2970.0,
        2250.0,
        2098.0,
        1994.0
      ],
      "mean_perplexity": 2636.5170731707317
    },
    "invalid_examples": [
      {
        "question": "Passage: Property tax -- Property tax or 'house tax' is a local tax on buildings, along with appurtenant land. It is and imposed on the Possessor (not the custodian of property as per 1978, 44th amendment of constitution). It resembles the US-type wealth tax and differs from the excise-type UK rate. The tax power is vested in the states and is delegated to local bodies, specifying the valuation method, rate band, and collection procedures. The tax base is the annual rental value (ARV) or area-based rating. Owner-occupied and other properties not producing rent are assessed on cost and then converted into ARV by applying a percentage of cost, usually four percent. Vacant land is generally exempt. Central government properties are exempt. Instead a 'service charge' is permissible under executive order. Properties of foreign missions also enjoy tax exemption without requiring reciprocity. The tax is usually accompanied by service taxes, e.g., water tax, drainage tax, conservancy (sanitation) tax, lighting tax, all using the same tax base. The rate structure is flat on rural (panchayat) properties, but in the urban (municipal) areas it is mildly progressive with about 80% of assessments falling in the first two brackets.\nQuestion: is house tax and property tax are same\nAnswer:",
        "response": " a"
      },
      {
        "question": "Passage: Hydroxyzine -- Hydroxyzine preparations require a doctor's prescription. The drug is available in two formulations, the pamoate and the dihydrochloride or hydrochloride salts. Vistaril, Equipose, Masmoran, and Paxistil are preparations of the pamoate salt, while Atarax, Alamon, Aterax, Durrax, Tran-Q, Orgatrax, Quiess, and Tranquizine are of the hydrochloride salt.\nQuestion: is there a difference between hydroxyzine hcl and hydroxyzine pam\nAnswer:",
        "response": " a"
      },
      {
        "question": "Passage: Parity (mathematics) -- In mathematics, parity is the property of an integer's inclusion in one of two categories: even or odd. An integer is even if it is evenly divisible by two and odd if it is not even. For example, 6 is even because there is no remainder when dividing it by 2. By contrast, 3, 5, 7, 21 leave a remainder of 1 when divided by 2. Examples of even numbers include \u22124, 0, 82 and 178. In particular, zero is an even number. Some examples of odd numbers are \u22125, 3, 29, and 73.\nQuestion: can an odd number be divided by an even number\nAnswer:",
        "response": " Passage"
      },
      {
        "question": "Passage: Bloodline (TV series) -- Bloodline was announced in October 2014 as part of a partnership between Netflix and Sony Pictures Television, representing Netflix's first major deal with a major film studio for a television series. The series was created and executive produced by Todd A. Kessler, Glenn Kessler, and Daniel Zelman, who previously created the FX series Damages. According to its official synopsis released by Netflix, Bloodline ``centers on a close-knit family of four adult siblings whose secrets and scars are revealed when their black sheep brother returns home.''\nQuestion: is the show bloodline based on a true story\nAnswer:",
        "response": " "
      },
      {
        "question": "Passage: The Vampire Diaries (season 8) -- The Vampire Diaries, an American supernatural drama, was renewed for an eighth season by The CW on March 11, 2016. On July 23, 2016, the CW announced that the upcoming season would be the series' last and would consist of 16 episodes. The season premiered on October 21, 2016 and concluded on March 10, 2017.\nQuestion: will there be a season 8 of vampire diaries\nAnswer:",