{
  "metadata": {
    "timestamp": "20241216_135747",
    "model_name": "Qwen/Qwen2.5-14B",
    "num_pruned_layers": 28,
    "has_adapter": true,
    "task": "boolq"
  },
  "metrics": {
    "response_quality": {
      "total_responses": 3270,
      "valid_responses": 2170,
      "invalid_responses": 1100,
      "invalid_percentage": 33.63914373088685
    },
    "metrics": {
      "accuracy": 0.5921658986175116,
      "evaluate_accuracy": {
        "accuracy": 0.3929663608562691
      },
      "precision": 0.6036732721121315,
      "recall": 0.9505327245053272,
      "f1": 0.7383978717114986,
      "total_evaluated": 2170,
      "confusion_matrix": {
        "true_positives": 1249,
        "true_negatives": 36,
        "false_positives": 820,
        "false_negatives": 65
      },
      "perplexities": [
        27.9375,
        24.90625,
        25.546875,
        27.40625,
        25.546875,
        22.3125,
        26.203125,
        25.09375,
        26.71875,
        32.53125,
        27.671875,
        26.609375,
        29.28125,
        28.828125,
        26.140625,
        26.5625,
        26.765625,
        30.859375,
        30.921875,
        27.9375,
        27.9375,
        25.1875,
        24.5625,
        23.765625,
        31.421875,
        21.015625,
        28.546875,
        27.03125,
        27.453125,
        31.84375,
        30.203125,
        23.953125,
        25.546875,
        29.0,
        29.859375,
        24.90625,
        27.078125,
        33.0625,
        27.40625,
        23.859375,
        21.671875,
        25.890625,
        31.84375,
        22.796875,
        26.5,
        26.0,
        28.21875,
        29.046875,
        26.140625,
        24.234375,
        26.5625,
        27.34375,
        24.609375,
        26.203125,
        27.609375,
        29.5625,
        29.390625,
        31.96875,
        25.390625,
        27.078125,
        29.109375,
        25.1875,
        25.546875,
        32.65625,
        33.78125,
        27.296875,
        26.140625,
        25.1875,
        28.484375,
        24.375,
        29.390625,
        31.359375,
        31.65625,
        25.09375,
        27.78125,
        30.625,
        26.203125,
        25.9375,
        28.609375,
        30.15625,
        25.9375,
        27.1875,
        23.671875,
        26.65625,
        25.34375,
        24.84375,
        30.921875,
        36.4375,
        31.234375,
        29.171875,
        28.375,
        27.828125,
        29.625,
        31.90625,
        25.59375,
        26.65625,
        20.6875,
        24.703125,
        34.21875,
        31.296875,
        21.46875,
        30.265625,
        27.453125,
        30.328125,
        25.296875,
        27.078125,
        26.046875,
        29.453125,
        28.609375,
        25.796875,
        20.96875,
        27.609375,
        25.0,
        22.3125,
        30.6875,
        35.8125,
        29.109375,
        27.78125,
        28.375,
        27.40625,
        24.46875,
        26.25,
        29.28125,
        26.609375,
        26.5,
        24.515625,
        30.03125,
        26.046875,
        30.453125,
        32.9375,
        30.453125,
        26.203125,
        31.78125,
        27.078125,
        28.265625,
        26.765625,
        24.375,
        26.25,
        27.40625,
        26.046875,
        28.609375,
        26.921875,
        29.109375,
        22.359375,
        30.203125,
        29.0,
        26.8125,
        30.625,
        25.9375,
        32.53125,
        29.28125,
        29.109375,
        28.21875,
        30.75,
        31.59375,
        24.796875,
        26.96875,
        23.390625,
        26.71875,
        29.109375,
        29.453125,
        23.25,
        23.125,
        29.75,
        33.96875,
        26.296875,
        34.4375,
        29.0,
        27.296875,
        27.453125,
        26.5625,
        25.0,
        25.4375,
        28.484375,
        31.296875,
        29.171875,
        25.390625,
        28.71875,
        29.859375,
        23.296875,
        30.75,
        31.84375,
        22.796875,
        22.9375,
        32.15625,
        29.921875,
        29.75,
        23.671875,
        27.078125,
        26.09375,
        28.4375,
        26.25,
        29.75,
        23.8125,
        23.578125,
        24.703125,
        29.34375,
        18.390625,
        28.765625,
        30.859375,
        26.34375,
        31.96875,
        25.1875,
        22.453125,
        26.96875
      ],
      "mean_perplexity": 27.541692073170733
    },
    "invalid_examples": [
      {
        "question": "Passage: Harry Potter and the Escape from Gringotts -- Harry Potter and the Escape from Gringotts is an indoor steel roller coaster at Universal Studios Florida, a theme park located within the Universal Orlando Resort. Similar to dark rides, the roller coaster utilizes special effects in a controlled-lighting environment and also employs motion-based 3-D projection of both animation and live-action sequences to enhance the experience. The ride, which is themed to the Gringotts Wizarding Bank, became the flagship attraction for the expanded Wizarding World of Harry Potter when it opened on July 8, 2014.\nQuestion: is harry potter and the escape from gringotts a roller coaster ride\nAnswer:",
        "response": " Harry"
      },
      {
        "question": "Passage: Hydroxyzine -- Hydroxyzine preparations require a doctor's prescription. The drug is available in two formulations, the pamoate and the dihydrochloride or hydrochloride salts. Vistaril, Equipose, Masmoran, and Paxistil are preparations of the pamoate salt, while Atarax, Alamon, Aterax, Durrax, Tran-Q, Orgatrax, Quiess, and Tranquizine are of the hydrochloride salt.\nQuestion: is there a difference between hydroxyzine hcl and hydroxyzine pam\nAnswer:",
        "response": " Hydro"
      },
      {
        "question": "Passage: Barq's -- Barq's /\u02c8b\u0251\u02d0rks/ is an American soft drink. Its brand of root beer is notable for having caffeine. Barq's, created by Edward Barq and bottled since the turn of the 20th century, is owned by the Barq family but bottled by the Coca-Cola Company. It was known as Barq's Famous Olde Tyme Root Beer until 2012.\nQuestion: is barq's root beer a pepsi product\nAnswer:",
        "response": " Bar"
      },
      {
        "question": "Passage: American entry into Canada by land -- Persons driving into Canada must have their vehicle's registration document and proof of insurance.\nQuestion: can u drive in canada with us license\nAnswer:",
        "response": " American"
      },
      {
        "question": "Passage: Bloodline (TV series) -- Bloodline was announced in October 2014 as part of a partnership between Netflix and Sony Pictures Television, representing Netflix's first major deal with a major film studio for a television series. The series was created and executive produced by Todd A. Kessler, Glenn Kessler, and Daniel Zelman, who previously created the FX series Damages. According to its official synopsis released by Netflix, Bloodline ``centers on a close-knit family of four adult siblings whose secrets and scars are revealed when their black sheep brother returns home.''\nQuestion: is the show bloodline based on a true story\nAnswer:",