{
  "metadata": {
    "timestamp": "20241216_105617",
    "model_name": "Qwen/Qwen2.5-0.5B",
    "num_pruned_layers": 18,
    "has_adapter": true,
    "task": "boolq"
  },
  "metrics": {
    "response_quality": {
      "total_responses": 3270,
      "valid_responses": 1423,
      "invalid_responses": 1847,
      "invalid_percentage": 56.48318042813456
    },
    "metrics": {
      "accuracy": 0.6423049894588897,
      "evaluate_accuracy": {
        "accuracy": 0.27951070336391437
      },
      "precision": 0.6420534458509142,
      "recall": 1.0,
      "f1": 0.7820128479657388,
      "total_evaluated": 1423,
      "confusion_matrix": {
        "true_positives": 913,
        "true_negatives": 1,
        "false_positives": 509,
        "false_negatives": 0
      },
      "perplexities": [
        3486.0,
        3004.0,
        4012.0,
        3624.0,
        4042.0,
        3486.0,
        3768.0,
        3858.0,
        3432.0,
        3768.0,
        4512.0,
        3028.0,
        3404.0,
        3738.0,
        3404.0,
        3512.0,
        3828.0,
        3432.0,
        3768.0,
        3710.0,
        3980.0,
        3300.0,
        3076.0,
        4074.0,
        3858.0,
        2610.0,
        4272.0,
        3224.0,
        4012.0,
        4108.0,
        4404.0,
        3624.0,
        3652.0,
        4172.0,
        3980.0,
        3624.0,
        2900.0,
        3568.0,
        4372.0,
        3950.0,
        3798.0,
        3224.0,
        4012.0,
        3652.0,
        4108.0,
        3052.0,
        3652.0,
        3950.0,
        3224.0,
        3148.0,
        3798.0,
        3858.0,
        3458.0,
        3028.0,
        3888.0,
        3950.0,
        3378.0,
        4272.0,
        3680.0,
        4952.0,
        4512.0,
        3224.0,
        3512.0,
        3768.0,
        3918.0,
        3980.0,
        3326.0,
        3378.0,
        3710.0,
        3652.0,
        4728.0,
        4876.0,
        4042.0,
        3300.0,
        3950.0,
        4336.0,
        3568.0,
        4042.0,
        4108.0,
        3486.0,
        4476.0,
        3888.0,
        4688.0,
        5744.0,
        3326.0,
        4042.0,
        4272.0,
        4440.0,
        3738.0,
        3458.0,
        3768.0,
        3248.0,
        4652.0,
        4652.0,
        3652.0,
        3174.0,
        2958.0,
        4404.0,
        3888.0,
        4952.0,
        2724.0,
        4372.0,
        3738.0,
        4140.0,
        3950.0,
        3858.0,
        3300.0,
        3798.0,
        3980.0,
        3248.0,
        3326.0,
        4336.0,
        3680.0,
        3512.0,
        3624.0,
        5112.0,
        4800.0,
        3980.0,
        3174.0,
        4042.0,
        3512.0,
        4204.0,
        4272.0,
        4304.0,
        3198.0,
        3076.0,
        4236.0,
        3458.0,
        4272.0,
        4236.0,
        4074.0,
        3274.0,
        4304.0,
        3858.0,
        3486.0,
        3274.0,
        3028.0,
        4616.0,
        3888.0,
        3512.0,
        3798.0,
        3798.0,
        3300.0,
        3300.0,
        4204.0,
        3858.0,
        3300.0,
        3888.0,
        4916.0,
        4544.0,
        3738.0,
        3918.0,
        3148.0,
        3798.0,
        3624.0,
        3828.0,
        3512.0,
        3174.0,
        4074.0,
        4012.0,
        4440.0,
        2878.0,
        2980.0,
        4012.0,
        3888.0,
        4728.0,
        3980.0,
        2724.0,
        4108.0,
        2970.0,
        3378.0,
        3124.0,
        3248.0,
        4172.0,
        3950.0,
        3224.0,
        3768.0,
        3148.0,
        4272.0,
        3486.0,
        5232.0,
        3378.0,
        3224.0,
        3052.0,
        4916.0,
        3028.0,
        3888.0,
        3432.0,
        3858.0,
        3224.0,
        4840.0,
        3710.0,
        3768.0,
        3768.0,
        3710.0,
        4512.0,
        5072.0,
        2694.0,
        3828.0,
        3768.0,
        3540.0,
        3652.0,
        3124.0,
        3274.0,
        3652.0
      ],
      "mean_perplexity": 3783.531707317073
    },
    "invalid_examples": [
      {
        "question": "Passage: Ethanol fuel -- All biomass goes through at least some of these steps: it needs to be grown, collected, dried, fermented, distilled, and burned. All of these steps require resources and an infrastructure. The total amount of energy input into the process compared to the energy released by burning the resulting ethanol fuel is known as the energy balance (or ``energy returned on energy invested''). Figures compiled in a 2007 report by National Geographic Magazine point to modest results for corn ethanol produced in the US: one unit of fossil-fuel energy is required to create 1.3 energy units from the resulting ethanol. The energy balance for sugarcane ethanol produced in Brazil is more favorable, with one unit of fossil-fuel energy required to create 8 from the ethanol. Energy balance estimates are not easily produced, thus numerous such reports have been generated that are contradictory. For instance, a separate survey reports that production of ethanol from sugarcane, which requires a tropical climate to grow productively, returns from 8 to 9 units of energy for each unit expended, as compared to corn, which only returns about 1.34 units of fuel energy for each unit of energy expended. A 2006 University of California Berkeley study, after analyzing six separate studies, concluded that producing ethanol from corn uses much less petroleum than producing gasoline.\nQuestion: does ethanol take more energy make that produces\nAnswer:",
        "response": "?"
      },
      {
        "question": "Passage: Phantom pain -- Phantom pain sensations are described as perceptions that an individual experiences relating to a limb or an organ that is not physically part of the body. Limb loss is a result of either removal by amputation or congenital limb deficiency. However, phantom limb sensations can also occur following nerve avulsion or spinal cord injury.\nQuestion: is pain experienced in a missing body part or paralyzed area\nAnswer:",
        "response": " "
      },
      {
        "question": "Passage: Hydroxyzine -- Hydroxyzine preparations require a doctor's prescription. The drug is available in two formulations, the pamoate and the dihydrochloride or hydrochloride salts. Vistaril, Equipose, Masmoran, and Paxistil are preparations of the pamoate salt, while Atarax, Alamon, Aterax, Durrax, Tran-Q, Orgatrax, Quiess, and Tranquizine are of the hydrochloride salt.\nQuestion: is there a difference between hydroxyzine hcl and hydroxyzine pam\nAnswer:",
        "response": ","
      },
      {
        "question": "Passage: Barq's -- Barq's /\u02c8b\u0251\u02d0rks/ is an American soft drink. Its brand of root beer is notable for having caffeine. Barq's, created by Edward Barq and bottled since the turn of the 20th century, is owned by the Barq family but bottled by the Coca-Cola Company. It was known as Barq's Famous Olde Tyme Root Beer until 2012.\nQuestion: is barq's root beer a pepsi product\nAnswer:",
        "response": ","
      },
      {
        "question": "Passage: List of English words containing Q not followed by U -- Of the 71 words in this list, 67 are nouns, and most would generally be considered loanwords; the only modern-English words that contain Q not followed by U and are not borrowed from another language are qiana, qwerty, and tranq. However, all of the loanwords on this list are considered to be naturalised in English according to at least one major dictionary (see References), often because they refer to concepts or societal roles that do not have an accurate equivalent in English. For words to appear here, they must appear in their own entry in a dictionary; words which occur only as part of a longer phrase are not included.\nQuestion: is there a word with q without u\nAnswer:",