{
  "metadata": {
    "timestamp": "20241216_133502",
    "model_name": "Qwen/Qwen2.5-14B",
    "num_pruned_layers": 18,
    "has_adapter": true,
    "task": "boolq"
  },
  "metrics": {
    "response_quality": {
      "total_responses": 3270,
      "valid_responses": 3267,
      "invalid_responses": 3,
      "invalid_percentage": 0.09174311926605505
    },
    "metrics": {
      "accuracy": 0.6216712580348944,
      "evaluate_accuracy": {
        "accuracy": 0.6211009174311927
      },
      "precision": 0.6216712580348944,
      "recall": 1.0,
      "f1": 0.766704416761042,
      "total_evaluated": 3267,
      "confusion_matrix": {
        "true_positives": 2031,
        "true_negatives": 0,
        "false_positives": 1236,
        "false_negatives": 0
      },
      "perplexities": [
        17.3125,
        16.171875,
        15.4921875,
        17.515625,
        15.25,
        14.640625,
        16.015625,
        15.890625,
        16.59375,
        19.09375,
        17.9375,
        16.296875,
        17.90625,
        17.421875,
        15.828125,
        15.3125,
        15.828125,
        19.578125,
        18.546875,
        16.90625,
        16.6875,
        15.671875,
        15.4296875,
        15.015625,
        19.578125,
        13.2734375,
        16.90625,
        17.109375,
        16.59375,
        19.734375,
        18.828125,
        14.4140625,
        15.3671875,
        17.109375,
        17.3125,
        14.953125,
        16.421875,
        19.234375,
        16.78125,
        14.8671875,
        13.40625,
        15.796875,
        19.359375,
        13.78125,
        16.59375,
        14.5546875,
        16.78125,
        17.9375,
        15.984375,
        15.1875,
        15.765625,
        16.015625,
        14.8984375,
        16.6875,
        17.34375,
        17.6875,
        18.109375,
        19.09375,
        15.859375,
        16.453125,
        17.25,
        15.3671875,
        15.671875,
        19.234375,
        20.046875,
        16.015625,
        16.171875,
        15.3125,
        17.71875,
        14.953125,
        18.21875,
        18.25,
        18.078125,
        15.671875,
        16.75,
        18.65625,
        16.203125,
        16.015625,
        17.34375,
        18.25,
        15.4921875,
        16.6875,
        14.5546875,
        16.984375,
        15.5546875,
        15.859375,
        19.046875,
        22.40625,
        18.21875,
        17.515625,
        17.21875,
        17.140625,
        18.71875,
        18.578125,
        16.015625,
        16.65625,
        13.40625,
        14.984375,
        20.484375,
        18.5,
        13.78125,
        17.3125,
        16.8125,
        18.328125,
        15.4609375,
        16.046875,
        15.578125,
        17.9375,
        17.046875,
        16.078125,
        13.4609375,
        16.546875,
        14.4921875,
        13.96875,
        18.546875,
        20.796875,
        18.28125,
        17.484375,
        16.59375,
        16.296875,
        14.8671875,
        16.296875,
        18.5,
        16.109375,
        15.4921875,
        15.0703125,
        17.9375,
        16.515625,
        19.046875,
        20.796875,
        18.765625,
        15.859375,
        18.546875,
        16.328125,
        17.515625,
        16.8125,
        15.671875,
        16.265625,
        16.390625,
        15.3125,
        17.859375,
        17.046875,
        18.046875,
        14.7265625,
        18.21875,
        16.78125,
        16.390625,
        17.90625,
        17.015625,
        19.171875,
        17.71875,
        17.59375,
        16.84375,
        19.09375,
        19.390625,
        14.46875,
        16.984375,
        14.2734375,
        16.015625,
        18.078125,
        17.546875,
        14.15625,
        14.328125,
        17.515625,
        20.203125,
        16.84375,
        20.84375,
        17.34375,
        16.484375,
        16.90625,
        17.015625,
        15.5234375,
        15.3671875,
        17.21875,
        19.96875,
        17.65625,
        15.3125,
        17.21875,
        17.828125,
        15.1640625,
        20.203125,
        19.65625,
        14.1015625,
        14.15625,
        19.015625,
        18.359375,
        18.140625,
        14.7265625,
        16.984375,
        15.578125,
        17.484375,
        16.71875,
        18.046875,
        14.984375,
        14.7265625,
        14.9296875,
        17.6875,
        12.1328125,
        17.796875,
        19.171875,
        15.3984375,
        19.046875,
        15.1875,
        14.4140625,
        15.703125
      ],
      "mean_perplexity": 16.813185975609755
    },
    "invalid_examples": [
      {
        "question": "Passage: Paladin (Dungeons & Dragons) -- With the introduction of the 4th edition of D&D, paladins become champions of a chosen deity instead of just righteous warriors. There are other important changes, for example, paladins can be of any alignment, and can no longer fall in disgrace and lose their paladinhood.\nQuestion: does a paladin have to be lawful good\nAnswer:",
        "response": " Paladin"
      },
      {
        "question": "Passage: Dame -- Dame is an honorific title and the feminine form of address for the honour of knighthood in the British honours system and the systems of several other Commonwealth countries, such as Australia and New Zealand, with the masculine form of address being Sir. The word damehood is rarely used, but the official website of the British monarchy uses it as the correct term.\nQuestion: is a dame the same as a knight\nAnswer:",
        "response": " Dame"
      },
      {
        "question": "Passage: Garnet (Steven Universe) -- Garnet is a fictional character from the animated series Steven Universe, created by Rebecca Sugar. She is a ``gem'', a fictional alien being that exists as a magical gemstone projecting a holographic body. Garnet is a ``fusion gem'' -- i.e., two gemstones combining personalities and appearances as one shared holographic body -- formed by two Gems named Ruby and Sapphire; they chose to remain permanently fused out of love for each other.\nQuestion: does a ruby and a sapphire make a garnet\nAnswer:",
        "response": " Garn"
      }
    ]
  }
}