{
  "metadata": {
    "timestamp": "20241216_134203",
    "model_name": "Qwen/Qwen2.5-14B",
    "num_pruned_layers": 23,
    "has_adapter": false,
    "task": "boolq"
  },
  "metrics": {
    "response_quality": {
      "total_responses": 3270,
      "valid_responses": 3251,
      "invalid_responses": 19,
      "invalid_percentage": 0.581039755351682
    },
    "metrics": {
      "accuracy": 0.621347277760689,
      "evaluate_accuracy": {
        "accuracy": 0.617737003058104
      },
      "precision": 0.621347277760689,
      "recall": 1.0,
      "f1": 0.7664579776133561,
      "total_evaluated": 3251,
      "confusion_matrix": {
        "true_positives": 2020,
        "true_negatives": 0,
        "false_positives": 1231,
        "false_negatives": 0
      },
      "perplexities": [
        243.75,
        269.75,
        245.625,
        256.5,
        303.25,
        246.625,
        246.625,
        244.75,
        255.375,
        305.75,
        275.0,
        226.25,
        249.5,
        258.5,
        288.25,
        217.625,
        258.5,
        303.25,
        282.75,
        267.75,
        291.75,
        218.5,
        268.75,
        259.5,
        239.0,
        278.25,
        298.75,
        241.875,
        279.5,
        274.0,
        290.5,
        263.5,
        252.5,
        273.0,
        252.5,
        280.5,
        246.625,
        263.5,
        274.0,
        279.5,
        279.5,
        260.5,
        274.0,
        247.625,
        232.625,
        298.75,
        212.625,
        277.25,
        182.5,
        227.25,
        212.625,
        237.125,
        236.25,
        211.0,
        275.0,
        292.75,
        307.0,
        235.375,
        224.5,
        287.25,
        289.5,
        343.75,
        259.5,
        259.5,
        275.0,
        268.75,
        249.5,
        282.75,
        290.5,
        206.0,
        263.5,
        301.0,
        324.25,
        238.125,
        278.25,
        254.5,
        228.125,
        249.5,
        337.0,
        273.0,
        259.5,
        286.0,
        261.5,
        242.75,
        182.5,
        269.75,
        281.75,
        303.25,
        318.0,
        277.25,
        254.5,
        267.75,
        288.25,
        315.5,
        229.0,
        213.375,
        244.75,
        224.5,
        298.75,
        290.5,
        210.125,
        304.5,
        276.25,
        277.25,
        255.375,
        240.875,
        251.5,
        280.5,
        285.0,
        263.5,
        260.5,
        313.0,
        207.625,
        288.25,
        274.0,
        273.0,
        298.75,
        266.75,
        248.5,
        238.125,
        222.75,
        295.25,
        265.5,
        303.25,
        259.5,
        239.0,
        251.5,
        222.75,
        286.0,
        313.0,
        262.5,
        229.0,
        261.5,
        277.25,
        316.75,
        274.0,
        242.75,
        296.25,
        229.875,
        296.25,
        272.0,
        299.75,
        232.625,
        220.25,
        241.875,
        364.5,
        242.75,
        307.0,
        343.75,
        275.0,
        229.0,
        270.75,
        189.125,
        339.75,
        309.25,
        269.75,
        248.5,
        233.5,
        296.25,
        299.75,
        260.5,
        228.125,
        224.5,
        373.0,
        309.25,
        298.75,
        304.5,
        240.0,
        255.375,
        236.25,
        257.5,
        287.25,
        250.5,
        280.5,
        294.0,
        246.625,
        272.0,
        292.75,
        245.625,
        278.25,
        289.5,
        259.5,
        257.5,
        224.5,
        277.25,
        215.125,
        268.75,
        211.75,
        283.75,
        232.625,
        269.75,
        291.75,
        253.5,
        287.25,
        229.0,
        264.5,
        354.75,
        250.5,
        321.75,
        377.5,
        258.5,
        252.5,
        253.5,
        290.5,
        275.0
      ],
      "mean_perplexity": 266.79451219512197
    },
    "invalid_examples": [
      {
        "question": "Passage: Untitled Avengers film -- The untitled Avengers film, colloquially referred to as Avengers 4, is an upcoming American superhero film based on the Marvel Comics superhero team the Avengers, produced by Marvel Studios and distributed by Walt Disney Studios Motion Pictures. It is intended to be the direct sequel to 2018's Avengers: Infinity War, as well as the sequel to 2012's Marvel's The Avengers and 2015's Avengers: Age of Ultron and the twenty-second film in the Marvel Cinematic Universe (MCU). The film is directed by Anthony and Joe Russo, with a screenplay by the writing team of Christopher Markus and Stephen McFeely, and features an ensemble cast with many actors from previous MCU films.\nQuestion: is there any next part of avengers infinity war\nAnswer:",
        "response": " \n"
      },
      {
        "question": "Passage: Lisa Robin Kelly -- Kelly played Laurie Forman, the older sister of Eric Forman, on That '70s Show. She abruptly left the show midway through the third season, and her character was written out of the show to ``attend beauty school''. She returned to the show in the fifth season for four episodes but was replaced with Christina Moore in the sixth season. In an interview with ABC News, she admitted that ``with That '70s Show I was guilty of a drinking problem, and I ran'', blaming her alcoholism on the loss of a baby.\nQuestion: did they change laurie in that 70s show\nAnswer:",
        "response": " \n"
      },
      {
        "question": "Passage: National Guard of the United States -- The National Guard of the United States, part of the reserve components of the United States Armed Forces, is a reserve military force, composed of National Guard military members or units of each state and the territories of Guam, the Virgin Islands, Puerto Rico, and the District of Columbia, for a total of 54 separate organizations. All members of the National Guard of the United States are also members of the militia of the United States as defined by 10 U.S.C. \u00a7 246. National Guard units are under the dual control of the state and the federal government.\nQuestion: does each state have their own national guard\nAnswer:",