{
  "metadata": {
    "timestamp": "20241216_105117",
    "model_name": "Qwen/Qwen2.5-0.5B",
    "num_pruned_layers": 8,
    "has_adapter": true,
    "task": "boolq"
  },
  "metrics": {
    "response_quality": {
      "total_responses": 3270,
      "valid_responses": 2297,
      "invalid_responses": 973,
      "invalid_percentage": 29.755351681957187
    },
    "metrics": {
      "accuracy": 0.6055724858511101,
      "evaluate_accuracy": {
        "accuracy": 0.4253822629969419
      },
      "precision": 0.6346153846153846,
      "recall": 0.8863636363636364,
      "f1": 0.7396551724137932,
      "total_evaluated": 2297,
      "confusion_matrix": {
        "true_positives": 1287,
        "true_negatives": 104,
        "false_positives": 741,
        "false_negatives": 165
      },
      "perplexities": [
        22.453125,
        21.671875,
        20.25,
        23.8125,
        19.921875,
        19.46875,
        20.6875,
        20.484375,
        21.765625,
        26.140625,
        22.40625,
        20.6875,
        23.25,
        23.484375,
        21.25,
        20.328125,
        22.109375,
        26.09375,
        26.34375,
        23.90625,
        22.1875,
        19.8125,
        20.28125,
        17.625,
        26.140625,
        17.484375,
        23.15625,
        21.21875,
        21.71875,
        25.34375,
        23.078125,
        20.078125,
        19.84375,
        22.71875,
        24.46875,
        20.203125,
        21.640625,
        25.890625,
        21.375,
        20.4375,
        17.59375,
        21.171875,
        25.9375,
        17.65625,
        21.125,
        19.65625,
        22.40625,
        23.25,
        20.890625,
        20.359375,
        20.640625,
        22.234375,
        20.078125,
        21.046875,
        21.46875,
        24.515625,
        25.546875,
        25.140625,
        21.71875,
        20.4375,
        23.765625,
        20.25,
        20.484375,
        24.90625,
        28.4375,
        21.046875,
        20.328125,
        19.96875,
        23.03125,
        18.578125,
        24.1875,
        25.4375,
        24.515625,
        20.796875,
        22.796875,
        24.5625,
        21.171875,
        20.609375,
        23.03125,
        24.609375,
        20.71875,
        22.28125,
        18.28125,
        21.59375,
        20.171875,
        19.65625,
        25.296875,
        30.5,
        24.609375,
        23.125,
        21.890625,
        21.671875,
        22.84375,
        23.8125,
        21.171875,
        21.09375,
        17.796875,
        18.765625,
        28.609375,
        25.34375,
        16.78125,
        22.53125,
        22.5,
        24.75,
        19.546875,
        21.9375,
        20.4375,
        23.125,
        23.03125,
        20.4375,
        16.78125,
        20.890625,
        19.546875,
        18.328125,
        24.28125,
        28.4375,
        22.765625,
        23.484375,
        22.453125,
        21.5,
        19.421875,
        20.71875,
        23.125,
        20.765625,
        20.71875,
        20.28125,
        23.4375,
        20.96875,
        24.515625,
        27.453125,
        25.34375,
        20.609375,
        23.765625,
        22.109375,
        23.671875,
        21.25,
        19.578125,
        20.609375,
        21.46875,
        19.3125,
        24.234375,
        22.53125,
        23.71875,
        18.875,
        23.15625,
        23.53125,
        21.125,
        24.046875,
        21.421875,
        25.6875,
        23.953125,
        23.4375,
        22.3125,
        24.09375,
        25.34375,
        19.703125,
        22.453125,
        18.875,
        21.25,
        23.765625,
        22.890625,
        18.328125,
        18.796875,
        23.390625,
        28.65625,
        22.796875,
        28.4375,
        23.859375,
        21.34375,
        21.671875,
        22.453125,
        19.78125,
        19.96875,
        23.203125,
        25.4375,
        23.078125,
        19.28125,
        23.484375,
        23.625,
        19.015625,
        25.296875,
        26.5625,
        18.71875,
        18.28125,
        26.296875,
        24.515625,
        24.09375,
        18.6875,
        22.984375,
        20.171875,
        24.5625,
        22.3125,
        24.0,
        19.28125,
        19.359375,
        19.890625,
        22.890625,
        16.078125,
        23.671875,
        25.140625,
        19.625,
        25.0,
        19.46875,
        18.546875,
        22.28125
      ],
      "mean_perplexity": 22.14268292682927
    },
    "invalid_examples": [
      {
        "question": "Passage: Harry Potter and the Escape from Gringotts -- Harry Potter and the Escape from Gringotts is an indoor steel roller coaster at Universal Studios Florida, a theme park located within the Universal Orlando Resort. Similar to dark rides, the roller coaster utilizes special effects in a controlled-lighting environment and also employs motion-based 3-D projection of both animation and live-action sequences to enhance the experience. The ride, which is themed to the Gringotts Wizarding Bank, became the flagship attraction for the expanded Wizarding World of Harry Potter when it opened on July 8, 2014.\nQuestion: is harry potter and the escape from gringotts a roller coaster ride\nAnswer:",
        "response": " Harry"
      },
      {
        "question": "Passage: Hydroxyzine -- Hydroxyzine preparations require a doctor's prescription. The drug is available in two formulations, the pamoate and the dihydrochloride or hydrochloride salts. Vistaril, Equipose, Masmoran, and Paxistil are preparations of the pamoate salt, while Atarax, Alamon, Aterax, Durrax, Tran-Q, Orgatrax, Quiess, and Tranquizine are of the hydrochloride salt.\nQuestion: is there a difference between hydroxyzine hcl and hydroxyzine pam\nAnswer:",
        "response": " Hydro"
      },
      {
        "question": "Passage: American entry into Canada by land -- Persons driving into Canada must have their vehicle's registration document and proof of insurance.\nQuestion: can u drive in canada with us license\nAnswer:",
        "response": " Can"
      },
      {
        "question": "Passage: Bloodline (TV series) -- Bloodline was announced in October 2014 as part of a partnership between Netflix and Sony Pictures Television, representing Netflix's first major deal with a major film studio for a television series. The series was created and executive produced by Todd A. Kessler, Glenn Kessler, and Daniel Zelman, who previously created the FX series Damages. According to its official synopsis released by Netflix, Bloodline ``centers on a close-knit family of four adult siblings whose secrets and scars are revealed when their black sheep brother returns home.''\nQuestion: is the show bloodline based on a true story\nAnswer:",
        "response": " Blood"
      },
      {
        "question": "Passage: Magnesium citrate -- Magnesium citrate is a magnesium preparation in salt form with citric acid in a 1:1 ratio (1 magnesium atom per citrate molecule). The name ``magnesium citrate'' is ambiguous and sometimes may refer to other salts such as trimagnesium citrate which has a magnesium:citrate ratio of 3:2.\nQuestion: does magnesium citrate have citric acid in it\nAnswer:",