{
  "metadata": {
    "timestamp": "20241216_125224",
    "model_name": "Qwen/Qwen2.5-14B",
    "num_pruned_layers": 4,
    "has_adapter": false,
    "task": "boolq"
  },
  "metrics": {
    "response_quality": {
      "total_responses": 3270,
      "valid_responses": 3195,
      "invalid_responses": 75,
      "invalid_percentage": 2.293577981651376
    },
    "metrics": {
      "accuracy": 0.849452269170579,
      "evaluate_accuracy": {
        "accuracy": 0.8299694189602447
      },
      "precision": 0.8731902146779831,
      "recall": 0.8851214574898786,
      "f1": 0.8791153556169893,
      "total_evaluated": 3195,
      "confusion_matrix": {
        "true_positives": 1749,
        "true_negatives": 965,
        "false_positives": 254,
        "false_negatives": 227
      },
      "perplexities": [
        8.5234375,
        9.015625,
        7.95703125,
        9.453125,
        8.2890625,
        7.66796875,
        7.98828125,
        8.2890625,
        8.984375,
        9.3984375,
        9.65625,
        8.5078125,
        9.3984375,
        8.96875,
        7.4453125,
        7.296875,
        8.9453125,
        10.2421875,
        10.2578125,
        8.1015625,
        7.1328125,
        8.1953125,
        7.94140625,
        6.98046875,
        10.75,
        7.609375,
        7.625,
        9.84375,
        9.015625,
        9.984375,
        8.828125,
        8.421875,
        7.66796875,
        8.5234375,
        9.109375,
        7.8203125,
        8.5234375,
        9.984375,
        8.421875,
        7.15625,
        7.140625,
        7.8828125,
        10.1796875,
        6.609375,
        8.3203125,
        7.4609375,
        9.234375,
        8.96875,
        9.3984375,
        8.0390625,
        7.8046875,
        7.8515625,
        7.4453125,
        9.3984375,
        8.1171875,
        8.703125,
        9.84375,
        9.546875,
        9.1953125,
        8.0859375,
        8.1640625,
        7.97265625,
        8.0390625,
        9.5234375,
        10.921875,
        7.7578125,
        7.4765625,
        7.625,
        9.4140625,
        7.296875,
        8.828125,
        9.359375,
        9.1953125,
        8.9296875,
        8.1171875,
        9.921875,
        8.2578125,
        8.96875,
        9.34375,
        9.015625,
        7.66796875,
        8.5078125,
        7.34765625,
        8.34375,
        8.34375,
        7.2109375,
        9.8671875,
        12.0390625,
        8.828125,
        8.7421875,
        9.015625,
        8.4375,
        9.3046875,
        7.8515625,
        7.625,
        8.421875,
        7.8359375,
        7.4921875,
        10.0,
        8.984375,
        6.703125,
        8.1015625,
        8.96875,
        9.9609375,
        7.68359375,
        9.125,
        8.1953125,
        8.2265625,
        8.6875,
        8.7734375,
        6.19921875,
        8.7421875,
        7.125,
        7.578125,
        9.140625,
        8.1015625,
        8.703125,
        9.7734375,
        8.2890625,
        7.8515625,
        7.55078125,
        7.73046875,
        9.3203125,
        7.50390625,
        7.73046875,
        7.8671875,
        8.625,
        9.0859375,
        10.1953125,
        10.6484375,
        9.6015625,
        7.94140625,
        8.453125,
        7.8671875,
        8.4375,
        7.91015625,
        7.98828125,
        8.8125,
        8.453125,
        6.93359375,
        10.2421875,
        8.7734375,
        9.84375,
        7.8515625,
        9.6171875,
        7.95703125,
        8.1484375,
        9.109375,
        8.0078125,
        10.5625,
        9.7734375,
        8.828125,
        8.7734375,
        9.46875,
        10.0390625,
        6.9140625,
        9.484375,
        7.3671875,
        7.41796875,
        9.3984375,
        9.0703125,
        7.5625,
        7.40234375,
        8.5234375,
        10.15625,
        8.421875,
        10.8984375,
        8.703125,
        9.0703125,
        9.25,
        9.2109375,
        7.53515625,
        8.1796875,
        9.9453125,
        9.8046875,
        9.34375,
        7.578125,
        9.2109375,
        9.0859375,
        8.2109375,
        10.8125,
        10.28125,
        7.5625,
        7.609375,
        9.0,
        9.4140625,
        9.359375,
        7.8671875,
        9.140625,
        7.94140625,
        9.0,
        7.8671875,
        9.1953125,
        7.2734375,
        7.5625,
        6.83984375,
        8.40625,
        6.9140625,
        8.703125,
        9.6953125,
        8.1640625,
        10.15625,
        7.71484375,
        8.0078125,
        7.94140625
      ],
      "mean_perplexity": 8.589767530487805
    },
    "invalid_examples": [
      {
        "question": "Passage: Deion Sanders -- Sanders played football primarily at cornerback, but also as a kick returner, punt returner, and occasionally wide receiver. He played in the National Football League (NFL) for the Atlanta Falcons, the San Francisco 49ers, the Dallas Cowboys, the Washington Redskins and the Baltimore Ravens, winning the Super Bowl with both the 49ers and the Cowboys. An outfielder in baseball, he played professionally for the New York Yankees, the Atlanta Braves, the Cincinnati Reds and the San Francisco Giants, and participated in the 1992 World Series with the Braves. He attended Florida State University, where he was recognized as a two-time All-American in football, and also played baseball and ran track.\nQuestion: did deion sanders ever win a world series\nAnswer:",
        "response": " De"
      },
      {
        "question": "Passage: Dessert spoon -- As a unit of culinary measure, a level dessertspoon (dstspn.) equals two teaspoons, or 10 milliliters, whereas a U.S. tablespoon is three teaspoons (15ml or half a fluid ounce) in the U.S., and two dessertspoons, i.e. four teaspoons (20ml or two thirds of a fluid ounce) in Britain and Australia, which is the old British standard. For dry ingredients, a rounded or heaped teaspoonful is often specified instead.\nQuestion: is a tablespoon bigger than a dessert spoon\nAnswer:",
        "response": " A"
      },
      {
        "question": "Passage: Angular frequency -- Angular frequency (or angular speed) is the magnitude of the vector quantity angular velocity. The term angular frequency vector \u03c9 \u2192 (\\displaystyle (\\vec (\\omega ))) is sometimes used as a synonym for the vector quantity angular velocity.\nQuestion: is angular frequency and angular velocity the same\nAnswer:",
        "response": " Angular"
      },
      {
        "question": "Passage: NCIS: New Orleans (season 4) -- The fourth season of NCIS: New Orleans premiered on September 26, 2017 on CBS. The series continues to air following Bull, Tuesday at 10:00 p.m. (ET) and contained 24 episodes. The season concluded on May 15, 2018.\nQuestion: is ncis new orleans over for the season\nAnswer:",
        "response": " NC"
      },
      {
        "question": "Passage: Whose Line Is It Anyway? (U.S. TV series) -- Production of the American version was canceled by ABC in 2003 because of low ratings, with already-produced episodes airing first-run into 2004. The ABC Family cable channel, which had been airing repeats of the show since 2002, also showed ``new'' episodes from 2005 to 2006, formed from previously filmed but unaired performances.\nQuestion: did they cancel whose line is it anyway\nAnswer:",