{
  "metadata": {
    "timestamp": "20241216_114933",
    "model_name": "Qwen/Qwen2.5-7B",
    "num_pruned_layers": 25,
    "has_adapter": true,
    "task": "boolq"
  },
  "metrics": {
    "response_quality": {
      "total_responses": 3270,
      "valid_responses": 2060,
      "invalid_responses": 1210,
      "invalid_percentage": 37.00305810397553
    },
    "metrics": {
      "accuracy": 0.6233009708737864,
      "evaluate_accuracy": {
        "accuracy": 0.3926605504587156
      },
      "precision": 0.6273261508325172,
      "recall": 0.9884259259259259,
      "f1": 0.7675254643499102,
      "total_evaluated": 2060,
      "confusion_matrix": {
        "true_positives": 1281,
        "true_negatives": 3,
        "false_positives": 761,
        "false_negatives": 15
      },
      "perplexities": [
        182.5,
        163.625,
        193.625,
        184.75,
        186.875,
        166.25,
        179.75,
        210.125,
        179.0,
        216.0,
        210.125,
        176.25,
        169.5,
        186.125,
        182.5,
        170.875,
        192.0,
        198.875,
        186.125,
        207.625,
        207.625,
        166.25,
        151.875,
        178.375,
        228.125,
        131.5,
        220.25,
        169.5,
        184.75,
        216.75,
        200.5,
        170.125,
        187.625,
        203.625,
        218.5,
        181.125,
        161.75,
        205.25,
        206.875,
        161.125,
        162.375,
        164.25,
        206.0,
        176.875,
        199.75,
        179.75,
        184.75,
        210.125,
        179.75,
        166.25,
        186.875,
        187.625,
        175.5,
        160.5,
        192.0,
        205.25,
        186.125,
        235.375,
        166.875,
        216.0,
        227.25,
        161.125,
        183.25,
        225.375,
        228.125,
        186.875,
        179.0,
        181.875,
        188.375,
        172.125,
        212.625,
        241.875,
        229.0,
        167.5,
        192.0,
        224.5,
        177.625,
        180.375,
        206.875,
        195.125,
        179.0,
        232.625,
        186.875,
        205.25,
        172.125,
        181.875,
        240.0,
        259.5,
        208.5,
        211.0,
        192.0,
        181.125,
        222.75,
        235.375,
        191.25,
        167.5,
        138.875,
        184.0,
        229.0,
        242.75,
        138.875,
        219.375,
        181.125,
        212.625,
        185.375,
        181.875,
        172.875,
        202.125,
        204.5,
        168.875,
        149.625,
        200.5,
        169.5,
        161.75,
        207.625,
        268.75,
        211.0,
        207.625,
        179.75,
        198.125,
        168.875,
        194.375,
        227.25,
        209.25,
        173.5,
        164.875,
        209.25,
        159.875,
        215.125,
        230.75,
        232.625,
        175.5,
        211.75,
        199.75,
        199.75,
        189.125,
        147.875,
        192.0,
        181.125,
        194.375,
        192.0,
        184.0,
        173.5,
        155.5,
        212.625,
        206.0,
        173.5,
        217.625,
        211.0,
        227.25,
        187.625,
        220.25,
        177.625,
        202.875,
        211.0,
        202.125,
        179.75,
        141.125,
        222.75,
        198.875,
        204.5,
        140.0,
        148.375,
        228.125,
        235.375,
        240.875,
        246.625,
        175.5,
        208.5,
        173.5,
        170.875,
        158.625,
        153.125,
        187.625,
        209.25,
        172.875,
        199.75,
        185.375,
        242.75,
        158.0,
        245.625,
        206.875,
        163.0,
        165.625,
        233.5,
        176.875,
        194.375,
        164.25,
        175.5,
        181.875,
        215.125,
        195.125,
        202.125,
        173.5,
        161.75,
        197.375,
        211.75,
        131.5,
        202.875,
        211.0,
        174.25,
        210.125,
        165.625,
        143.25,
        187.625
      ],
      "mean_perplexity": 192.11829268292684
    },
    "invalid_examples": [
      {
        "question": "Passage: Ethanol fuel -- All biomass goes through at least some of these steps: it needs to be grown, collected, dried, fermented, distilled, and burned. All of these steps require resources and an infrastructure. The total amount of energy input into the process compared to the energy released by burning the resulting ethanol fuel is known as the energy balance (or ``energy returned on energy invested''). Figures compiled in a 2007 report by National Geographic Magazine point to modest results for corn ethanol produced in the US: one unit of fossil-fuel energy is required to create 1.3 energy units from the resulting ethanol. The energy balance for sugarcane ethanol produced in Brazil is more favorable, with one unit of fossil-fuel energy required to create 8 from the ethanol. Energy balance estimates are not easily produced, thus numerous such reports have been generated that are contradictory. For instance, a separate survey reports that production of ethanol from sugarcane, which requires a tropical climate to grow productively, returns from 8 to 9 units of energy for each unit expended, as compared to corn, which only returns about 1.34 units of fuel energy for each unit of energy expended. A 2006 University of California Berkeley study, after analyzing six separate studies, concluded that producing ethanol from corn uses much less petroleum than producing gasoline.\nQuestion: does ethanol take more energy make that produces\nAnswer:",
        "response": " "
      },
      {
        "question": "Passage: Barq's -- Barq's /\u02c8b\u0251\u02d0rks/ is an American soft drink. Its brand of root beer is notable for having caffeine. Barq's, created by Edward Barq and bottled since the turn of the 20th century, is owned by the Barq family but bottled by the Coca-Cola Company. It was known as Barq's Famous Olde Tyme Root Beer until 2012.\nQuestion: is barq's root beer a pepsi product\nAnswer:",
        "response": " Bar"
      },
      {
        "question": "Passage: Parity (mathematics) -- In mathematics, parity is the property of an integer's inclusion in one of two categories: even or odd. An integer is even if it is evenly divisible by two and odd if it is not even. For example, 6 is even because there is no remainder when dividing it by 2. By contrast, 3, 5, 7, 21 leave a remainder of 1 when divided by 2. Examples of even numbers include \u22124, 0, 82 and 178. In particular, zero is an even number. Some examples of odd numbers are \u22125, 3, 29, and 73.\nQuestion: can an odd number be divided by an even number\nAnswer:",
        "response": " Some"
      },
      {
        "question": "Passage: List of English words containing Q not followed by U -- Of the 71 words in this list, 67 are nouns, and most would generally be considered loanwords; the only modern-English words that contain Q not followed by U and are not borrowed from another language are qiana, qwerty, and tranq. However, all of the loanwords on this list are considered to be naturalised in English according to at least one major dictionary (see References), often because they refer to concepts or societal roles that do not have an accurate equivalent in English. For words to appear here, they must appear in their own entry in a dictionary; words which occur only as part of a longer phrase are not included.\nQuestion: is there a word with q without u\nAnswer:",
        "response": " q"
      },
      {
        "question": "Passage: American entry into Canada by land -- Persons driving into Canada must have their vehicle's registration document and proof of insurance.\nQuestion: can u drive in canada with us license\nAnswer:",