{
  "metadata": {
    "timestamp": "20241216_113455",
    "model_name": "Qwen/Qwen2.5-7B",
    "num_pruned_layers": 13,
    "has_adapter": false,
    "task": "boolq"
  },
  "metrics": {
    "response_quality": {
      "total_responses": 3270,
      "valid_responses": 1823,
      "invalid_responses": 1447,
      "invalid_percentage": 44.25076452599389
    },
    "metrics": {
      "accuracy": 0.6187602852441031,
      "evaluate_accuracy": {
        "accuracy": 0.344954128440367
      },
      "precision": 0.6235424764019989,
      "recall": 0.9850877192982456,
      "f1": 0.763685821149269,
      "total_evaluated": 1823,
      "confusion_matrix": {
        "true_positives": 1123,
        "true_negatives": 5,
        "false_positives": 678,
        "false_negatives": 17
      },
      "perplexities": [
        237.125,
        263.5,
        305.75,
        363.0,
        216.0,
        215.125,
        286.0,
        240.0,
        434.5,
        270.75,
        363.0,
        227.25,
        343.75,
        321.75,
        298.75,
        211.0,
        251.5,
        429.5,
        268.75,
        439.75,
        209.25,
        291.75,
        395.75,
        237.125,
        290.5,
        237.125,
        222.75,
        195.125,
        221.875,
        238.125,
        261.5,
        231.625,
        242.75,
        290.5,
        223.625,
        236.25,
        278.25,
        295.25,
        216.75,
        255.375,
        326.75,
        264.5,
        295.25,
        239.0,
        242.75,
        166.25,
        221.875,
        353.25,
        184.75,
        245.625,
        217.625,
        330.5,
        234.375,
        206.0,
        227.25,
        286.0,
        276.25,
        334.5,
        294.0,
        269.75,
        422.75,
        216.0,
        201.25,
        270.75,
        269.75,
        250.5,
        206.875,
        269.75,
        459.0,
        267.75,
        289.5,
        290.5,
        301.0,
        212.625,
        502.0,
        220.25,
        242.75,
        281.75,
        216.0,
        256.5,
        221.0,
        352.0,
        229.875,
        235.375,
        319.25,
        318.0,
        297.5,
        373.0,
        335.75,
        283.75,
        286.0,
        264.5,
        361.75,
        219.375,
        172.875,
        238.125,
        318.0,
        250.5,
        326.75,
        302.25,
        182.5,
        358.75,
        198.875,
        383.5,
        228.125,
        455.25,
        202.875,
        304.5,
        319.25,
        302.25,
        167.5,
        258.5,
        277.25,
        305.75,
        562.5,
        288.25,
        202.875,
        270.75,
        266.75,
        258.5,
        181.875,
        211.75,
        235.375,
        240.0,
        221.875,
        243.75,
        243.75,
        219.375,
        296.25,
        292.75,
        342.5,
        298.75,
        290.5,
        219.375,
        400.25,
        274.0,
        192.875,
        216.75,
        385.0,
        172.875,
        211.75,
        451.75,
        473.5,
        272.0,
        239.0,
        221.875,
        366.0,
        310.5,
        223.625,
        357.5,
        376.0,
        296.25,
        254.5,
        337.0,
        246.625,
        167.5,
        380.5,
        211.0,
        215.125,
        247.625,
        256.5,
        230.75,
        213.375,
        334.5,
        450.0,
        244.75,
        323.0,
        356.0,
        321.75,
        218.5,
        202.125,
        239.0,
        224.5,
        408.25,
        212.625,
        200.5,
        229.875,
        373.0,
        222.75,
        357.5,
        358.75,
        443.0,
        229.0,
        217.625,
        248.5,
        358.75,
        252.5,
        206.875,
        367.25,
        240.875,
        251.5,
        216.0,
        250.5,
        262.5,
        216.0,
        253.5,
        213.375,
        287.25,
        275.0,
        941.5,
        226.25,
        318.0,
        227.25,
        192.0,
        363.0
      ],
      "mean_perplexity": 280.4725609756098
    },
    "invalid_examples": [
      {
        "question": "Passage: Property tax -- Property tax or 'house tax' is a local tax on buildings, along with appurtenant land. It is and imposed on the Possessor (not the custodian of property as per 1978, 44th amendment of constitution). It resembles the US-type wealth tax and differs from the excise-type UK rate. The tax power is vested in the states and is delegated to local bodies, specifying the valuation method, rate band, and collection procedures. The tax base is the annual rental value (ARV) or area-based rating. Owner-occupied and other properties not producing rent are assessed on cost and then converted into ARV by applying a percentage of cost, usually four percent. Vacant land is generally exempt. Central government properties are exempt. Instead a 'service charge' is permissible under executive order. Properties of foreign missions also enjoy tax exemption without requiring reciprocity. The tax is usually accompanied by service taxes, e.g., water tax, drainage tax, conservancy (sanitation) tax, lighting tax, all using the same tax base. The rate structure is flat on rural (panchayat) properties, but in the urban (municipal) areas it is mildly progressive with about 80% of assessments falling in the first two brackets.\nQuestion: is house tax and property tax are same\nAnswer:",
        "response": "ovsky"
      },
      {
        "question": "Passage: Harry Potter and the Escape from Gringotts -- Harry Potter and the Escape from Gringotts is an indoor steel roller coaster at Universal Studios Florida, a theme park located within the Universal Orlando Resort. Similar to dark rides, the roller coaster utilizes special effects in a controlled-lighting environment and also employs motion-based 3-D projection of both animation and live-action sequences to enhance the experience. The ride, which is themed to the Gringotts Wizarding Bank, became the flagship attraction for the expanded Wizarding World of Harry Potter when it opened on July 8, 2014.\nQuestion: is harry potter and the escape from gringotts a roller coaster ride\nAnswer:",
        "response": " only"
      },
      {
        "question": "Passage: American entry into Canada by land -- Persons driving into Canada must have their vehicle's registration document and proof of insurance.\nQuestion: can u drive in canada with us license\nAnswer:",
        "response": " only"
      },
      {
        "question": "Passage: Alcohol laws of New York -- In response to the National Minimum Drinking Age Act in 1984, which reduced by up to 10% the federal highway funding of any state which did not have a minimum purchasing age of 21, the New York Legislature raised the drinking age from 19 to 21, effective December 1, 1985. (The drinking age had been 18 for many years before the first raise on December 4th, 1982, to 19.) Persons under 21 are prohibited from purchasing alcohol or possessing alcohol with the intent to consume, unless the alcohol was given to that person by their parent or legal guardian. There is no law prohibiting where people under 21 may possess or consume alcohol that was given to them by their parents. Persons under 21 are prohibited from having a blood alcohol level of 0.02% or higher while driving.\nQuestion: can minors drink with parents in new york\nAnswer:",