{
  "metadata": {
    "timestamp": "20241216_104833",
    "model_name": "Qwen/Qwen2.5-0.5B",
    "num_pruned_layers": 4,
    "has_adapter": false,
    "task": "boolq"
  },
  "metrics": {
    "response_quality": {
      "total_responses": 3270,
      "valid_responses": 2275,
      "invalid_responses": 995,
      "invalid_percentage": 30.428134556574925
    },
    "metrics": {
      "accuracy": 0.6030769230769231,
      "evaluate_accuracy": {
        "accuracy": 0.41957186544342506
      },
      "precision": 0.6127141568981064,
      "recall": 0.9686386315039202,
      "f1": 0.7506213753106875,
      "total_evaluated": 2275,
      "confusion_matrix": {
        "true_positives": 1359,
        "true_negatives": 13,
        "false_positives": 859,
        "false_negatives": 44
      },
      "perplexities": [
        22.3125,
        21.46875,
        20.046875,
        23.203125,
        19.921875,
        19.578125,
        20.96875,
        20.4375,
        21.171875,
        27.140625,
        22.84375,
        20.4375,
        23.125,
        22.796875,
        20.6875,
        19.78125,
        21.96875,
        25.140625,
        25.546875,
        23.390625,
        21.296875,
        19.578125,
        19.734375,
        18.359375,
        26.5625,
        17.96875,
        23.390625,
        21.84375,
        21.421875,
        25.734375,
        24.09375,
        20.0,
        19.578125,
        21.71875,
        24.796875,
        20.71875,
        21.21875,
        25.59375,
        20.96875,
        19.96875,
        17.59375,
        20.609375,
        25.34375,
        16.78125,
        21.09375,
        18.828125,
        21.21875,
        22.28125,
        21.25,
        19.96875,
        19.890625,
        21.96875,
        19.171875,
        21.375,
        20.921875,
        24.1875,
        25.234375,
        24.703125,
        21.125,
        21.296875,
        22.984375,
        20.328125,
        20.25,
        24.84375,
        27.9375,
        20.796875,
        20.25,
        18.9375,
        22.984375,
        18.71875,
        23.34375,
        26.140625,
        24.65625,
        21.890625,
        22.3125,
        24.90625,
        20.921875,
        20.4375,
        22.53125,
        23.203125,
        19.234375,
        21.9375,
        18.28125,
        21.796875,
        20.046875,
        18.71875,
        25.6875,
        30.15625,
        24.1875,
        22.84375,
        22.671875,
        21.125,
        22.625,
        23.578125,
        21.09375,
        21.34375,
        18.046875,
        17.828125,
        28.484375,
        25.484375,
        16.84375,
        22.453125,
        22.984375,
        24.515625,
        19.5,
        21.375,
        19.703125,
        22.796875,
        23.078125,
        20.609375,
        17.109375,
        20.515625,
        18.765625,
        18.25,
        23.296875,
        27.453125,
        22.984375,
        22.71875,
        22.109375,
        20.796875,
        19.015625,
        19.734375,
        23.203125,
        20.4375,
        20.4375,
        20.046875,
        21.671875,
        21.5,
        25.09375,
        26.96875,
        25.09375,
        20.125,
        23.8125,
        22.0625,
        22.671875,
        21.046875,
        19.96875,
        20.40625,
        20.796875,
        18.796875,
        24.375,
        22.5,
        23.203125,
        17.90625,
        22.890625,
        23.203125,
        21.046875,
        24.234375,
        21.84375,
        25.484375,
        23.71875,
        22.578125,
        22.84375,
        24.609375,
        25.09375,
        19.28125,
        22.234375,
        19.28125,
        20.6875,
        23.90625,
        22.109375,
        18.4375,
        18.765625,
        22.3125,
        27.9375,
        22.984375,
        28.546875,
        23.625,
        21.046875,
        22.625,
        22.578125,
        19.28125,
        19.8125,
        22.765625,
        26.046875,
        23.25,
        19.28125,
        23.484375,
        24.1875,
        18.546875,
        25.390625,
        26.140625,
        18.828125,
        18.21875,
        27.234375,
        24.90625,
        24.796875,
        18.609375,
        22.1875,
        20.125,
        24.5625,
        20.84375,
        24.609375,
        18.65625,
        19.125,
        19.234375,
        22.359375,
        15.3671875,
        22.765625,
        24.46875,
        19.921875,
        24.796875,
        19.046875,
        18.359375,
        20.796875
      ],
      "mean_perplexity": 21.92953506097561
    },
    "invalid_examples": [
      {
        "question": "Passage: Hydroxyzine -- Hydroxyzine preparations require a doctor's prescription. The drug is available in two formulations, the pamoate and the dihydrochloride or hydrochloride salts. Vistaril, Equipose, Masmoran, and Paxistil are preparations of the pamoate salt, while Atarax, Alamon, Aterax, Durrax, Tran-Q, Orgatrax, Quiess, and Tranquizine are of the hydrochloride salt.\nQuestion: is there a difference between hydroxyzine hcl and hydroxyzine pam\nAnswer:",
        "response": " Hydro"
      },
      {
        "question": "Passage: 2018 FIFA World Cup knockout stage -- The knockout stage of the 2018 FIFA World Cup was the second and final stage of the competition, following the group stage. It began on 30 June with the round of 16 and ended on 15 July with the final match, held at the Luzhniki Stadium in Moscow. The top two teams from each group (16 in total) advanced to the knockout stage to compete in a single-elimination style tournament. A third place play-off was also played between the two losing teams of the semi-finals.\nQuestion: is there a play off for third place in the world cup\nAnswer:",
        "response": " "
      },
      {
        "question": "Passage: Bloodline (TV series) -- Bloodline was announced in October 2014 as part of a partnership between Netflix and Sony Pictures Television, representing Netflix's first major deal with a major film studio for a television series. The series was created and executive produced by Todd A. Kessler, Glenn Kessler, and Daniel Zelman, who previously created the FX series Damages. According to its official synopsis released by Netflix, Bloodline ``centers on a close-knit family of four adult siblings whose secrets and scars are revealed when their black sheep brother returns home.''\nQuestion: is the show bloodline based on a true story\nAnswer:",
        "response": " Blood"
      },
      {
        "question": "Passage: Magnesium citrate -- Magnesium citrate is a magnesium preparation in salt form with citric acid in a 1:1 ratio (1 magnesium atom per citrate molecule). The name ``magnesium citrate'' is ambiguous and sometimes may refer to other salts such as trimagnesium citrate which has a magnesium:citrate ratio of 3:2.\nQuestion: does magnesium citrate have citric acid in it\nAnswer:",