{
  "metadata": {
    "timestamp": "20241216_105531",
    "model_name": "Qwen/Qwen2.5-0.5B",
    "num_pruned_layers": 16,
    "has_adapter": true,
    "task": "boolq"
  },
  "metrics": {
    "response_quality": {
      "total_responses": 3270,
      "valid_responses": 3183,
      "invalid_responses": 87,
      "invalid_percentage": 2.6605504587155964
    },
    "metrics": {
      "accuracy": 0.6239396795475967,
      "evaluate_accuracy": {
        "accuracy": 0.6073394495412844
      },
      "precision": 0.6238993710691824,
      "recall": 0.9994962216624685,
      "f1": 0.7682478218780253,
      "total_evaluated": 3183,
      "confusion_matrix": {
        "true_positives": 1984,
        "true_negatives": 2,
        "false_positives": 1196,
        "false_negatives": 1
      },
      "perplexities": [
        1659.0,
        1653.0,
        2090.0,
        1963.0,
        1739.0,
        2048.0,
        1766.0,
        2033.0,
        1978.0,
        1940.0,
        2462.0,
        1759.0,
        1653.0,
        1994.0,
        2025.0,
        2001.0,
        2072.0,
        1887.0,
        1925.0,
        1917.0,
        2048.0,
        1851.0,
        1403.0,
        2017.0,
        2090.0,
        1257.0,
        2106.0,
        1858.0,
        1940.0,
        2056.0,
        2064.0,
        1698.0,
        2206.0,
        2064.0,
        2056.0,
        1978.0,
        1705.0,
        2172.0,
        2025.0,
        2056.0,
        2156.0,
        1653.0,
        2224.0,
        1917.0,
        2072.0,
        1646.0,
        1801.0,
        2148.0,
        1685.0,
        1705.0,
        1822.0,
        2180.0,
        1719.0,
        1553.0,
        1902.0,
        1932.0,
        1577.0,
        2386.0,
        1955.0,
        2694.0,
        2396.0,
        1692.0,
        1887.0,
        2348.0,
        2017.0,
        1739.0,
        1787.0,
        1994.0,
        2396.0,
        1955.0,
        2442.0,
        2662.0,
        2480.0,
        1659.0,
        2396.0,
        2404.0,
        1759.0,
        2122.0,
        2172.0,
        1837.0,
        2048.0,
        2704.0,
        2172.0,
        2580.0,
        2009.0,
        2106.0,
        2206.0,
        2232.0,
        2206.0,
        1851.0,
        2216.0,
        1773.0,
        2510.0,
        2778.0,
        2048.0,
        1873.0,
        1430.0,
        1887.0,
        2268.0,
        2970.0,
        1511.0,
        2232.0,
        1925.0,
        2258.0,
        2206.0,
        1851.0,
        1895.0,
        2322.0,
        2198.0,
        1978.0,
        2148.0,
        2224.0,
        1780.0,
        1925.0,
        2348.0,
        2396.0,
        2480.0,
        1947.0,
        1712.0,
        2090.0,
        1773.0,
        2258.0,
        2640.0,
        2122.0,
        1487.0,
        1692.0,
        2322.0,
        1640.0,
        2312.0,
        2510.0,
        2480.0,
        1481.0,
        2242.0,
        1955.0,
        2268.0,
        2009.0,
        1499.0,
        2358.0,
        1994.0,
        2122.0,
        1801.0,
        2009.0,
        1596.0,
        1844.0,
        2098.0,
        2424.0,
        1822.0,
        2216.0,
        2746.0,
        2304.0,
        2033.0,
        2232.0,
        1596.0,
        2490.0,
        2148.0,
        2138.0,
        1822.0,
        1640.0,
        2164.0,
        2386.0,
        2250.0,
        1553.0,
        1517.0,
        2480.0,
        2322.0,
        2800.0,
        2442.0,
        1608.0,
        2090.0,
        1719.0,
        1910.0,
        1739.0,
        1596.0,
        2224.0,
        2396.0,
        1659.0,
        2148.0,
        1766.0,
        2276.0,
        2025.0,
        2570.0,
        1986.0,
        1589.0,
        1534.0,
        2322.0,
        1773.0,
        1994.0,
        1801.0,
        2368.0,
        1780.0,
        2156.0,
        2082.0,
        1865.0,
        2122.0,
        2017.0,
        2258.0,
        2376.0,
        1397.0,
        1902.0,
        2472.0,
        1932.0,
        2258.0,
        1902.0,
        1739.0,
        1453.0
      ],
      "mean_perplexity": 2030.3365853658536
    },
    "invalid_examples": [
      {
        "question": "Passage: Renunciation of citizenship -- Renunciation of U.S. citizenship was free until July 2010, at which time a fee of $450 was established. An increase to $2,350, effective September 12, 2014, was justified as ``reflective of the true cost'' of processing. This followed a fee increase of approximately 220% in 2013. The increase took effect in January 2015.\nQuestion: does it cost money to renounce us citizenship\nAnswer:",
        "response": " Our"
      },
      {
        "question": "Passage: African nations at the FIFA World Cup -- Association football is the most popular sport in nearly every African country, and 13 members of the Confederation of African Football (CAF) have competed at the sport's biggest event -- the men's FIFA World Cup.\nQuestion: can an african team win the world cup\nAnswer:",
        "response": " "
      },
      {
        "question": "Passage: Chasing Cars -- ``Chasing Cars'' is a song by Northern Irish alternative rock band Snow Patrol. It was released as the second single from their fourth studio album, Eyes Open (2006). It was recorded in 2005 and released on 6 June 2006 in the United States and 24 July 2006 in the United Kingdom. The song gained significant popularity in the US after being featured in the second season finale of the popular medical drama Grey's Anatomy, which aired on 15 May 2006.\nQuestion: was chasing cars written for grey's anatomy\nAnswer:",
        "response": " "
      },
      {
        "question": "Passage: Vehicle title -- In the United Kingdom, there is not an equivalent of a vehicle title. Instead, there is a document known as the 'vehicle registration document', and is issued by the Driver and Vehicle Licensing Agency (DVLA). The current version has the reference number V5C. Prior to computerisation, the title document was the 'log book', and this term is sometimes still used to describe the V5C. The V5 document records who the Registered Keeper of the vehicle is; it does not establish legal ownership of the vehicle. These documents used to be blue on the front. However, they were changed to red in 2010/11 after approximately 2.2 million blank blue V5 documents were stolen, allowing thieves to clone stolen vehicles much more easily.\nQuestion: is a title and registration the same thing\nAnswer:",
        "response": " Please"
      },
      {
        "question": "Passage: My Name Is Earl -- I had always had an ending to Earl and I'm sorry I didn't get the chance to see it happen. You've got a show about a guy with a list so not seeing him finish it is a bummer. But the truth is, he wasn't ever going to finish the list. The basic idea of the ending was that while he was stuck on a really hard list item he was going to start to get frustrated that he was never going to finish it. Then he runs into someone who had a list of their own and Earl was on it. They needed to make up for something bad they had done to Earl. He asks them where they got the idea of making a list and they tell him that someone came to them with a list and that person got the idea from someone else. Earl eventually realizes that his list started a chain reaction of people with lists and that he's finally put more good into the world than bad. So at that point he was going to tear up his list and go live his life. Walk into the sunset a free man. With good karma. --Greg Garcia\nQuestion: did my name is earl finish his list\nAnswer:",