{
  "metadata": {
    "timestamp": "20241216_105526",
    "model_name": "Qwen/Qwen2.5-0.5B",
    "num_pruned_layers": 17,
    "has_adapter": true,
    "task": "boolq"
  },
  "metrics": {
    "response_quality": {
      "total_responses": 3270,
      "valid_responses": 1823,
      "invalid_responses": 1447,
      "invalid_percentage": 44.25076452599389
    },
    "metrics": {
      "accuracy": 0.6428963247394405,
      "evaluate_accuracy": {
        "accuracy": 0.3584097859327217
      },
      "precision": 0.6428963247394405,
      "recall": 1.0,
      "f1": 0.7826377295492487,
      "total_evaluated": 1823,
      "confusion_matrix": {
        "true_positives": 1172,
        "true_negatives": 0,
        "false_positives": 651,
        "false_negatives": 0
      },
      "perplexities": [
        3738.0,
        2958.0,
        3432.0,
        3680.0,
        3352.0,
        3174.0,
        3248.0,
        3980.0,
        3352.0,
        4952.0,
        3680.0,
        3004.0,
        2980.0,
        3918.0,
        3274.0,
        3568.0,
        3404.0,
        2746.0,
        4304.0,
        3486.0,
        3148.0,
        3076.0,
        2946.0,
        3076.0,
        3274.0,
        2001.0,
        3486.0,
        3486.0,
        3224.0,
        3980.0,
        3248.0,
        3124.0,
        4764.0,
        3624.0,
        3124.0,
        3124.0,
        2924.0,
        3652.0,
        3198.0,
        3124.0,
        3918.0,
        2912.0,
        3888.0,
        3248.0,
        3828.0,
        2640.0,
        2714.0,
        3486.0,
        2630.0,
        2800.0,
        3432.0,
        3174.0,
        3378.0,
        2520.0,
        3248.0,
        3652.0,
        2822.0,
        3512.0,
        3624.0,
        4204.0,
        3918.0,
        3432.0,
        3540.0,
        4688.0,
        4272.0,
        3076.0,
        3486.0,
        3300.0,
        5612.0,
        2958.0,
        4688.0,
        4272.0,
        4544.0,
        2856.0,
        4404.0,
        3568.0,
        2640.0,
        4140.0,
        4272.0,
        3568.0,
        3326.0,
        4688.0,
        3596.0,
        4440.0,
        4042.0,
        3680.0,
        3888.0,
        3148.0,
        4580.0,
        3432.0,
        3540.0,
        3274.0,
        4074.0,
        4372.0,
        3540.0,
        2778.0,
        2704.0,
        3710.0,
        4580.0,
        4108.0,
        3052.0,
        3950.0,
        3858.0,
        6312.0,
        3378.0,
        2724.0,
        2912.0,
        3710.0,
        4512.0,
        3738.0,
        3596.0,
        4404.0,
        2946.0,
        3004.0,
        4012.0,
        3596.0,
        4304.0,
        4012.0,
        3100.0,
        3980.0,
        2714.0,
        3828.0,
        3486.0,
        3596.0,
        2682.0,
        2946.0,
        3378.0,
        2958.0,
        3680.0,
        4304.0,
        3888.0,
        2946.0,
        3432.0,
        3352.0,
        3352.0,
        4440.0,
        2958.0,
        4688.0,
        3950.0,
        3652.0,
        3624.0,
        3378.0,
        2672.0,
        3432.0,
        3568.0,
        3540.0,
        3624.0,
        4204.0,
        4140.0,
        4108.0,
        3274.0,
        4204.0,
        2540.0,
        4204.0,
        3680.0,
        4544.0,
        3768.0,
        3458.0,
        4012.0,
        4764.0,
        3652.0,
        2550.0,
        3458.0,
        4172.0,
        3710.0,
        5356.0,
        5112.0,
        2746.0,
        3652.0,
        3828.0,
        3100.0,
        2778.0,
        2768.0,
        4236.0,
        4236.0,
        2958.0,
        3768.0,
        4372.0,
        4512.0,
        3858.0,
        4800.0,
        2980.0,
        2694.0,
        2790.0,
        4012.0,
        2756.0,
        3004.0,
        2946.0,
        4074.0,
        3352.0,
        3300.0,
        3828.0,
        3624.0,
        3680.0,
        3596.0,
        4042.0,
        3568.0,
        2190.0,
        3404.0,
        3980.0,
        4012.0,
        3798.0,
        3680.0,
        2834.0,
        3596.0
      ],
      "mean_perplexity": 3588.4243902439025
    },
    "invalid_examples": [
      {
        "question": "Passage: Property tax -- Property tax or 'house tax' is a local tax on buildings, along with appurtenant land. It is and imposed on the Possessor (not the custodian of property as per 1978, 44th amendment of constitution). It resembles the US-type wealth tax and differs from the excise-type UK rate. The tax power is vested in the states and is delegated to local bodies, specifying the valuation method, rate band, and collection procedures. The tax base is the annual rental value (ARV) or area-based rating. Owner-occupied and other properties not producing rent are assessed on cost and then converted into ARV by applying a percentage of cost, usually four percent. Vacant land is generally exempt. Central government properties are exempt. Instead a 'service charge' is permissible under executive order. Properties of foreign missions also enjoy tax exemption without requiring reciprocity. The tax is usually accompanied by service taxes, e.g., water tax, drainage tax, conservancy (sanitation) tax, lighting tax, all using the same tax base. The rate structure is flat on rural (panchayat) properties, but in the urban (municipal) areas it is mildly progressive with about 80% of assessments falling in the first two brackets.\nQuestion: is house tax and property tax are same\nAnswer:",
        "response": "(\""
      },
      {
        "question": "Passage: Barq's -- Barq's /\u02c8b\u0251\u02d0rks/ is an American soft drink. Its brand of root beer is notable for having caffeine. Barq's, created by Edward Barq and bottled since the turn of the 20th century, is owned by the Barq family but bottled by the Coca-Cola Company. It was known as Barq's Famous Olde Tyme Root Beer until 2012.\nQuestion: is barq's root beer a pepsi product\nAnswer:",
        "response": " "
      },
      {
        "question": "Passage: List of English words containing Q not followed by U -- Of the 71 words in this list, 67 are nouns, and most would generally be considered loanwords; the only modern-English words that contain Q not followed by U and are not borrowed from another language are qiana, qwerty, and tranq. However, all of the loanwords on this list are considered to be naturalised in English according to at least one major dictionary (see References), often because they refer to concepts or societal roles that do not have an accurate equivalent in English. For words to appear here, they must appear in their own entry in a dictionary; words which occur only as part of a longer phrase are not included.\nQuestion: is there a word with q without u\nAnswer:",
        "response": "\u201d"
      },
      {
        "question": "Passage: American entry into Canada by land -- Persons driving into Canada must have their vehicle's registration document and proof of insurance.\nQuestion: can u drive in canada with us license\nAnswer:",
        "response": " "
      },
      {
        "question": "Passage: Bloodline (TV series) -- Bloodline was announced in October 2014 as part of a partnership between Netflix and Sony Pictures Television, representing Netflix's first major deal with a major film studio for a television series. The series was created and executive produced by Todd A. Kessler, Glenn Kessler, and Daniel Zelman, who previously created the FX series Damages. According to its official synopsis released by Netflix, Bloodline ``centers on a close-knit family of four adult siblings whose secrets and scars are revealed when their black sheep brother returns home.''\nQuestion: is the show bloodline based on a true story\nAnswer:",