{
  "metadata": {
    "timestamp": "20241216_125848",
    "model_name": "Qwen/Qwen2.5-14B",
    "num_pruned_layers": 4,
    "has_adapter": true,
    "task": "boolq"
  },
  "metrics": {
    "response_quality": {
      "total_responses": 3270,
      "valid_responses": 3270,
      "invalid_responses": 0,
      "invalid_percentage": 0.0
    },
    "metrics": {
      "accuracy": 0.8571865443425076,
      "evaluate_accuracy": {
        "accuracy": 0.8571865443425076
      },
      "precision": 0.9007164790174002,
      "recall": 0.8657156910969012,
      "f1": 0.8828693253072486,
      "total_evaluated": 3270,
      "confusion_matrix": {
        "true_positives": 1760,
        "true_negatives": 1043,
        "false_positives": 194,
        "false_negatives": 273
      },
      "perplexities": [
        6.953125,
        7.1953125,
        6.4765625,
        7.7734375,
        6.6875,
        6.19140625,
        6.546875,
        6.8125,
        7.3828125,
        7.65234375,
        7.8359375,
        6.98046875,
        7.71484375,
        7.28125,
        5.98828125,
        5.890625,
        7.33203125,
        8.7421875,
        8.2890625,
        6.52734375,
        5.80078125,
        6.5546875,
        6.48828125,
        5.671875,
        8.7265625,
        6.2265625,
        5.99609375,
        8.0078125,
        7.32421875,
        8.1015625,
        7.0078125,
        6.9140625,
        6.15625,
        6.859375,
        7.1953125,
        6.5390625,
        6.83203125,
        8.2578125,
        6.6640625,
        5.9375,
        5.8984375,
        6.5,
        8.0234375,
        5.359375,
        6.56640625,
        5.98828125,
        7.4765625,
        7.15625,
        7.4453125,
        6.51953125,
        6.234375,
        6.5546875,
        6.12109375,
        7.69921875,
        6.40234375,
        7.25390625,
        8.1328125,
        7.51953125,
        7.73046875,
        6.68359375,
        6.60546875,
        6.60546875,
        6.43359375,
        7.625,
        8.7890625,
        6.22265625,
        6.12109375,
        6.109375,
        7.7734375,
        5.6875,
        7.04296875,
        7.4609375,
        7.375,
        7.2265625,
        6.7890625,
        7.92578125,
        6.58984375,
        7.18359375,
        7.59375,
        7.33984375,
        6.125,
        6.88671875,
        5.765625,
        6.67578125,
        6.68359375,
        5.69921875,
        8.0859375,
        9.9453125,
        7.17578125,
        7.05078125,
        7.3828125,
        6.83203125,
        7.296875,
        6.046875,
        5.9375,
        6.71484375,
        6.59765625,
        6.0546875,
        8.0703125,
        7.19140625,
        5.328125,
        6.3828125,
        7.2890625,
        8.1953125,
        6.2265625,
        7.43359375,
        6.5390625,
        6.65625,
        6.98828125,
        7.078125,
        5.14453125,
        7.10546875,
        5.765625,
        6.19921875,
        7.32421875,
        6.42578125,
        6.98828125,
        7.7578125,
        6.734375,
        6.1875,
        5.92578125,
        6.30078125,
        7.53515625,
        6.2265625,
        6.234375,
        6.43359375,
        6.90625,
        7.2734375,
        8.1328125,
        8.6875,
        7.7578125,
        6.45703125,
        6.88671875,
        6.4375,
        7.0859375,
        6.59765625,
        6.42578125,
        7.1953125,
        6.99609375,
        5.5703125,
        8.5234375,
        7.06640625,
        7.97265625,
        6.30078125,
        7.73046875,
        6.58984375,
        6.68359375,
        7.359375,
        6.39453125,
        8.5078125,
        7.8515625,
        7.33203125,
        7.10546875,
        7.7734375,
        8.1484375,
        5.62109375,
        7.66796875,
        5.90234375,
        5.9140625,
        7.50390625,
        7.265625,
        6.0859375,
        6.01953125,
        6.93359375,
        8.2578125,
        6.62890625,
        8.96875,
        7.12109375,
        7.28125,
        7.63671875,
        7.4609375,
        6.203125,
        6.65625,
        8.0234375,
        7.8203125,
        7.4453125,
        6.265625,
        7.578125,
        7.26171875,
        6.921875,
        8.7890625,
        8.5078125,
        6.1015625,
        6.13671875,
        7.25390625,
        7.66796875,
        7.609375,
        6.1484375,
        7.59375,
        6.51953125,
        7.21875,
        6.16796875,
        7.4453125,
        5.8125,
        6.1015625,
        5.4375,
        6.6953125,
        5.75,
        6.96875,
        8.0234375,
        6.5,
        8.2265625,
        6.34375,
        6.51953125,
        6.19140625
      ],
      "mean_perplexity": 6.955278201219512
    },
    "invalid_examples": []
  }
}