{
  "metadata": {
    "timestamp": "20241216_104735",
    "model_name": "Qwen/Qwen2.5-0.5B",
    "num_pruned_layers": 1,
    "has_adapter": true,
    "task": "boolq"
  },
  "metrics": {
    "response_quality": {
      "total_responses": 3270,
      "valid_responses": 3235,
      "invalid_responses": 35,
      "invalid_percentage": 1.0703363914373087
    },
    "metrics": {
      "accuracy": 0.4500772797527048,
      "evaluate_accuracy": {
        "accuracy": 0.4452599388379205
      },
      "precision": 0.7361963190184049,
      "recall": 0.1791044776119403,
      "f1": 0.28811524609843936,
      "total_evaluated": 3235,
      "confusion_matrix": {
        "true_positives": 360,
        "true_negatives": 1096,
        "false_positives": 129,
        "false_negatives": 1650
      },
      "perplexities": [
        14.2734375,
        14.046875,
        13.3828125,
        15.4921875,
        13.3515625,
        12.640625,
        13.859375,
        13.1953125,
        14.5234375,
        17.34375,
        15.34375,
        13.5390625,
        15.765625,
        14.984375,
        12.6171875,
        12.640625,
        13.9375,
        16.65625,
        17.109375,
        14.4375,
        13.96875,
        12.9453125,
        13.640625,
        11.71875,
        16.875,
        11.7578125,
        14.8125,
        14.8671875,
        14.1015625,
        16.75,
        15.4921875,
        13.015625,
        12.3984375,
        14.640625,
        15.1328125,
        13.015625,
        14.6640625,
        16.546875,
        13.0703125,
        12.6953125,
        11.2421875,
        13.59375,
        17.078125,
        11.0703125,
        13.859375,
        12.109375,
        14.078125,
        14.5234375,
        13.1484375,
        13.046875,
        12.9921875,
        13.75,
        12.4921875,
        14.1875,
        13.3046875,
        15.953125,
        16.203125,
        15.953125,
        14.328125,
        13.640625,
        15.015625,
        13.0703125,
        13.484375,
        16.78125,
        17.546875,
        13.5078125,
        12.84375,
        12.640625,
        14.8671875,
        11.7578125,
        14.8671875,
        15.953125,
        15.953125,
        13.8828125,
        14.5546875,
        15.4609375,
        13.5390625,
        13.8046875,
        14.609375,
        15.796875,
        12.84375,
        14.1015625,
        11.1796875,
        14.15625,
        13.015625,
        12.109375,
        16.359375,
        20.203125,
        15.4609375,
        14.4375,
        14.3828125,
        14.1328125,
        15.3671875,
        14.8984375,
        13.09375,
        14.078125,
        12.015625,
        11.578125,
        17.65625,
        15.953125,
        10.8984375,
        13.9921875,
        14.6953125,
        16.515625,
        12.640625,
        14.296875,
        13.4296875,
        14.7265625,
        14.75,
        13.484375,
        10.75,
        13.78125,
        12.5703125,
        11.671875,
        15.828125,
        16.71875,
        14.5234375,
        14.8359375,
        13.9921875,
        13.4296875,
        12.4453125,
        12.9921875,
        14.6953125,
        13.5390625,
        13.0703125,
        12.7890625,
        14.46875,
        13.828125,
        16.203125,
        17.96875,
        15.890625,
        13.09375,
        15.828125,
        14.21875,
        14.9296875,
        13.6953125,
        13.171875,
        13.3515625,
        14.1875,
        12.328125,
        15.4296875,
        14.8359375,
        15.640625,
        11.8984375,
        14.640625,
        14.578125,
        13.3515625,
        15.765625,
        13.5390625,
        16.71875,
        15.1875,
        15.609375,
        14.2421875,
        16.203125,
        16.234375,
        11.7578125,
        15.1328125,
        12.1796875,
        13.4609375,
        15.734375,
        14.15625,
        11.875,
        12.328125,
        14.5234375,
        17.546875,
        14.296875,
        18.1875,
        15.578125,
        13.6953125,
        14.78125,
        14.8125,
        12.6640625,
        12.96875,
        15.1875,
        16.6875,
        14.8125,
        12.6953125,
        14.953125,
        15.609375,
        12.890625,
        16.875,
        17.59375,
        11.828125,
        11.7421875,
        16.6875,
        16.140625,
        15.859375,
        11.8984375,
        15.0703125,
        13.015625,
        15.0703125,
        13.7265625,
        15.015625,
        11.9453125,
        12.3046875,
        11.9453125,
        14.5234375,
        10.421875,
        14.8125,
        16.234375,
        12.9453125,
        16.453125,
        12.3046875,
        12.0390625,
        14.046875
      ],
      "mean_perplexity": 14.233574695121952
    },
    "invalid_examples": [
      {
        "question": "Passage: Two-stroke oil -- Two-stroke oil (also referred to as two-cycle oil, 2-cycle oil, 2T oil, 2-stroke oil or petroil) is a special type of motor oil intended for use in crankcase compression two-stroke engines.\nQuestion: is there a difference between 2 cycle and 2 stroke\nAnswer:",
        "response": " "
      },
      {
        "question": "Passage: Muay Thai -- Muay Thai (Thai: \u0e21\u0e27\u0e22\u0e44\u0e17\u0e22, RTGS: Muai Thai, pronounced (m\u016ba\u032fj th\u0101j) ( listen)) or Thai boxing is a combat sport of Thailand that uses stand-up striking along with various clinching techniques. This discipline is known as the ``Art of Eight Limbs'' because it is characterized by the combined use of fists, elbows, knees and shins. Muay Thai became widespread internationally in the twentieth century, when practitioners from Thailand began competing in Kickboxing, mixed rules matches, as well as matches under Muay Thai rules around the world. The professional league is governed by The Professional Boxing Association of Thailand (P.A.T) sanctioned by The Sports Authority of Thailand (S.A.T.), and World Professional Muaythai Federation (WMF) overseas.\nQuestion: is there a difference between muay thai and thai boxing\nAnswer:",
        "response": " Mu"
      },
      {
        "question": "Passage: Kabaneri of the Iron Fortress -- Kabaneri of the Iron Fortress (\u7532\u9244\u57ce\u306e\u30ab\u30d0\u30cd\u30ea, K\u014dtetsuj\u014d no Kabaneri) is an anime series by Wit Studio. The series was directed by Tetsur\u014d Araki and written by Ichir\u014d \u014ckouchi, with music by Hiroyuki Sawano and original character designs by Haruhiko Mikimoto. The series premiered on Fuji TV's Noitamina block on April 8, 2016 and ended on June 30, 2016 with a total of 12 episodes. A prologue for the anime premiered for a week in theaters across Japan starting March 18, 2016. Amazon streamed the series on their Amazon Prime Instant Video service. Two compilation films premiered in Japanese theaters on December 31, 2016 and January 7, 2017. Crunchyroll and Funimation will co-release the anime on Blu-ray and DVD in the United States; Crunchyroll also acquired the merchandise rights.\nQuestion: is kabaneri of the iron fortress on crunchyroll\nAnswer:",
        "response": " K"
      },
      {
        "question": "Passage: Ender's Game (series) -- The Ender's Game series (often referred to as the Ender saga and also the Enderverse) is a series of science fiction books written by American author Orson Scott Card. The series started with the novelette Ender's Game, which was later expanded into the novel of the same title. It currently consists of sixteen novels, thirteen short stories, 47 comic issues, an audioplay, and a film. The first two novels in the series, Ender's Game and Speaker for the Dead, each won both the Hugo and Nebula Awards, and were among the most influential fiction novels of the 1980s.\nQuestion: was there a sequel to ender's game\nAnswer:",