{
  "metadata": {
    "timestamp": "20241216_131136",
    "model_name": "Qwen/Qwen2.5-14B",
    "num_pruned_layers": 11,
    "has_adapter": false,
    "task": "boolq"
  },
  "metrics": {
    "response_quality": {
      "total_responses": 3270,
      "valid_responses": 2574,
      "invalid_responses": 696,
      "invalid_percentage": 21.28440366972477
    },
    "metrics": {
      "accuracy": 0.6181041181041181,
      "evaluate_accuracy": {
        "accuracy": 0.4865443425076453
      },
      "precision": 0.6192714453584018,
      "recall": 0.9930904522613065,
      "f1": 0.7628468033775634,
      "total_evaluated": 2574,
      "confusion_matrix": {
        "true_positives": 1581,
        "true_negatives": 10,
        "false_positives": 972,
        "false_negatives": 11
      },
      "perplexities": [
        34.4375,
        31.59375,
        23.625,
        110.3125,
        36.8125,
        18.109375,
        33.84375,
        26.296875,
        78.8125,
        57.90625,
        39.625,
        35.25,
        122.0625,
        43.96875,
        27.78125,
        21.015625,
        36.8125,
        78.8125,
        33.78125,
        36.875,
        29.0,
        46.6875,
        59.28125,
        16.75,
        43.53125,
        18.078125,
        32.21875,
        28.609375,
        31.109375,
        36.15625,
        33.3125,
        36.4375,
        29.453125,
        29.109375,
        27.5625,
        69.0,
        48.84375,
        62.125,
        33.84375,
        37.375,
        25.1875,
        30.5,
        48.84375,
        28.609375,
        26.5,
        18.328125,
        35.8125,
        41.0625,
        20.96875,
        32.59375,
        28.765625,
        30.921875,
        41.6875,
        46.0625,
        28.65625,
        30.859375,
        84.875,
        43.6875,
        99.25,
        33.125,
        38.875,
        30.09375,
        20.078125,
        49.71875,
        49.625,
        26.046875,
        22.453125,
        23.71875,
        89.6875,
        20.484375,
        25.1875,
        38.9375,
        51.5,
        33.0625,
        69.3125,
        27.140625,
        24.609375,
        30.203125,
        44.125,
        47.15625,
        19.203125,
        32.09375,
        16.984375,
        26.5625,
        20.71875,
        36.09375,
        40.09375,
        67.4375,
        46.25,
        44.125,
        51.6875,
        30.859375,
        27.1875,
        26.609375,
        23.4375,
        30.09375,
        34.625,
        25.09375,
        46.59375,
        24.90625,
        14.640625,
        31.71875,
        26.203125,
        99.25,
        20.96875,
        77.0,
        26.5625,
        32.46875,
        81.0,
        30.75,
        16.328125,
        39.78125,
        24.90625,
        22.5,
        99.625,
        27.234375,
        29.921875,
        33.25,
        33.125,
        20.4375,
        18.25,
        38.78125,
        36.8125,
        24.84375,
        32.21875,
        28.15625,
        29.046875,
        32.28125,
        56.125,
        88.9375,
        49.125,
        49.8125,
        34.03125,
        38.40625,
        92.5,
        25.796875,
        25.140625,
        31.296875,
        29.96875,
        25.9375,
        28.328125,
        52.90625,
        45.4375,
        24.703125,
        29.75,
        38.34375,
        54.0625,
        70.375,
        23.125,
        63.34375,
        78.1875,
        42.34375,
        28.9375,
        62.84375,
        47.34375,
        19.171875,
        63.09375,
        23.71875,
        21.125,
        54.28125,
        40.5,
        33.0,
        25.484375,
        69.5625,
        102.0,
        30.328125,
        77.875,
        34.90625,
        32.9375,
        33.375,
        26.875,
        41.9375,
        24.421875,
        43.625,
        33.25,
        35.65625,
        27.78125,
        71.75,
        25.140625,
        55.90625,
        81.9375,
        46.78125,
        28.375,
        21.71875,
        27.40625,
        39.09375,
        33.0,
        25.34375,
        88.9375,
        25.796875,
        28.890625,
        33.125,
        33.625,
        21.46875,
        39.625,
        20.515625,
        29.796875,
        55.25,
        38.5,
        84.875,
        24.0,
        51.59375,
        25.84375,
        33.4375,
        23.671875
      ],
      "mean_perplexity": 39.808155487804875
    },
    "invalid_examples": [
      {
        "question": "Passage: Hydroxyzine -- Hydroxyzine preparations require a doctor's prescription. The drug is available in two formulations, the pamoate and the dihydrochloride or hydrochloride salts. Vistaril, Equipose, Masmoran, and Paxistil are preparations of the pamoate salt, while Atarax, Alamon, Aterax, Durrax, Tran-Q, Orgatrax, Quiess, and Tranquizine are of the hydrochloride salt.\nQuestion: is there a difference between hydroxyzine hcl and hydroxyzine pam\nAnswer:",
        "response": " You"
      },
      {
        "question": "Passage: Barq's -- Barq's /\u02c8b\u0251\u02d0rks/ is an American soft drink. Its brand of root beer is notable for having caffeine. Barq's, created by Edward Barq and bottled since the turn of the 20th century, is owned by the Barq family but bottled by the Coca-Cola Company. It was known as Barq's Famous Olde Tyme Root Beer until 2012.\nQuestion: is barq's root beer a pepsi product\nAnswer:",
        "response": " You"
      },
      {
        "question": "Passage: List of English words containing Q not followed by U -- Of the 71 words in this list, 67 are nouns, and most would generally be considered loanwords; the only modern-English words that contain Q not followed by U and are not borrowed from another language are qiana, qwerty, and tranq. However, all of the loanwords on this list are considered to be naturalised in English according to at least one major dictionary (see References), often because they refer to concepts or societal roles that do not have an accurate equivalent in English. For words to appear here, they must appear in their own entry in a dictionary; words which occur only as part of a longer phrase are not included.\nQuestion: is there a word with q without u\nAnswer:",
        "response": " You"
      },
      {
        "question": "Passage: Magnesium citrate -- Magnesium citrate is a magnesium preparation in salt form with citric acid in a 1:1 ratio (1 magnesium atom per citrate molecule). The name ``magnesium citrate'' is ambiguous and sometimes may refer to other salts such as trimagnesium citrate which has a magnesium:citrate ratio of 3:2.\nQuestion: does magnesium citrate have citric acid in it\nAnswer:",
        "response": " Magn"
      },
      {
        "question": "Passage: Cloak -- Ladies may wear a long (over the shoulders or to ankles) cloak usually called a cape, or a full-length cloak. Gentlemen wear an ankle-length or full-length cloak. Formal cloaks often have expensive, colored linings and trimmings such as silk, satin, velvet and fur.\nQuestion: is a cape and a cloak the same\nAnswer:",
        "response": " You"
      },
      {
        "question": "Passage: Alcohol laws of Wisconsin -- The drinking age in Wisconsin is 21. Those under the legal drinking age may be served, possess, or consume alcohol if they are with a parent, legal guardian, or spouse who is of legal drinking age. Those age 18-20 may also be served, possess or consumer alcohol if they are with a parent, legal guardian, or spouse who is of legal drinking age. Those age 18 to 20 may also possess (but not consume) alcohol as part of their employment.\nQuestion: can you drink alcohol with your parents in wisconsin\nAnswer:",