{
  "metadata": {
    "timestamp": "20241216_104654",
    "model_name": "Qwen/Qwen2.5-0.5B",
    "num_pruned_layers": 2,
    "has_adapter": false,
    "task": "boolq"
  },
  "metrics": {
    "response_quality": {
      "total_responses": 3270,
      "valid_responses": 2762,
      "invalid_responses": 508,
      "invalid_percentage": 15.535168195718654
    },
    "metrics": {
      "accuracy": 0.6241853729181752,
      "evaluate_accuracy": {
        "accuracy": 0.527217125382263
      },
      "precision": 0.628718325376423,
      "recall": 0.9844738355376653,
      "f1": 0.767368892873151,
      "total_evaluated": 2762,
      "confusion_matrix": {
        "true_positives": 1712,
        "true_negatives": 12,
        "false_positives": 1011,
        "false_negatives": 27
      },
      "perplexities": [
        18.390625,
        18.109375,
        16.625,
        19.625,
        16.75,
        16.359375,
        17.375,
        17.1875,
        18.140625,
        22.359375,
        18.90625,
        17.109375,
        20.046875,
        19.234375,
        16.875,
        15.890625,
        18.21875,
        21.59375,
        22.359375,
        18.90625,
        17.65625,
        16.296875,
        16.75,
        15.0703125,
        21.96875,
        14.8125,
        18.65625,
        18.1875,
        18.578125,
        21.21875,
        20.125,
        16.71875,
        15.984375,
        18.140625,
        19.625,
        16.90625,
        17.96875,
        21.671875,
        16.953125,
        16.109375,
        14.296875,
        17.3125,
        21.34375,
        13.4296875,
        17.375,
        15.828125,
        18.078125,
        18.9375,
        17.25,
        16.234375,
        16.515625,
        17.765625,
        15.953125,
        18.46875,
        17.1875,
        19.921875,
        21.640625,
        20.171875,
        18.28125,
        17.1875,
        19.046875,
        16.953125,
        17.078125,
        20.921875,
        22.890625,
        17.546875,
        16.296875,
        15.765625,
        19.3125,
        15.1015625,
        18.828125,
        20.96875,
        20.484375,
        17.90625,
        18.46875,
        20.484375,
        17.453125,
        16.953125,
        18.984375,
        20.046875,
        16.171875,
        18.21875,
        14.6640625,
        18.140625,
        16.515625,
        15.0703125,
        21.5,
        25.640625,
        20.28125,
        18.5,
        18.71875,
        17.796875,
        18.875,
        18.6875,
        16.390625,
        17.375,
        15.21875,
        14.578125,
        22.765625,
        20.71875,
        13.59375,
        18.046875,
        18.609375,
        20.28125,
        15.703125,
        18.328125,
        16.71875,
        18.765625,
        18.71875,
        17.34375,
        13.7265625,
        17.1875,
        15.828125,
        15.1875,
        19.78125,
        21.890625,
        18.65625,
        19.234375,
        17.796875,
        17.34375,
        15.984375,
        16.171875,
        19.3125,
        16.546875,
        17.046875,
        17.078125,
        17.96875,
        17.9375,
        21.09375,
        22.890625,
        20.765625,
        16.484375,
        19.921875,
        17.515625,
        18.796875,
        17.796875,
        16.8125,
        17.078125,
        17.90625,
        15.3984375,
        20.0,
        18.578125,
        19.359375,
        14.8984375,
        18.828125,
        18.828125,
        17.046875,
        20.046875,
        17.96875,
        21.796875,
        19.84375,
        18.984375,
        18.25,
        20.609375,
        21.046875,
        14.640625,
        19.234375,
        15.3984375,
        17.015625,
        20.203125,
        18.1875,
        15.015625,
        15.671875,
        18.0,
        23.078125,
        18.71875,
        23.953125,
        19.703125,
        17.515625,
        19.046875,
        18.65625,
        15.578125,
        16.359375,
        19.09375,
        21.015625,
        18.875,
        15.828125,
        19.015625,
        19.84375,
        15.984375,
        21.375,
        22.3125,
        15.3125,
        15.046875,
        21.671875,
        20.515625,
        20.40625,
        15.5234375,
        18.9375,
        16.65625,
        19.625,
        17.453125,
        19.921875,
        14.953125,
        16.328125,
        15.609375,
        18.390625,
        12.96875,
        18.6875,
        21.015625,
        16.484375,
        21.046875,
        15.703125,
        15.25,
        17.453125
      ],
      "mean_perplexity": 18.163795731707317
    },
    "invalid_examples": [
      {
        "question": "Passage: Property tax -- Property tax or 'house tax' is a local tax on buildings, along with appurtenant land. It is and imposed on the Possessor (not the custodian of property as per 1978, 44th amendment of constitution). It resembles the US-type wealth tax and differs from the excise-type UK rate. The tax power is vested in the states and is delegated to local bodies, specifying the valuation method, rate band, and collection procedures. The tax base is the annual rental value (ARV) or area-based rating. Owner-occupied and other properties not producing rent are assessed on cost and then converted into ARV by applying a percentage of cost, usually four percent. Vacant land is generally exempt. Central government properties are exempt. Instead a 'service charge' is permissible under executive order. Properties of foreign missions also enjoy tax exemption without requiring reciprocity. The tax is usually accompanied by service taxes, e.g., water tax, drainage tax, conservancy (sanitation) tax, lighting tax, all using the same tax base. The rate structure is flat on rural (panchayat) properties, but in the urban (municipal) areas it is mildly progressive with about 80% of assessments falling in the first two brackets.\nQuestion: is house tax and property tax are same\nAnswer:",
        "response": " House"
      },
      {
        "question": "Passage: Hydroxyzine -- Hydroxyzine preparations require a doctor's prescription. The drug is available in two formulations, the pamoate and the dihydrochloride or hydrochloride salts. Vistaril, Equipose, Masmoran, and Paxistil are preparations of the pamoate salt, while Atarax, Alamon, Aterax, Durrax, Tran-Q, Orgatrax, Quiess, and Tranquizine are of the hydrochloride salt.\nQuestion: is there a difference between hydroxyzine hcl and hydroxyzine pam\nAnswer:",
        "response": " Hydro"
      },
      {
        "question": "Passage: Bloodline (TV series) -- Bloodline was announced in October 2014 as part of a partnership between Netflix and Sony Pictures Television, representing Netflix's first major deal with a major film studio for a television series. The series was created and executive produced by Todd A. Kessler, Glenn Kessler, and Daniel Zelman, who previously created the FX series Damages. According to its official synopsis released by Netflix, Bloodline ``centers on a close-knit family of four adult siblings whose secrets and scars are revealed when their black sheep brother returns home.''\nQuestion: is the show bloodline based on a true story\nAnswer:",
        "response": " Blood"
      },
      {
        "question": "Passage: Magnesium citrate -- Magnesium citrate is a magnesium preparation in salt form with citric acid in a 1:1 ratio (1 magnesium atom per citrate molecule). The name ``magnesium citrate'' is ambiguous and sometimes may refer to other salts such as trimagnesium citrate which has a magnesium:citrate ratio of 3:2.\nQuestion: does magnesium citrate have citric acid in it\nAnswer:",