{
  "metadata": {
    "timestamp": "20241216_104909",
    "model_name": "Qwen/Qwen2.5-0.5B",
    "num_pruned_layers": 4,
    "has_adapter": true,
    "task": "boolq"
  },
  "metrics": {
    "response_quality": {
      "total_responses": 3270,
      "valid_responses": 2920,
      "invalid_responses": 350,
      "invalid_percentage": 10.703363914373089
    },
    "metrics": {
      "accuracy": 0.5828767123287671,
      "evaluate_accuracy": {
        "accuracy": 0.5204892966360857
      },
      "precision": 0.6431554524361949,
      "recall": 0.7553133514986377,
      "f1": 0.6947368421052632,
      "total_evaluated": 2920,
      "confusion_matrix": {
        "true_positives": 1386,
        "true_negatives": 316,
        "false_positives": 769,
        "false_negatives": 449
      },
      "perplexities": [
        16.71875,
        16.625,
        15.25,
        18.046875,
        15.890625,
        14.75,
        15.859375,
        15.5546875,
        16.59375,
        20.125,
        17.421875,
        15.21875,
        17.9375,
        17.828125,
        15.28125,
        14.75,
        16.875,
        19.625,
        19.84375,
        17.515625,
        16.140625,
        14.8984375,
        15.28125,
        13.40625,
        19.78125,
        13.59375,
        17.25,
        16.390625,
        16.484375,
        19.421875,
        18.21875,
        14.953125,
        14.296875,
        16.484375,
        18.359375,
        15.4296875,
        16.65625,
        19.046875,
        15.671875,
        15.1640625,
        13.2265625,
        15.921875,
        19.171875,
        12.4921875,
        15.609375,
        14.1328125,
        16.265625,
        17.015625,
        15.609375,
        14.78125,
        15.1015625,
        16.328125,
        14.8984375,
        16.8125,
        15.828125,
        18.609375,
        19.125,
        18.6875,
        16.625,
        15.765625,
        17.34375,
        15.3984375,
        15.765625,
        19.125,
        21.015625,
        15.671875,
        15.1640625,
        14.5546875,
        17.1875,
        13.9921875,
        17.453125,
        19.171875,
        18.796875,
        16.515625,
        16.65625,
        18.65625,
        15.703125,
        15.5546875,
        17.109375,
        18.46875,
        14.5546875,
        16.265625,
        13.5625,
        16.296875,
        15.3671875,
        14.1015625,
        19.5,
        23.203125,
        18.578125,
        16.90625,
        17.015625,
        16.484375,
        17.34375,
        17.59375,
        15.5234375,
        16.234375,
        13.8828125,
        13.671875,
        20.890625,
        19.390625,
        12.7421875,
        16.203125,
        17.140625,
        18.796875,
        14.4140625,
        16.515625,
        15.4609375,
        17.078125,
        17.3125,
        15.578125,
        12.5234375,
        15.765625,
        14.4140625,
        13.6171875,
        18.0,
        19.96875,
        17.28125,
        17.421875,
        16.390625,
        15.703125,
        14.3828125,
        15.015625,
        16.984375,
        15.25,
        15.34375,
        15.25,
        16.8125,
        16.421875,
        18.765625,
        20.84375,
        18.6875,
        15.1015625,
        17.6875,
        16.078125,
        17.421875,
        15.859375,
        15.3671875,
        15.640625,
        16.328125,
        13.9375,
        18.328125,
        17.28125,
        18.078125,
        13.640625,
        17.421875,
        17.078125,
        15.671875,
        18.390625,
        16.078125,
        19.359375,
        17.90625,
        17.375,
        16.875,
        18.4375,
        19.046875,
        13.640625,
        17.59375,
        14.2421875,
        15.4296875,
        18.25,
        16.453125,
        13.9140625,
        14.296875,
        16.953125,
        21.09375,
        16.625,
        21.640625,
        18.1875,
        15.765625,
        16.984375,
        17.046875,
        14.6640625,
        15.1015625,
        17.59375,
        19.125,
        17.3125,
        14.5234375,
        17.484375,
        18.25,
        14.5234375,
        19.625,
        20.171875,
        13.671875,
        13.8046875,
        19.390625,
        18.828125,
        18.578125,
        13.96875,
        17.25,
        14.953125,
        18.078125,
        15.953125,
        18.109375,
        13.7265625,
        14.5234375,
        13.96875,
        16.78125,
        12.0390625,
        17.046875,
        18.875,
        14.8359375,
        19.046875,
        14.3828125,
        13.96875,
        16.328125
      ],
      "mean_perplexity": 16.57267530487805
    },
    "invalid_examples": [
      {
        "question": "Passage: Hydroxyzine -- Hydroxyzine preparations require a doctor's prescription. The drug is available in two formulations, the pamoate and the dihydrochloride or hydrochloride salts. Vistaril, Equipose, Masmoran, and Paxistil are preparations of the pamoate salt, while Atarax, Alamon, Aterax, Durrax, Tran-Q, Orgatrax, Quiess, and Tranquizine are of the hydrochloride salt.\nQuestion: is there a difference between hydroxyzine hcl and hydroxyzine pam\nAnswer:",
        "response": " Hydro"
      },
      {
        "question": "Passage: Bloodline (TV series) -- Bloodline was announced in October 2014 as part of a partnership between Netflix and Sony Pictures Television, representing Netflix's first major deal with a major film studio for a television series. The series was created and executive produced by Todd A. Kessler, Glenn Kessler, and Daniel Zelman, who previously created the FX series Damages. According to its official synopsis released by Netflix, Bloodline ``centers on a close-knit family of four adult siblings whose secrets and scars are revealed when their black sheep brother returns home.''\nQuestion: is the show bloodline based on a true story\nAnswer:",
        "response": " Blood"
      },
      {
        "question": "Passage: Benson & Hedges -- Benson & Hedges is a British brand of cigarettes owned by either Philip Morris International, British American Tobacco, or Japan Tobacco, depending on the region. In the UK, they are registered in Old Bond Street in London, and are manufactured in Lisnafillan, Ballymena, Northern Ireland.\nQuestion: do they still make benson & hedges cigarettes\nAnswer:",
        "response": " Benson"
      },
      {
        "question": "Passage: New Balance -- New Balance maintains a manufacturing presence in the United States, as well as in the United Kingdom for the European market, where they produce some of their most popular models such as the 990 model--in contrast to its competitors, which often manufacture exclusively outside the USA and Europe. As a result, New Balance shoes tend to be more expensive than those of many other manufacturers. To offset this pricing difference, New Balance claims to differentiate their products with technical features, such as blended gel inserts, heel counters and a greater selection of sizes, particularly for very narrow and/or very wide widths. The company has made total profits of approximately $69 billion since 1992. They are the second most-renown American sporting company, after Nike.\nQuestion: are new balance and nike the same company\nAnswer:",