{
  "metadata": {
    "timestamp": "20241216_125245",
    "model_name": "Qwen/Qwen2.5-14B",
    "num_pruned_layers": 6,
    "has_adapter": false,
    "task": "boolq"
  },
  "metrics": {
    "response_quality": {
      "total_responses": 3270,
      "valid_responses": 3225,
      "invalid_responses": 45,
      "invalid_percentage": 1.3761467889908259
    },
    "metrics": {
      "accuracy": 0.7919379844961241,
      "evaluate_accuracy": {
        "accuracy": 0.7810397553516819
      },
      "precision": 0.7826825127334465,
      "recall": 0.9206190713929107,
      "f1": 0.8460656113787565,
      "total_evaluated": 3225,
      "confusion_matrix": {
        "true_positives": 1844,
        "true_negatives": 710,
        "false_positives": 512,
        "false_negatives": 159
      },
      "perplexities": [
        10.28125,
        10.7734375,
        9.828125,
        11.8046875,
        10.6015625,
        9.671875,
        10.3828125,
        10.3359375,
        11.5078125,
        11.8984375,
        11.5546875,
        10.3828125,
        12.46875,
        11.2265625,
        9.484375,
        9.640625,
        10.796875,
        12.765625,
        11.9921875,
        10.5234375,
        9.1953125,
        10.6484375,
        10.2421875,
        8.7421875,
        13.171875,
        9.0546875,
        10.078125,
        11.3359375,
        10.859375,
        11.9921875,
        10.984375,
        10.0,
        9.5625,
        10.421875,
        11.375,
        9.75,
        10.625,
        12.9921875,
        10.3203125,
        9.234375,
        8.5546875,
        10.0390625,
        13.1484375,
        8.421875,
        10.6875,
        8.984375,
        10.8984375,
        11.0703125,
        10.875,
        10.0,
        10.2421875,
        9.578125,
        9.65625,
        11.0078125,
        9.921875,
        10.859375,
        12.328125,
        11.9921875,
        11.375,
        9.90625,
        10.796875,
        9.546875,
        10.1015625,
        12.1796875,
        13.1484375,
        9.4296875,
        9.3203125,
        9.5078125,
        12.0390625,
        9.546875,
        10.859375,
        11.71875,
        11.15625,
        11.03125,
        9.9453125,
        12.546875,
        10.4609375,
        10.4609375,
        11.828125,
        11.53125,
        9.6953125,
        10.28125,
        9.1953125,
        10.21875,
        10.296875,
        9.484375,
        12.0625,
        14.78125,
        11.421875,
        10.8359375,
        11.265625,
        10.1171875,
        11.53125,
        9.84375,
        9.6953125,
        10.5234375,
        9.2109375,
        9.125,
        11.9921875,
        11.046875,
        8.390625,
        10.0390625,
        10.6875,
        12.421875,
        9.375,
        10.984375,
        10.3828125,
        10.546875,
        11.1328125,
        10.546875,
        7.8828125,
        10.6640625,
        9.0390625,
        9.2890625,
        12.3984375,
        10.6875,
        11.46875,
        11.5546875,
        10.359375,
        10.0390625,
        9.5078125,
        9.6171875,
        11.8984375,
        9.4296875,
        9.75,
        9.453125,
        10.75,
        11.1171875,
        12.28125,
        13.2265625,
        12.109375,
        9.984375,
        11.0703125,
        10.1796875,
        10.921875,
        9.484375,
        9.921875,
        10.4375,
        10.078125,
        8.84375,
        12.203125,
        11.265625,
        12.2578125,
        9.8046875,
        11.421875,
        9.734375,
        10.1953125,
        11.3515625,
        9.6171875,
        12.7890625,
        12.5234375,
        11.0078125,
        11.09375,
        12.15625,
        12.6953125,
        8.390625,
        11.625,
        9.2890625,
        9.6171875,
        11.203125,
        11.4453125,
        9.34375,
        9.0703125,
        10.421875,
        12.8671875,
        10.3828125,
        13.640625,
        11.2265625,
        10.6640625,
        10.796875,
        10.984375,
        9.578125,
        10.0390625,
        11.828125,
        11.6953125,
        10.9453125,
        9.4296875,
        11.265625,
        10.921875,
        9.8046875,
        13.046875,
        12.84375,
        9.1796875,
        9.2109375,
        11.2421875,
        11.578125,
        11.2890625,
        9.6953125,
        11.4453125,
        9.6171875,
        11.3125,
        9.921875,
        11.1796875,
        9.2890625,
        9.3203125,
        8.625,
        10.75,
        8.375,
        10.4609375,
        12.1328125,
        9.734375,
        12.15625,
        9.671875,
        9.578125,
        10.15625
      ],
      "mean_perplexity": 10.654611280487805
    },
    "invalid_examples": [
      {
        "question": "Passage: Angular frequency -- Angular frequency (or angular speed) is the magnitude of the vector quantity angular velocity. The term angular frequency vector \u03c9 \u2192 (\\displaystyle (\\vec (\\omega ))) is sometimes used as a synonym for the vector quantity angular velocity.\nQuestion: is angular frequency and angular velocity the same\nAnswer:",
        "response": " Angular"
      },
      {
        "question": "Passage: NCIS: New Orleans (season 4) -- The fourth season of NCIS: New Orleans premiered on September 26, 2017 on CBS. The series continues to air following Bull, Tuesday at 10:00 p.m. (ET) and contained 24 episodes. The season concluded on May 15, 2018.\nQuestion: is ncis new orleans over for the season\nAnswer:",
        "response": " NC"
      },
      {
        "question": "Passage: Queen ant -- A queen ant (formally known as a gyne) is an adult, reproducing female ant in an ant colony; generally she will be the mother of all the other ants in that colony. Some female ants, such as Cataglyphis cursor, do not need to mate to produce offspring, reproducing through asexual parthenogenesis or cloning, and all of those offspring will be female. Others, like those in the genus Crematogaster, mate in a nuptial flight. Queen offspring develop from larvae specially fed in order to become sexually mature among most species. Depending on the species, there can be either a single mother queen, or potentially, hundreds of fertile queens in some species. Queen ants have one of the longest life-spans of any known insect -- up to 30 years. A queen of Lasius niger was held in captivity by German entomologist Hermann Appel for 283\u20444 years; also a Pogonomyrmex owyheei has a maximum estimated longevity of 30 years in the field.\nQuestion: do queen ants give birth to queen ants\nAnswer:",
        "response": " Queen"
      },
      {
        "question": "Passage: Song of Songs -- The Song of Songs, also Song of Solomon or Canticles (Hebrew: \u05e9\u05b4\u05c1\u05d9\u05e8 \u05d4\u05b7\u05e9\u05b4\u05bc\u05c1\u05d9\u05e8\u05b4\u05d9\u05dd\u202c, \u0160\u00eer Ha\u0161\u0160\u00eer\u00eem, Greek: \u1f8e\u03c3\u03bc\u03b1 \u1f8e\u03c3\u03bc\u03ac\u03c4\u03c9\u03bd, asma asmaton, both meaning Song of Songs), is one of the megillot (scrolls) found in the last section of the Tanakh, known as the Ketuvim (or ``Writings''), and a book of the Old Testament.\nQuestion: is song of solomon the same as song of songs\nAnswer:",
        "response": " Song"
      },
      {
        "question": "Passage: Peroxide -- Aside from hydrogen peroxide, some other major classes of peroxides are these:\nQuestion: is peroxide and hydrogen peroxide the same thing\nAnswer:",
        "response": " Pero"
      },
      {
        "question": "Passage: Military discharge -- If discharged administratively for any of the above reasons, the service member normally receives an honorable or a general (under honorable conditions) discharge. If misconduct is involved the service member may receive an Other Than Honorable (OTH) Discharge service characterization.\nQuestion: is under honorable conditions the same as honorable discharge\nAnswer:",