{
  "metadata": {
    "timestamp": "20241216_105026",
    "model_name": "Qwen/Qwen2.5-0.5B",
    "num_pruned_layers": 6,
    "has_adapter": false,
    "task": "boolq"
  },
  "metrics": {
    "response_quality": {
      "total_responses": 3270,
      "valid_responses": 2369,
      "invalid_responses": 901,
      "invalid_percentage": 27.553516819571865
    },
    "metrics": {
      "accuracy": 0.6048965808357957,
      "evaluate_accuracy": {
        "accuracy": 0.4382262996941896
      },
      "precision": 0.6137263528376595,
      "recall": 0.9600825877494839,
      "f1": 0.748792270531401,
      "total_evaluated": 2369,
      "confusion_matrix": {
        "true_positives": 1395,
        "true_negatives": 38,
        "false_positives": 878,
        "false_negatives": 58
      },
      "perplexities": [
        34.78125,
        32.40625,
        32.03125,
        35.125,
        29.625,
        31.046875,
        32.15625,
        32.15625,
        31.59375,
        40.90625,
        34.21875,
        32.21875,
        34.84375,
        34.71875,
        33.375,
        31.71875,
        32.53125,
        38.5,
        37.75,
        35.875,
        35.125,
        30.328125,
        29.921875,
        28.046875,
        40.5,
        27.828125,
        36.875,
        32.78125,
        32.03125,
        39.1875,
        36.5,
        30.625,
        31.171875,
        33.625,
        36.9375,
        31.84375,
        32.53125,
        39.25,
        33.375,
        30.5625,
        26.203125,
        32.15625,
        39.78125,
        26.765625,
        32.15625,
        31.046875,
        33.0,
        34.78125,
        32.15625,
        30.09375,
        30.75,
        33.625,
        29.96875,
        32.65625,
        33.0,
        37.0,
        37.375,
        38.78125,
        31.84375,
        32.03125,
        36.3125,
        31.109375,
        30.453125,
        39.5625,
        43.78125,
        32.03125,
        31.59375,
        28.890625,
        35.03125,
        29.625,
        37.65625,
        40.65625,
        37.90625,
        31.046875,
        34.4375,
        37.65625,
        30.75,
        31.296875,
        34.5625,
        36.4375,
        30.5625,
        34.5625,
        28.0,
        32.40625,
        30.5,
        29.21875,
        38.9375,
        47.34375,
        37.90625,
        35.8125,
        34.3125,
        32.9375,
        33.96875,
        37.4375,
        33.375,
        31.421875,
        26.34375,
        28.4375,
        43.53125,
        39.25,
        25.890625,
        35.65625,
        33.90625,
        36.4375,
        30.390625,
        31.65625,
        31.59375,
        36.4375,
        34.71875,
        30.15625,
        27.1875,
        32.21875,
        28.71875,
        28.0,
        36.15625,
        44.3125,
        34.625,
        33.5625,
        33.0625,
        32.84375,
        29.75,
        30.8125,
        37.09375,
        30.859375,
        31.65625,
        30.265625,
        34.84375,
        30.75,
        38.125,
        40.1875,
        38.03125,
        30.328125,
        37.65625,
        33.90625,
        34.78125,
        33.4375,
        29.21875,
        31.359375,
        31.046875,
        30.265625,
        36.59375,
        33.90625,
        33.5,
        26.5625,
        35.53125,
        37.90625,
        33.25,
        38.625,
        34.03125,
        39.3125,
        34.4375,
        34.375,
        33.78125,
        38.125,
        38.34375,
        31.046875,
        31.84375,
        28.328125,
        33.5,
        36.59375,
        33.84375,
        26.921875,
        27.890625,
        35.9375,
        41.875,
        36.65625,
        43.78125,
        34.84375,
        33.25,
        34.21875,
        34.15625,
        29.34375,
        29.109375,
        33.78125,
        39.9375,
        35.8125,
        29.515625,
        36.8125,
        38.25,
        27.40625,
        37.0,
        40.65625,
        28.65625,
        26.875,
        42.4375,
        37.21875,
        36.8125,
        28.109375,
        33.375,
        31.71875,
        37.53125,
        33.0625,
        37.15625,
        29.5625,
        29.625,
        31.296875,
        35.125,
        21.9375,
        35.125,
        37.90625,
        31.90625,
        37.3125,
        28.4375,
        28.21875,
        29.96875
      ],
      "mean_perplexity": 33.662118902439026
    },
    "invalid_examples": [
      {
        "question": "Passage: Parity (mathematics) -- In mathematics, parity is the property of an integer's inclusion in one of two categories: even or odd. An integer is even if it is evenly divisible by two and odd if it is not even. For example, 6 is even because there is no remainder when dividing it by 2. By contrast, 3, 5, 7, 21 leave a remainder of 1 when divided by 2. Examples of even numbers include \u22124, 0, 82 and 178. In particular, zero is an even number. Some examples of odd numbers are \u22125, 3, 29, and 73.\nQuestion: can an odd number be divided by an even number\nAnswer:",
        "response": " can"
      },
      {
        "question": "Passage: American entry into Canada by land -- Persons driving into Canada must have their vehicle's registration document and proof of insurance.\nQuestion: can u drive in canada with us license\nAnswer:",
        "response": " can"
      },
      {
        "question": "Passage: Alcohol laws of New York -- In response to the National Minimum Drinking Age Act in 1984, which reduced by up to 10% the federal highway funding of any state which did not have a minimum purchasing age of 21, the New York Legislature raised the drinking age from 19 to 21, effective December 1, 1985. (The drinking age had been 18 for many years before the first raise on December 4th, 1982, to 19.) Persons under 21 are prohibited from purchasing alcohol or possessing alcohol with the intent to consume, unless the alcohol was given to that person by their parent or legal guardian. There is no law prohibiting where people under 21 may possess or consume alcohol that was given to them by their parents. Persons under 21 are prohibited from having a blood alcohol level of 0.02% or higher while driving.\nQuestion: can minors drink with parents in new york\nAnswer:",
        "response": " can"
      },
      {
        "question": "Passage: The Strangers (2008 film) -- The Strangers is a 2008 American slasher film written and directed by Bryan Bertino. Kristen (Liv Tyler) and James (Scott Speedman) are expecting a relaxing weekend at a family vacation home, but their stay turns out to be anything but peaceful as three masked torturers leave Kristen and James struggling for survival. Writer-director Bertino was inspired by real-life events: the Manson family Tate murders, a multiple homicide; the Keddie Cabin Murders, that occurred in California in 1981; and a series of break-ins that occurred in his own neighborhood as a child. Made on a budget of $9 million, the film was shot on location in rural South Carolina in the fall of 2006.\nQuestion: was the movie strangers based on a true story\nAnswer:",
        "response": " was"
      },
      {
        "question": "Passage: Magnesium citrate -- Magnesium citrate is a magnesium preparation in salt form with citric acid in a 1:1 ratio (1 magnesium atom per citrate molecule). The name ``magnesium citrate'' is ambiguous and sometimes may refer to other salts such as trimagnesium citrate which has a magnesium:citrate ratio of 3:2.\nQuestion: does magnesium citrate have citric acid in it\nAnswer:",