{
  "metadata": {
    "timestamp": "20241216_124633",
    "model_name": "Qwen/Qwen2.5-14B",
    "num_pruned_layers": 0,
    "has_adapter": true,
    "task": "boolq"
  },
  "metrics": {
    "response_quality": {
      "total_responses": 3270,
      "valid_responses": 3268,
      "invalid_responses": 2,
      "invalid_percentage": 0.06116207951070336
    },
    "metrics": {
      "accuracy": 0.8570991432068543,
      "evaluate_accuracy": {
        "accuracy": 0.8565749235474006
      },
      "precision": 0.9546511627906977,
      "recall": 0.8084687346134909,
      "f1": 0.8754998667022127,
      "total_evaluated": 3268,
      "confusion_matrix": {
        "true_positives": 1642,
        "true_negatives": 1159,
        "false_positives": 78,
        "false_negatives": 389
      },
      "perplexities": [
        5.12890625,
        6.03125,
        5.25,
        6.6640625,
        5.86328125,
        5.0546875,
        5.1875,
        5.40625,
        5.609375,
        6.9140625,
        6.83203125,
        5.51953125,
        5.8046875,
        5.5390625,
        4.70703125,
        4.59375,
        6.171875,
        7.2734375,
        6.94140625,
        5.12890625,
        4.36328125,
        4.875,
        5.56640625,
        4.2109375,
        7.2265625,
        5.3203125,
        4.5625,
        6.51953125,
        5.8984375,
        6.171875,
        5.484375,
        5.91015625,
        4.8515625,
        5.5,
        5.29296875,
        5.51953125,
        5.578125,
        6.515625,
        5.078125,
        4.63671875,
        4.8515625,
        5.31640625,
        6.8203125,
        4.2421875,
        4.83203125,
        5.19921875,
        5.6171875,
        5.37890625,
        5.87890625,
        5.31640625,
        4.67578125,
        5.234375,
        4.92578125,
        6.828125,
        4.85546875,
        6.078125,
        6.8203125,
        5.71484375,
        6.56640625,
        5.8515625,
        5.33203125,
        5.875,
        4.75390625,
        5.6171875,
        7.578125,
        5.1328125,
        4.62109375,
        4.44921875,
        6.6640625,
        4.3203125,
        5.64453125,
        6.4765625,
        6.09765625,
        5.7734375,
        5.453125,
        6.4140625,
        4.72265625,
        6.11328125,
        6.2421875,
        6.16015625,
        4.36328125,
        5.94140625,
        4.3046875,
        4.70703125,
        4.6328125,
        4.3828125,
        6.6640625,
        8.625,
        5.85546875,
        5.6484375,
        5.6171875,
        5.703125,
        5.37890625,
        4.86328125,
        4.38671875,
        5.09375,
        5.3125,
        4.578125,
        7.015625,
        5.41015625,
        3.87109375,
        5.03515625,
        6.27734375,
        7.23828125,
        5.41796875,
        5.77734375,
        5.203125,
        5.41015625,
        5.77734375,
        5.7890625,
        4.11328125,
        6.0859375,
        4.33984375,
        5.05859375,
        5.73828125,
        5.00390625,
        5.44921875,
        6.39453125,
        5.1328125,
        4.0,
        4.390625,
        5.0546875,
        6.0859375,
        4.98046875,
        4.859375,
        5.22265625,
        4.8359375,
        6.33203125,
        7.2265625,
        7.3671875,
        6.59765625,
        5.0546875,
        5.453125,
        5.5,
        5.7421875,
        5.82421875,
        5.21875,
        6.03515625,
        5.56640625,
        4.4609375,
        7.65234375,
        5.421875,
        6.2109375,
        4.62109375,
        6.51953125,
        5.6875,
        5.69140625,
        6.22265625,
        5.546875,
        7.16796875,
        6.0859375,
        6.15625,
        5.41015625,
        6.51953125,
        6.734375,
        4.63671875,
        6.63671875,
        4.90234375,
        4.5703125,
        6.1796875,
        6.04296875,
        4.83203125,
        4.83203125,
        6.14453125,
        7.15625,
        5.82421875,
        7.4453125,
        5.51171875,
        6.13671875,
        6.2265625,
        6.2890625,
        4.8203125,
        5.046875,
        6.93359375,
        6.7421875,
        6.33984375,
        5.171875,
        6.80078125,
        5.890625,
        5.84375,
        7.7578125,
        6.5,
        5.0703125,
        4.859375,
        5.828125,
        6.42578125,
        6.33203125,
        4.578125,
        6.2890625,
        5.34765625,
        5.56640625,
        4.98828125,
        6.19921875,
        4.55078125,
        4.8515625,
        4.63671875,
        5.09765625,
        4.66796875,
        6.16015625,
        7.11328125,
        5.31640625,
        6.75390625,
        5.25,
        5.51953125,
        4.21484375
      ],
      "mean_perplexity": 5.634317835365854
    },
    "invalid_examples": [
      {
        "question": "Passage: Chickpea -- The chickpea or chick pea (Cicer arietinum) is a legume of the family Fabaceae, subfamily Faboideae. Its different types are variously known as gram or Bengal gram, garbanzo or garbanzo bean, and Egyptian pea. Chickpea seeds are high in protein. It is one of the earliest cultivated legumes and 7500-year-old remains have been found in the Middle East.\nQuestion: are chickpeas and garbonzo beans the same thing\nAnswer:",
        "response": " Chick"
      },
      {
        "question": "Passage: Gin rummy -- The basic game strategy is to improve one's hand by forming melds and eliminating deadwood. Gin has two types of meld: Sets of 3 or 4 cards sharing the same rank, e.g. 8\u2665 8 8\u2660; and runs of 3 or more cards in sequence, of the same suit, such as 3\u2665 4\u2665 5\u2665 or more. Deadwood cards are those not in any meld. Aces are considered low--they can form a set with other aces but only the low end of runs (A\u2660 2\u2660 3\u2660 is a legal run but Q\u2660 K\u2660 A\u2660 is not). A player can form any combination of melds within their hand, whether it contains all sets, all runs, or a mix of both. A hand can contain three or fewer melds to knock or form legal gin.\nQuestion: do runs have to be the same suit in gin rummy\nAnswer:",
        "response": " Runs"
      }
    ]
  }
}