{
  "metadata": {
    "timestamp": "20241216_105018",
    "model_name": "Qwen/Qwen2.5-0.5B",
    "num_pruned_layers": 7,
    "has_adapter": false,
    "task": "boolq"
  },
  "metrics": {
    "response_quality": {
      "total_responses": 3270,
      "valid_responses": 2797,
      "invalid_responses": 473,
      "invalid_percentage": 14.464831804281344
    },
    "metrics": {
      "accuracy": 0.6217375759742582,
      "evaluate_accuracy": {
        "accuracy": 0.5318042813455658
      },
      "precision": 0.6252715423606082,
      "recall": 0.9868571428571429,
      "f1": 0.765514184397163,
      "total_evaluated": 2797,
      "confusion_matrix": {
        "true_positives": 1727,
        "true_negatives": 12,
        "false_positives": 1035,
        "false_negatives": 23
      },
      "perplexities": [
        42.34375,
        40.09375,
        36.3125,
        42.59375,
        36.8125,
        36.65625,
        37.96875,
        37.15625,
        39.1875,
        47.625,
        42.84375,
        37.65625,
        40.90625,
        42.9375,
        41.125,
        38.5,
        38.71875,
        47.625,
        46.25,
        44.65625,
        41.9375,
        36.21875,
        36.3125,
        33.90625,
        49.125,
        33.125,
        44.125,
        39.5625,
        38.03125,
        45.96875,
        44.375,
        37.21875,
        37.09375,
        42.6875,
        44.8125,
        37.8125,
        39.46875,
        47.53125,
        42.09375,
        38.9375,
        32.84375,
        39.40625,
        49.3125,
        34.21875,
        39.46875,
        37.15625,
        40.09375,
        43.03125,
        37.21875,
        37.375,
        38.34375,
        43.6875,
        36.9375,
        38.875,
        40.34375,
        43.375,
        46.15625,
        46.4375,
        40.25,
        38.34375,
        43.625,
        38.71875,
        38.1875,
        45.0,
        52.71875,
        39.78125,
        37.59375,
        35.875,
        43.6875,
        35.25,
        43.875,
        48.5625,
        47.25,
        36.59375,
        41.375,
        46.15625,
        37.96875,
        37.59375,
        41.875,
        43.53125,
        37.3125,
        41.53125,
        35.125,
        38.5625,
        37.21875,
        35.59375,
        46.25,
        54.59375,
        45.34375,
        41.9375,
        39.40625,
        40.34375,
        41.875,
        45.625,
        39.3125,
        38.875,
        32.15625,
        34.96875,
        52.90625,
        47.8125,
        32.28125,
        42.53125,
        39.3125,
        47.15625,
        37.21875,
        39.1875,
        37.90625,
        43.53125,
        42.6875,
        37.15625,
        31.90625,
        38.71875,
        34.15625,
        34.21875,
        44.46875,
        52.40625,
        40.71875,
        44.65625,
        42.6875,
        40.03125,
        34.90625,
        39.1875,
        45.8125,
        38.5,
        38.71875,
        37.21875,
        42.09375,
        38.875,
        45.0,
        48.65625,
        49.21875,
        38.40625,
        45.0,
        43.09375,
        40.96875,
        41.9375,
        34.84375,
        35.875,
        37.59375,
        37.09375,
        43.4375,
        39.5625,
        40.90625,
        33.375,
        44.5625,
        47.15625,
        41.21875,
        44.3125,
        40.8125,
        49.3125,
        44.21875,
        40.5625,
        39.40625,
        44.375,
        45.53125,
        35.65625,
        39.5625,
        34.78125,
        40.40625,
        45.09375,
        43.09375,
        33.375,
        34.96875,
        43.875,
        51.0,
        42.34375,
        51.0,
        43.1875,
        39.03125,
        41.46875,
        41.0625,
        35.59375,
        36.09375,
        41.28125,
        48.75,
        44.375,
        36.09375,
        46.4375,
        43.09375,
        33.5625,
        45.1875,
        48.09375,
        36.21875,
        32.59375,
        51.1875,
        43.625,
        45.25,
        34.5,
        42.59375,
        35.75,
        48.84375,
        42.84375,
        43.375,
        34.84375,
        35.25,
        38.71875,
        42.59375,
        32.9375,
        45.625,
        46.53125,
        36.71875,
        43.09375,
        35.65625,
        33.125,
        36.375
      ],
      "mean_perplexity": 40.90030487804878
    },
    "invalid_examples": [
      {
        "question": "Passage: Harry Potter and the Escape from Gringotts -- Harry Potter and the Escape from Gringotts is an indoor steel roller coaster at Universal Studios Florida, a theme park located within the Universal Orlando Resort. Similar to dark rides, the roller coaster utilizes special effects in a controlled-lighting environment and also employs motion-based 3-D projection of both animation and live-action sequences to enhance the experience. The ride, which is themed to the Gringotts Wizarding Bank, became the flagship attraction for the expanded Wizarding World of Harry Potter when it opened on July 8, 2014.\nQuestion: is harry potter and the escape from gringotts a roller coaster ride\nAnswer:",
        "response": " Harry"
      },
      {
        "question": "Passage: Hydroxyzine -- Hydroxyzine preparations require a doctor's prescription. The drug is available in two formulations, the pamoate and the dihydrochloride or hydrochloride salts. Vistaril, Equipose, Masmoran, and Paxistil are preparations of the pamoate salt, while Atarax, Alamon, Aterax, Durrax, Tran-Q, Orgatrax, Quiess, and Tranquizine are of the hydrochloride salt.\nQuestion: is there a difference between hydroxyzine hcl and hydroxyzine pam\nAnswer:",
        "response": " Hydro"
      },
      {
        "question": "Passage: Alcohol laws of New York -- In response to the National Minimum Drinking Age Act in 1984, which reduced by up to 10% the federal highway funding of any state which did not have a minimum purchasing age of 21, the New York Legislature raised the drinking age from 19 to 21, effective December 1, 1985. (The drinking age had been 18 for many years before the first raise on December 4th, 1982, to 19.) Persons under 21 are prohibited from purchasing alcohol or possessing alcohol with the intent to consume, unless the alcohol was given to that person by their parent or legal guardian. There is no law prohibiting where people under 21 may possess or consume alcohol that was given to them by their parents. Persons under 21 are prohibited from having a blood alcohol level of 0.02% or higher while driving.\nQuestion: can minors drink with parents in new york\nAnswer:",
        "response": " Alcohol"
      },
      {
        "question": "Passage: Magnesium citrate -- Magnesium citrate is a magnesium preparation in salt form with citric acid in a 1:1 ratio (1 magnesium atom per citrate molecule). The name ``magnesium citrate'' is ambiguous and sometimes may refer to other salts such as trimagnesium citrate which has a magnesium:citrate ratio of 3:2.\nQuestion: does magnesium citrate have citric acid in it\nAnswer:",
        "response": " Magn"
      },
      {
        "question": "Passage: Benson & Hedges -- Benson & Hedges is a British brand of cigarettes owned by either Philip Morris International, British American Tobacco, or Japan Tobacco, depending on the region. In the UK, they are registered in Old Bond Street in London, and are manufactured in Lisnafillan, Ballymena, Northern Ireland.\nQuestion: do they still make benson & hedges cigarettes\nAnswer:",