{
  "metadata": {
    "timestamp": "20241216_131418",
    "model_name": "Qwen/Qwen2.5-14B",
    "num_pruned_layers": 10,
    "has_adapter": true,
    "task": "boolq"
  },
  "metrics": {
    "response_quality": {
      "total_responses": 3270,
      "valid_responses": 3262,
      "invalid_responses": 8,
      "invalid_percentage": 0.24464831804281345
    },
    "metrics": {
      "accuracy": 0.6483752299202943,
      "evaluate_accuracy": {
        "accuracy": 0.6467889908256881
      },
      "precision": 0.7363050483351236,
      "recall": 0.6763690182535768,
      "f1": 0.7050655695551555,
      "total_evaluated": 3262,
      "confusion_matrix": {
        "true_positives": 1371,
        "true_negatives": 744,
        "false_positives": 491,
        "false_negatives": 656
      },
      "perplexities": [
        9.6015625,
        9.46875,
        8.6875,
        10.0625,
        8.9453125,
        8.2734375,
        8.9140625,
        9.0703125,
        10.0625,
        10.1015625,
        10.3203125,
        9.234375,
        10.4609375,
        9.734375,
        8.421875,
        8.1015625,
        9.34375,
        11.2421875,
        10.7734375,
        9.1953125,
        8.1796875,
        9.0546875,
        8.625,
        7.92578125,
        11.8984375,
        7.98828125,
        8.7734375,
        10.1953125,
        9.65625,
        10.875,
        9.5234375,
        8.8984375,
        8.4375,
        9.015625,
        9.90625,
        8.640625,
        9.2109375,
        11.203125,
        9.0859375,
        8.2109375,
        7.68359375,
        8.828125,
        10.6484375,
        7.296875,
        9.3984375,
        7.8828125,
        9.65625,
        9.8046875,
        9.546875,
        8.6015625,
        8.5859375,
        8.7890625,
        8.453125,
        9.6953125,
        8.859375,
        9.34375,
        10.5859375,
        10.5234375,
        9.8046875,
        8.8125,
        9.0390625,
        8.375,
        8.859375,
        10.5234375,
        11.203125,
        8.1640625,
        8.2265625,
        8.2265625,
        10.140625,
        8.0234375,
        9.8046875,
        9.9453125,
        9.984375,
        9.8046875,
        8.96875,
        10.5625,
        9.2109375,
        9.234375,
        9.7734375,
        9.828125,
        8.390625,
        8.9453125,
        7.89453125,
        9.4296875,
        9.0390625,
        8.1796875,
        10.4375,
        12.96875,
        10.0,
        9.8046875,
        9.84375,
        9.109375,
        10.2578125,
        8.703125,
        8.6015625,
        9.546875,
        8.1640625,
        8.1953125,
        10.546875,
        9.8828125,
        7.59375,
        8.7734375,
        9.578125,
        10.5,
        8.3203125,
        9.7890625,
        8.828125,
        9.1953125,
        9.4296875,
        9.15625,
        7.25390625,
        9.3046875,
        8.1015625,
        8.1484375,
        10.1015625,
        9.65625,
        9.75,
        10.0390625,
        9.1796875,
        8.859375,
        8.1015625,
        8.4375,
        10.1015625,
        8.7265625,
        8.421875,
        8.5234375,
        9.5625,
        9.546875,
        10.6484375,
        11.265625,
        10.140625,
        8.96875,
        9.46875,
        8.484375,
        9.6953125,
        8.875,
        8.625,
        9.453125,
        9.3984375,
        7.7421875,
        10.5859375,
        9.5625,
        10.5859375,
        8.7265625,
        10.1796875,
        8.65625,
        8.9140625,
        9.65625,
        8.375,
        11.3515625,
        10.2578125,
        9.828125,
        9.8046875,
        10.484375,
        10.796875,
        7.609375,
        9.9609375,
        8.1953125,
        8.375,
        10.0,
        9.6015625,
        8.2421875,
        7.91015625,
        9.0,
        11.09375,
        8.984375,
        11.71875,
        9.640625,
        9.3984375,
        9.921875,
        9.7109375,
        8.40625,
        8.859375,
        10.1796875,
        10.3984375,
        9.7734375,
        8.1640625,
        9.75,
        9.6171875,
        9.0546875,
        11.375,
        11.1328125,
        8.0703125,
        8.2578125,
        9.7109375,
        10.3359375,
        10.0234375,
        8.453125,
        9.90625,
        8.671875,
        9.8671875,
        8.671875,
        10.15625,
        8.2734375,
        8.2265625,
        7.68359375,
        9.6171875,
        7.4453125,
        9.375,
        10.5,
        8.65625,
        10.6875,
        8.375,
        8.5234375,
        9.265625
      ],
      "mean_perplexity": 9.328296493902439
    },
    "invalid_examples": [
      {
        "question": "Passage: Boo (dog) -- In April 2012, Boo was the subject of a death hoax after #RIPBOO appeared on Facebook. Tweets followed as Gizmodo writer Sam Biddle tweeted that Boo had died. It was later confirmed by the Chronicle Book staff that Boo was alive and well.\nQuestion: did boo the world's cutest dog die\nAnswer:",
        "response": " Boo"
      },
      {
        "question": "Passage: Boom Gaspar -- Kenneth E. Gaspar (born February 3, 1953), more commonly known as Boom Gaspar, is an American musician who has performed with the American rock band Pearl Jam as a piano/keyboard/organ player since 2002.\nQuestion: is boom gaspar a member of pearl jam\nAnswer:",
        "response": " Boom"
      },
      {
        "question": "Passage: Cheryl Blossom -- Cheryl Blossom was introduced in 1982 in Betty and Veronica #320 as a third love interest for Archie Andrews, but she and her twin brother Jason disappeared two years later.\nQuestion: were the blossom twins in the archie comics\nAnswer:",
        "response": " Cheryl"
      },
      {
        "question": "Passage: Nacho Varga -- Nacho did not appear in Breaking Bad, but is named in the second season episode ``Better Call Saul'', the same episode that introduced Saul Goodman. In the episode ``Better Call Saul'', Walter White and Jesse Pinkman threaten Saul at gunpoint into representing Badger after Badger is arrested for selling drugs. Unaware who his captors are, Saul tries to pin some type of blame on ``Ignacio'', who is later confirmed by producers to be the same person as the character Nacho Varga who appears in the series Better Call Saul.\nQuestion: is nacho from better call saul in breaking bad\nAnswer:",
        "response": " Nach"
      },
      {
        "question": "Passage: Dynamite -- In actuality, aside from both being high explosives, TNT and Dynamite have very little in common: TNT is a 2nd generation castable explosive adopted by the military a full sixty years after Dynamite, which is a 1st generation phlegmatized explosive primarily intended for civilian earthmoving. TNT has never been popular or widespread in civilian earthmoving, as it is considerably more expensive and less powerful by weight than Dynamite, as well as being slower to mix and pack into cylindrical boreholes; for its part, Dynamite has never been popular in warfare because it degenerates quickly under severe conditions and can be detonated by either fire or a wayward bullet. TNT's primary asset is its remarkable insensitivity and stability: a full generation better than Dynamite, it is waterproof and incapable of detonating without the extreme shock and heat provided by a blasting cap (or a sympathetic detonation); this conveniently also allows it to be melted at 178 \u00b0F, poured into high explosive shells and allowed to re-solidify with no extra danger or change in the TNT's characteristics. As such, more than 90% of the TNT produced in America was always for the military market, with most filling shells, hand grenades and aerial bombs and the remainder being packaged in brown ``bricks'' (not red cylinders) for use as demolition charges by combat engineers.\nQuestion: is there a difference between dynamite and tnt\nAnswer:",