{
  "metadata": {
    "timestamp": "20241216_135442",
    "model_name": "Qwen/Qwen2.5-14B",
    "num_pruned_layers": 28,
    "has_adapter": false,
    "task": "boolq"
  },
  "metrics": {
    "response_quality": {
      "total_responses": 3270,
      "valid_responses": 2785,
      "invalid_responses": 485,
      "invalid_percentage": 14.831804281345565
    },
    "metrics": {
      "accuracy": 0.6140035906642729,
      "evaluate_accuracy": {
        "accuracy": 0.5229357798165137
      },
      "precision": 0.6207024029574861,
      "recall": 0.9716435185185185,
      "f1": 0.7575005639521768,
      "total_evaluated": 2785,
      "confusion_matrix": {
        "true_positives": 1679,
        "true_negatives": 31,
        "false_positives": 1026,
        "false_negatives": 49
      },
      "perplexities": [
        1583.0,
        1633.0,
        1365.0,
        1499.0,
        1493.0,
        1419.0,
        2190.0,
        1571.0,
        1559.0,
        1698.0,
        1453.0,
        1640.0,
        1666.0,
        1627.0,
        1739.0,
        1787.0,
        1851.0,
        1895.0,
        1970.0,
        1419.0,
        2172.0,
        1685.0,
        1808.0,
        1627.0,
        1287.0,
        2017.0,
        1801.0,
        1739.0,
        1408.0,
        1766.0,
        1583.0,
        1181.0,
        1787.0,
        1963.0,
        1646.0,
        1528.0,
        1458.0,
        1359.0,
        1759.0,
        1712.0,
        1577.0,
        1583.0,
        1666.0,
        1917.0,
        1517.0,
        2878.0,
        1672.0,
        1844.0,
        1075.0,
        1692.0,
        1481.0,
        1851.0,
        1528.0,
        1759.0,
        1917.0,
        1640.0,
        1844.0,
        1204.0,
        1499.0,
        2072.0,
        1403.0,
        1880.0,
        1646.0,
        1499.0,
        1712.0,
        1666.0,
        1917.0,
        1614.0,
        1963.0,
        1118.0,
        1517.0,
        1559.0,
        1880.0,
        1403.0,
        2082.0,
        1243.0,
        1470.0,
        1493.0,
        1925.0,
        1902.0,
        1403.0,
        1430.0,
        1458.0,
        1248.0,
        968.0,
        1323.0,
        1910.0,
        1640.0,
        1780.0,
        2098.0,
        1436.0,
        1732.0,
        1773.0,
        2432.0,
        1499.0,
        1540.0,
        1392.0,
        1425.0,
        1746.0,
        1447.0,
        1262.0,
        1698.0,
        1640.0,
        1725.0,
        1947.0,
        1481.0,
        1470.0,
        1801.0,
        1759.0,
        2156.0,
        1602.0,
        1880.0,
        1338.0,
        1865.0,
        1685.0,
        1528.0,
        1659.0,
        1453.0,
        1547.0,
        1381.0,
        2590.0,
        1559.0,
        1365.0,
        2258.0,
        1547.0,
        1436.0,
        1679.0,
        1917.0,
        1499.0,
        2180.0,
        1381.0,
        1219.0,
        1887.0,
        1932.0,
        2520.0,
        1725.0,
        1447.0,
        2164.0,
        975.5,
        1436.0,
        2340.0,
        1766.0,
        1766.0,
        1267.0,
        1851.0,
        2442.0,
        1815.0,
        2156.0,
        1653.0,
        1243.0,
        1006.5,
        1553.0,
        1075.0,
        2442.0,
        1917.0,
        2025.0,
        1732.0,
        1272.0,
        2114.0,
        2001.0,
        1865.0,
        1228.0,
        1354.0,
        2138.0,
        1822.0,
        1602.0,
        2268.0,
        1621.0,
        1705.0,
        1312.0,
        1365.0,
        1970.0,
        1851.0,
        1633.0,
        1829.0,
        1287.0,
        1759.0,
        1602.0,
        1608.0,
        2242.0,
        1505.0,
        1481.0,
        1646.0,
        1338.0,
        1559.0,
        1059.0,
        1493.0,
        1243.0,
        1902.0,
        1596.0,
        1705.0,
        1910.0,
        1307.0,
        1844.0,
        2138.0,
        1955.0,
        1895.0,
        1608.0,
        1851.0,
        1963.0,
        1829.0,
        2041.0,
        1464.0,
        2090.0,
        1815.0
      ],
      "mean_perplexity": 1680.2878048780487
    },
    "invalid_examples": [
      {
        "question": "Passage: Hydroxyzine -- Hydroxyzine preparations require a doctor's prescription. The drug is available in two formulations, the pamoate and the dihydrochloride or hydrochloride salts. Vistaril, Equipose, Masmoran, and Paxistil are preparations of the pamoate salt, while Atarax, Alamon, Aterax, Durrax, Tran-Q, Orgatrax, Quiess, and Tranquizine are of the hydrochloride salt.\nQuestion: is there a difference between hydroxyzine hcl and hydroxyzine pam\nAnswer:",
        "response": " base"
      },
      {
        "question": "Passage: Renunciation of citizenship -- Renunciation of U.S. citizenship was free until July 2010, at which time a fee of $450 was established. An increase to $2,350, effective September 12, 2014, was justified as ``reflective of the true cost'' of processing. This followed a fee increase of approximately 220% in 2013. The increase took effect in January 2015.\nQuestion: does it cost money to renounce us citizenship\nAnswer:",
        "response": " new"
      },
      {
        "question": "Passage: Break-in (mechanical run-in) -- A new engine is broken in by following specific driving guidelines during the first few hours of its use. The focus of breaking in an engine is on the contact between the piston rings of the engine and the cylinder wall. There is no universal preparation or set of instructions for breaking in an engine. Most importantly, experts disagree on whether it is better to start engines on high or low power to break them in. While there are still consequences to an unsuccessful break-in, they are harder to quantify on modern engines than on older models. In general, people no longer break in the engines of their own vehicles after purchasing a car or motorcycle, because the process is done in production. It is still common, even today, to find that an owner's manual recommends gentle use at first (often specified as the first 500 or 1000 kilometres or miles). But it is usually only normal use without excessive demands that is specified, as opposed to light/limited use. For example, the manual will specify that the car be driven normally, but not in excess of the highway speed limit.\nQuestion: do you need to break in a car\nAnswer:",
        "response": ","
      },
      {
        "question": "Passage: Hole in one -- As of October 2008, a condor (four under par) hole-in-one on a par 5 hole had been recorded on four occasions, aided by thin air at high altitude, or by cutting the corner on a doglegged or horseshoe-shaped hole. A horseshoe-shaped par 5 hole once enabled a condor hole in one to be achieved with a 3-iron club. The longest recorded straight drive hole-in-one is believed to be 517 yards or 473 metres, on the par 5 No. 9 hole at Green Valley Ranch Golf Club in Denver in 2002, aided by the thin air due to the high altitude. None of these four par 5 holes-in-one were achieved during a professional tournament. A condor is also known as a double albatross, or a triple eagle.\nQuestion: has anyone hit a hole in one on a par 5\nAnswer:",