{
  "metadata": {
    "timestamp": "20241216_132510",
    "model_name": "Qwen/Qwen2.5-14B",
    "num_pruned_layers": 12,
    "has_adapter": true,
    "task": "boolq"
  },
  "metrics": {
    "response_quality": {
      "total_responses": 3270,
      "valid_responses": 3213,
      "invalid_responses": 57,
      "invalid_percentage": 1.743119266055046
    },
    "metrics": {
      "accuracy": 0.6209150326797386,
      "evaluate_accuracy": {
        "accuracy": 0.6100917431192661
      },
      "precision": 0.6216889996883764,
      "recall": 0.9979989994997499,
      "f1": 0.7661290322580645,
      "total_evaluated": 3213,
      "confusion_matrix": {
        "true_positives": 1995,
        "true_negatives": 0,
        "false_positives": 1214,
        "false_negatives": 4
      },
      "perplexities": [
        10.921875,
        10.5859375,
        9.8671875,
        11.046875,
        10.1171875,
        9.4140625,
        10.0625,
        10.140625,
        11.15625,
        11.53125,
        11.375,
        10.359375,
        11.6015625,
        10.921875,
        9.2890625,
        9.34375,
        10.3984375,
        12.59375,
        11.921875,
        10.359375,
        9.7109375,
        10.0234375,
        9.90625,
        8.96875,
        13.046875,
        8.7734375,
        10.1171875,
        11.2890625,
        10.6484375,
        12.2578125,
        10.875,
        9.84375,
        9.4140625,
        10.2578125,
        11.1171875,
        9.6015625,
        10.2578125,
        12.2578125,
        10.28125,
        9.2109375,
        8.65625,
        9.8671875,
        11.96875,
        8.3203125,
        10.5234375,
        8.6015625,
        10.7734375,
        11.3984375,
        10.3984375,
        9.6015625,
        9.7109375,
        9.984375,
        9.5234375,
        10.75,
        10.21875,
        10.7265625,
        11.828125,
        11.9453125,
        10.6484375,
        9.8828125,
        10.2421875,
        9.546875,
        9.921875,
        11.71875,
        12.59375,
        9.3203125,
        9.3203125,
        9.546875,
        11.3984375,
        9.015625,
        10.9609375,
        11.3984375,
        11.2265625,
        10.875,
        10.2421875,
        11.6015625,
        10.3359375,
        10.4609375,
        10.8359375,
        11.2421875,
        9.3046875,
        9.9453125,
        8.875,
        10.5625,
        9.9453125,
        9.453125,
        11.875,
        14.5546875,
        11.046875,
        10.8125,
        10.796875,
        10.1796875,
        11.6953125,
        10.6640625,
        9.8828125,
        10.7109375,
        8.9296875,
        9.2109375,
        12.0625,
        11.375,
        8.65625,
        10.078125,
        10.6015625,
        11.8046875,
        9.375,
        10.921875,
        10.0,
        10.75,
        10.5234375,
        10.28125,
        8.0703125,
        10.28125,
        9.265625,
        8.9296875,
        11.203125,
        11.578125,
        11.046875,
        11.265625,
        10.4609375,
        9.84375,
        9.125,
        9.5625,
        11.3984375,
        10.1171875,
        9.546875,
        9.5625,
        10.5859375,
        10.5,
        11.921875,
        12.71875,
        11.53125,
        10.1796875,
        11.1328125,
        9.84375,
        11.046875,
        10.0625,
        9.6171875,
        10.3359375,
        10.5,
        8.96875,
        11.6484375,
        10.7109375,
        11.8046875,
        9.6015625,
        11.5078125,
        10.0625,
        10.1015625,
        11.046875,
        9.6015625,
        12.4921875,
        11.6484375,
        11.2265625,
        10.859375,
        11.9921875,
        12.1328125,
        8.625,
        11.03125,
        9.1796875,
        9.734375,
        11.2265625,
        10.875,
        9.2109375,
        9.015625,
        10.4375,
        12.6171875,
        9.9453125,
        13.1953125,
        10.875,
        10.3203125,
        10.984375,
        10.796875,
        9.5078125,
        10.0625,
        11.3359375,
        11.8984375,
        11.046875,
        9.3984375,
        10.9453125,
        10.625,
        9.9609375,
        12.59375,
        12.6953125,
        8.7421875,
        9.1796875,
        11.3125,
        11.78125,
        11.09375,
        9.578125,
        10.875,
        9.734375,
        11.03125,
        9.6953125,
        11.203125,
        9.2890625,
        9.140625,
        8.7734375,
        10.6640625,
        8.2109375,
        10.546875,
        11.9453125,
        9.6015625,
        12.015625,
        9.3203125,
        9.6015625,
        10.359375
      ],
      "mean_perplexity": 10.494397865853658
    },
    "invalid_examples": [
      {
        "question": "Passage: Russell Group -- In March 2012 it was announced that four universities -- Durham, Exeter, Queen Mary University of London; and York -- would become members of the Russell Group in August of the same year. All of the new members had previously been members of the 1994 Group of British universities.\nQuestion: is durham university part of the russell group\nAnswer:",
        "response": " dur"
      },
      {
        "question": "Passage: Anne (TV series) -- The series is filmed partially in Prince Edward Island as well as locations in Southern Ontario (including Millbrook and Caledon).\nQuestion: is anne with an e filmed on pei\nAnswer:",
        "response": " Anne"
      },
      {
        "question": "Passage: Angular frequency -- Angular frequency (or angular speed) is the magnitude of the vector quantity angular velocity. The term angular frequency vector \u03c9 \u2192 (\\displaystyle (\\vec (\\omega ))) is sometimes used as a synonym for the vector quantity angular velocity.\nQuestion: is angular frequency and angular velocity the same\nAnswer:",
        "response": " Angular"
      },
      {
        "question": "Passage: David Visentin -- David Visentin (born 1965) is a Canadian actor and realtor. He is best known as one of the hosts of Love It or List It, with co-host Hilary Farr. The show is broadcast on HGTV and W Networks. He is a native citizen of Canada.\nQuestion: is david from love it or list it a real realtor\nAnswer:",
        "response": " david"
      },
      {
        "question": "Passage: Languages with official status in India -- The Constitution of India designates the official language of the Government of India as Hindi written in the Devanagari script, as well as English. There is no national language as declared by the Constitution of India. Hindi is used for official purposes such as parliamentary proceedings, judiciary, communications between the Central Government and a State Government. States within India have the liberty and powers to specify their own official language(s) through legislation and therefore there are 22 officially recognized languages in India of which Hindi is the most used. The number of native Hindi speakers is about 25% of the total Indian population; however, including dialects of Hindi termed as Hindi languages, the total is around 44% of Indians, mostly accounted from the states falling under the Hindi belt. Other Indian languages are each spoken by around 10% or less of the population.\nQuestion: is hindi is our national language of india\nAnswer:",