{
  "metadata": {
    "timestamp": "20241212_222006",
    "model_name": "meta-llama/Meta-Llama-3-8B",
    "num_pruned_layers": 7,
    "has_adapter": true,
    "task": "boolq"
  },
  "metrics": {
    "response_quality": {
      "total_responses": 3270,
      "valid_responses": 3252,
      "invalid_responses": 18,
      "invalid_percentage": 0.5504587155963303
    },
    "metrics": {
      "accuracy": 0.7349323493234933,
      "evaluate_accuracy": {
        "accuracy": 0.7308868501529052
      },
      "precision": 0.7345204370700121,
      "recall": 0.8980702622464126,
      "f1": 0.8081032947462155,
      "total_evaluated": 3252,
      "confusion_matrix": {
        "true_positives": 1815,
        "true_negatives": 575,
        "false_positives": 656,
        "false_negatives": 206
      },
      "perplexities": [
        14.1328125,
        13.859375,
        12.890625,
        13.7265625,
        13.8828125,
        12.28125,
        13.5390625,
        13.0703125,
        13.5078125,
        15.640625,
        15.015625,
        13.484375,
        14.953125,
        13.9375,
        12.46875,
        12.7421875,
        14.328125,
        16.359375,
        15.28125,
        13.640625,
        13.5390625,
        12.84375,
        12.6953125,
        12.84375,
        16.078125,
        12.3515625,
        13.640625,
        14.8359375,
        13.6171875,
        16.234375,
        14.5234375,
        12.28125,
        12.890625,
        13.5078125,
        13.96875,
        12.375,
        13.671875,
        15.5546875,
        13.859375,
        11.9921875,
        11.375,
        12.9140625,
        15.4609375,
        11.3125,
        13.9375,
        12.59375,
        14.0234375,
        14.6953125,
        13.7265625,
        12.5703125,
        13.5078125,
        13.859375,
        11.828125,
        14.4140625,
        14.296875,
        15.640625,
        15.796875,
        14.8359375,
        13.015625,
        13.6171875,
        13.640625,
        12.640625,
        13.671875,
        15.953125,
        15.984375,
        12.9921875,
        13.25,
        13.1953125,
        14.15625,
        12.3046875,
        13.9921875,
        15.1640625,
        14.8671875,
        13.9140625,
        13.2265625,
        14.8359375,
        13.5625,
        13.5625,
        13.828125,
        14.953125,
        13.3828125,
        13.9375,
        11.8046875,
        13.9375,
        12.7421875,
        12.15625,
        14.8359375,
        18.390625,
        15.0703125,
        14.8125,
        14.5234375,
        13.78125,
        15.5546875,
        14.328125,
        13.09375,
        14.46875,
        12.15625,
        12.4453125,
        14.953125,
        14.1328125,
        11.2890625,
        14.2421875,
        14.328125,
        15.34375,
        12.7421875,
        13.6171875,
        12.9140625,
        14.1875,
        13.75,
        13.5078125,
        10.6015625,
        14.1328125,
        12.6640625,
        12.4453125,
        15.1328125,
        16.875,
        14.578125,
        14.78125,
        13.0703125,
        13.046875,
        12.6953125,
        13.171875,
        14.4140625,
        13.171875,
        12.765625,
        12.546875,
        14.3828125,
        14.296875,
        15.28125,
        16.71875,
        14.984375,
        12.546875,
        14.953125,
        13.9140625,
        14.328125,
        13.859375,
        13.3515625,
        13.5625,
        13.2265625,
        12.2265625,
        15.4609375,
        14.21875,
        15.0703125,
        12.4453125,
        14.4375,
        13.9140625,
        12.7890625,
        14.578125,
        13.8046875,
        15.28125,
        13.640625,
        14.7265625,
        13.5390625,
        15.34375,
        15.1015625,
        11.5546875,
        14.46875,
        12.5234375,
        13.09375,
        15.671875,
        14.6640625,
        11.6484375,
        12.0859375,
        13.96875,
        16.234375,
        13.25,
        17.21875,
        14.75,
        13.2734375,
        14.5546875,
        14.5546875,
        13.4296875,
        12.890625,
        14.2734375,
        15.671875,
        15.3984375,
        12.9921875,
        13.9921875,
        14.046875,
        12.5234375,
        16.015625,
        15.921875,
        11.53125,
        12.28125,
        14.8671875,
        15.4609375,
        14.6640625,
        12.640625,
        13.5625,
        13.046875,
        14.6953125,
        13.1484375,
        15.34375,
        12.5703125,
        12.546875,
        11.671875,
        14.3515625,
        9.921875,
        14.3828125,
        15.1328125,
        13.0703125,
        16.046875,
        12.9140625,
        12.2578125,
        14.2421875
      ],
      "mean_perplexity": 13.85705030487805
    },
    "invalid_examples": [
      {
        "question": "Passage: Ivory Coast -- Ivory Coast, also known as C\u00f4te d'Ivoire and officially as the Republic of C\u00f4te d'Ivoire, is a sovereign state located in West Africa. Ivory Coast's political capital is Yamoussoukro, and its economic capital and largest city is the port city of Abidjan. Its bordering countries are Guinea and Liberia in the west, Burkina Faso and Mali in the north, and Ghana in the east. The Gulf of Guinea (Atlantic Ocean) is located south of Ivory Coast.\nQuestion: is ivory coast and cote d ivoire the same\nAnswer:",
        "response": " Ivory 1     "
      },
      {
        "question": "Passage: I Can Only Imagine (film) -- I Can Only Imagine is a 2018 American Christian drama film directed by the Erwin Brothers and written by Alex Cramer, Jon Erwin, and Brent McCorkle, based on the story behind the MercyMe song of the same name, the best-selling Christian single of all time. The film stars J. Michael Finley as Bart Millard, the lead singer who wrote the song about his relationship with his father (Dennis Quaid). Madeline Carroll, Priscilla Shirer, Cloris Leachman, and Trace Adkins also star.\nQuestion: is i can only imagine movie true story\nAnswer:",
        "response": " I I I I I I I I"
      },
      {
        "question": "Passage: Vauxhall station -- Vauxhall (/\u02c8v\u0252ks\u0254\u02d0l/, VOK-sawl) is a National Rail, London Underground and London Buses interchange station in central London. It is at the Vauxhall Cross road junction opposite the southern approach to Vauxhall Bridge over the River Thames in the district of Vauxhall. The station is on the boundary of zones 1 and 2 of the London Travelcard area and, although a through station, it is classed as a central London terminus for ticketing purposes.\nQuestion: is vauxhall station in zone 1 or 2\nAnswer:",
        "response": " V       "
      },
      {
        "question": "Passage: Nuclear power -- Nuclear power is the use of nuclear reactions that release nuclear energy to generate heat, which most frequently is then used in steam turbines to produce electricity in a nuclear power plant. Nuclear power can be obtained from nuclear fission, nuclear decay and nuclear fusion. Presently, the vast majority of electricity from nuclear power is produced by nuclear fission of elements in the actinide series of the periodic table. Nuclear decay processes are used in niche applications such as radioisotope thermoelectric generators. The possibility of generating electricity from nuclear fusion is still at a research phase with no commercial applications. This article mostly deals with nuclear fission power for electricity generation.\nQuestion: is nuclear power the same as nuclear energy\nAnswer:",