{
  "metadata": {
    "timestamp": "20241212_222418",
    "model_name": "meta-llama/Meta-Llama-3-8B",
    "num_pruned_layers": 11,
    "has_adapter": false,
    "task": "boolq"
  },
  "metrics": {
    "response_quality": {
      "total_responses": 3270,
      "valid_responses": 1816,
      "invalid_responses": 1454,
      "invalid_percentage": 44.464831804281346
    },
    "metrics": {
      "accuracy": 0.6453744493392071,
      "evaluate_accuracy": {
        "accuracy": 0.3584097859327217
      },
      "precision": 0.6454869358669834,
      "recall": 0.9585537918871252,
      "f1": 0.7714691270404543,
      "total_evaluated": 1816,
      "confusion_matrix": {
        "true_positives": 1087,
        "true_negatives": 85,
        "false_positives": 597,
        "false_negatives": 47
      },
      "perplexities": [
        320.5,
        319.25,
        330.5,
        288.25,
        395.75,
        366.0,
        388.0,
        288.25,
        363.0,
        380.5,
        370.25,
        307.0,
        307.0,
        436.25,
        388.0,
        333.25,
        315.5,
        341.0,
        333.25,
        417.75,
        400.25,
        426.0,
        268.75,
        385.0,
        367.25,
        264.5,
        436.25,
        342.5,
        307.0,
        391.0,
        413.0,
        401.75,
        320.5,
        357.5,
        367.25,
        286.0,
        360.25,
        401.75,
        405.0,
        325.5,
        376.0,
        333.25,
        303.25,
        374.5,
        466.25,
        354.75,
        316.75,
        335.75,
        357.5,
        283.75,
        350.5,
        325.5,
        339.75,
        357.5,
        347.75,
        366.0,
        325.5,
        388.0,
        252.5,
        441.25,
        341.0,
        297.5,
        388.0,
        367.25,
        377.5,
        386.5,
        385.0,
        512.0,
        324.25,
        379.0,
        311.75,
        477.25,
        405.0,
        346.5,
        431.25,
        434.5,
        397.25,
        315.5,
        292.75,
        297.5,
        409.75,
        382.0,
        389.5,
        492.25,
        318.0,
        371.75,
        329.25,
        385.0,
        413.0,
        448.25,
        380.5,
        342.5,
        498.25,
        584.5,
        401.75,
        329.25,
        224.5,
        286.0,
        324.25,
        468.0,
        262.5,
        444.75,
        391.0,
        328.0,
        406.5,
        370.25,
        417.75,
        385.0,
        374.5,
        364.5,
        296.25,
        357.5,
        383.5,
        349.25,
        349.25,
        566.5,
        406.5,
        328.0,
        403.5,
        388.0,
        341.0,
        324.25,
        409.75,
        426.0,
        382.0,
        290.5,
        446.5,
        324.25,
        331.75,
        411.5,
        367.25,
        335.75,
        353.25,
        321.75,
        350.5,
        380.5,
        320.5,
        385.0,
        303.25,
        361.75,
        304.5,
        386.5,
        451.75,
        395.75,
        334.5,
        411.5,
        276.25,
        477.25,
        388.0,
        386.5,
        277.25,
        352.0,
        291.75,
        403.5,
        325.5,
        401.75,
        307.0,
        320.5,
        426.0,
        468.0,
        376.0,
        352.0,
        292.75,
        392.5,
        398.75,
        558.0,
        367.25,
        346.5,
        321.75,
        389.5,
        321.75,
        352.0,
        331.75,
        309.25,
        434.5,
        308.0,
        377.5,
        247.625,
        494.25,
        258.5,
        376.0,
        376.0,
        281.75,
        329.25,
        379.0,
        288.25,
        395.75,
        358.75,
        337.0,
        304.5,
        429.5,
        357.5,
        398.75,
        382.0,
        307.0,
        334.5,
        436.25,
        193.625,
        417.75,
        417.75,
        326.75,
        371.75,
        328.0,
        245.625,
        453.5
      ],
      "mean_perplexity": 364.09817073170734
    },
    "invalid_examples": [
      {
        "question": "Passage: Property tax -- Property tax or 'house tax' is a local tax on buildings, along with appurtenant land. It is and imposed on the Possessor (not the custodian of property as per 1978, 44th amendment of constitution). It resembles the US-type wealth tax and differs from the excise-type UK rate. The tax power is vested in the states and is delegated to local bodies, specifying the valuation method, rate band, and collection procedures. The tax base is the annual rental value (ARV) or area-based rating. Owner-occupied and other properties not producing rent are assessed on cost and then converted into ARV by applying a percentage of cost, usually four percent. Vacant land is generally exempt. Central government properties are exempt. Instead a 'service charge' is permissible under executive order. Properties of foreign missions also enjoy tax exemption without requiring reciprocity. The tax is usually accompanied by service taxes, e.g., water tax, drainage tax, conservancy (sanitation) tax, lighting tax, all using the same tax base. The rate structure is flat on rural (panchayat) properties, but in the urban (municipal) areas it is mildly progressive with about 80% of assessments falling in the first two brackets.\nQuestion: is house tax and property tax are same\nAnswer:",
        "response": " and\u00ebr&indreheimiabellappable"
      },
      {
        "question": "Passage: Phantom pain -- Phantom pain sensations are described as perceptions that an individual experiences relating to a limb or an organ that is not physically part of the body. Limb loss is a result of either removal by amputation or congenital limb deficiency. However, phantom limb sensations can also occur following nerve avulsion or spinal cord injury.\nQuestion: is pain experienced in a missing body part or paralyzed area\nAnswer:",
        "response": " ()\n\n\n\n"
      },
      {
        "question": "Passage: Hydroxyzine -- Hydroxyzine preparations require a doctor's prescription. The drug is available in two formulations, the pamoate and the dihydrochloride or hydrochloride salts. Vistaril, Equipose, Masmoran, and Paxistil are preparations of the pamoate salt, while Atarax, Alamon, Aterax, Durrax, Tran-Q, Orgatrax, Quiess, and Tranquizine are of the hydrochloride salt.\nQuestion: is there a difference between hydroxyzine hcl and hydroxyzine pam\nAnswer:",
        "response": " ( \u2026\n\n"
      },
      {
        "question": "Passage: Shower gel -- Shower gels for men may contain the ingredient menthol, which gives a cooling and stimulating sensation on the skin, and some men's shower gels are also designed specifically for use on hair and body. Shower gels contain milder surfactant bases than shampoos, and some also contain gentle conditioning agents in the formula. This means that shower gels can also double as an effective and perfectly acceptable substitute to shampoo, even if they are not labelled as a hair and body wash. Washing hair with shower gel should give approximately the same result as using a moisturising shampoo.\nQuestion: is it bad to wash your hair with shower gel\nAnswer:",
        "response": " and\u00ebr&oresivelorkil addslashes"
      },
      {
        "question": "Passage: Excretory system -- The liver detoxifies and breaks down chemicals, poisons and other toxins that enter the body. For example, the liver transforms ammonia (which is poisonous) into urea in fish, amphibians and mammals, and into uric acid in birds and reptiles. Urea is filtered by the kidney into urine or through the gills in fish and tadpoles. Uric acid is paste-like and expelled as a semi-solid waste (the ``white'' in bird excrements). The liver also produces bile, and the body uses bile to break down fats into usable fats and unusable waste.\nQuestion: is the liver part of the excretory system\nAnswer:",