{
  "metadata": {
    "timestamp": "20241212_215001",
    "model_name": "meta-llama/Llama-3.2-1B",
    "num_pruned_layers": 2,
    "has_adapter": false,
    "task": "boolq"
  },
  "metrics": {
    "response_quality": {
      "total_responses": 3270,
      "valid_responses": 3267,
      "invalid_responses": 3,
      "invalid_percentage": 0.09174311926605505
    },
    "metrics": {
      "accuracy": 0.5699418426691154,
      "evaluate_accuracy": {
        "accuracy": 0.5694189602446483
      },
      "precision": 0.659217877094972,
      "recall": 0.6387795275590551,
      "f1": 0.6488377905523618,
      "total_evaluated": 3267,
      "confusion_matrix": {
        "true_positives": 1298,
        "true_negatives": 564,
        "false_positives": 671,
        "false_negatives": 734
      },
      "perplexities": [
        48.0,
        41.28125,
        50.78125,
        45.09375,
        41.375,
        37.75,
        48.09375,
        48.09375,
        45.8125,
        58.5625,
        60.4375,
        47.8125,
        48.9375,
        58.8125,
        39.3125,
        48.9375,
        52.8125,
        46.78125,
        50.5,
        40.96875,
        52.09375,
        47.0625,
        39.3125,
        43.03125,
        56.125,
        38.9375,
        67.6875,
        47.0625,
        46.875,
        53.75,
        51.09375,
        40.03125,
        48.9375,
        44.125,
        45.09375,
        41.28125,
        46.53125,
        60.1875,
        48.9375,
        36.65625,
        33.0,
        42.78125,
        52.0,
        39.9375,
        48.65625,
        45.8125,
        40.96875,
        46.59375,
        46.4375,
        61.375,
        42.03125,
        41.46875,
        43.96875,
        42.78125,
        46.59375,
        51.59375,
        49.3125,
        56.125,
        39.875,
        49.3125,
        45.34375,
        42.53125,
        45.53125,
        55.90625,
        56.5625,
        45.96875,
        39.625,
        37.65625,
        51.375,
        45.25,
        45.09375,
        52.40625,
        50.59375,
        41.9375,
        58.8125,
        49.625,
        40.96875,
        46.15625,
        55.25,
        45.09375,
        39.5625,
        51.0,
        38.78125,
        46.59375,
        47.34375,
        35.59375,
        54.5,
        59.96875,
        57.4375,
        47.90625,
        46.53125,
        51.59375,
        49.40625,
        61.15625,
        45.625,
        41.625,
        37.21875,
        47.8125,
        60.1875,
        53.34375,
        37.15625,
        63.84375,
        51.0,
        54.59375,
        44.5625,
        40.5625,
        46.25,
        48.28125,
        55.90625,
        44.8125,
        48.5625,
        49.625,
        37.3125,
        40.90625,
        46.0625,
        62.84375,
        48.1875,
        56.5625,
        46.25,
        47.53125,
        40.09375,
        47.71875,
        51.90625,
        41.375,
        43.375,
        39.5625,
        41.21875,
        45.4375,
        52.8125,
        60.4375,
        53.125,
        40.03125,
        55.03125,
        42.1875,
        51.09375,
        44.5625,
        50.09375,
        49.125,
        44.65625,
        54.0625,
        64.3125,
        41.9375,
        45.34375,
        44.125,
        44.46875,
        55.90625,
        56.34375,
        51.375,
        57.21875,
        51.59375,
        42.9375,
        56.34375,
        43.09375,
        62.84375,
        52.8125,
        55.90625,
        42.09375,
        51.6875,
        46.78125,
        60.4375,
        57.4375,
        38.25,
        53.4375,
        50.40625,
        54.28125,
        44.75,
        61.15625,
        56.125,
        46.15625,
        47.90625,
        47.90625,
        43.96875,
        45.09375,
        54.1875,
        49.625,
        42.9375,
        46.53125,
        42.34375,
        52.5,
        38.71875,
        59.71875,
        49.40625,
        52.8125,
        34.625,
        60.90625,
        46.34375,
        58.125,
        42.84375,
        46.96875,
        42.34375,
        47.15625,
        45.875,
        52.09375,
        45.96875,
        39.40625,
        47.8125,
        66.125,
        30.984375,
        70.9375,
        53.125,
        41.78125,
        54.375,
        38.5625,
        39.1875,
        40.40625
      ],
      "mean_perplexity": 48.2358993902439
    },
    "invalid_examples": [
      {
        "question": "Passage: Just Cause 3 -- Just Cause 3 was released worldwide on December 1, 2015, for Microsoft Windows, PlayStation 4 and Xbox One. The game was published by Square Enix. A Collector's Edition of the game was announced on March 12, 2015. People were allowed to vote for the items included in the Edition. The result of the poll was revealed on July 9, 2015, and the Collector's Edition includes a grappling hook, the Weaponized Vehicle Pack content, a poster of Medici and an artbook. At Gamescom 2015, Square Enix announced that players who purchased the game on Xbox One would receive the backward-compatible version of Just Cause 2 for the Xbox 360. Console players who purchased the game's Day One Edition are eligible to enter a contest held by Avalanche and Square Enix, which tasks players to score Chaos Points to top the leaderboard. The winner of the contest would get a real-life island, or US$50,000 cash.\nQuestion: can you play just cause 3 on xbox 360\nAnswer:",
        "response": " you can only you you you you you"
      },
      {
        "question": "Passage: I Can Only Imagine (film) -- I Can Only Imagine is a 2018 American Christian drama film directed by the Erwin Brothers and written by Alex Cramer, Jon Erwin, and Brent McCorkle, based on the story behind the MercyMe song of the same name, the best-selling Christian single of all time. The film stars J. Michael Finley as Bart Millard, the lead singer who wrote the song about his relationship with his father (Dennis Quaid). Madeline Carroll, Priscilla Shirer, Cloris Leachman, and Trace Adkins also star.\nQuestion: is i can only imagine movie true story\nAnswer:",
        "response": " i I I I I I I I"
      },
      {
        "question": "Passage: What's Eating Gilbert Grape -- Following Arnie's 18th birthday party, Bonnie climbs the stairs to her bedroom for the first time since her husband's suicide. Arnie later tries to wake her but discovers that she has died. The children, not willing to let their mother become the joke of the town by having her corpse lifted from the house by crane, empty their family home of possessions and set it on fire. A year later, Gilbert describes what happened to his family after his mother's death, as Gilbert and his brother Arnie wait by the side of a road for Becky, who arrives with her grandmother, and picks them up.\nQuestion: does arnie die in what eating gilbert grape\nAnswer:",
        "response": " ar ar ar ar ar ar ar ar"
      }
    ]
  }
}