{
  "metadata": {
    "timestamp": "20241212_222021",
    "model_name": "meta-llama/Meta-Llama-3-8B",
    "num_pruned_layers": 6,
    "has_adapter": true,
    "task": "boolq"
  },
  "metrics": {
    "response_quality": {
      "total_responses": 3270,
      "valid_responses": 3248,
      "invalid_responses": 22,
      "invalid_percentage": 0.672782874617737
    },
    "metrics": {
      "accuracy": 0.7361453201970444,
      "evaluate_accuracy": {
        "accuracy": 0.7311926605504587
      },
      "precision": 0.7542632269348492,
      "recall": 0.8539603960396039,
      "f1": 0.8010215927559786,
      "total_evaluated": 3248,
      "confusion_matrix": {
        "true_positives": 1725,
        "true_negatives": 666,
        "false_positives": 562,
        "false_negatives": 295
      },
      "perplexities": [
        12.546875,
        12.4921875,
        11.578125,
        12.421875,
        12.4921875,
        11.09375,
        12.1328125,
        11.7421875,
        12.15625,
        13.9921875,
        13.640625,
        12.2578125,
        13.5390625,
        12.328125,
        10.9609375,
        11.375,
        12.8671875,
        14.6640625,
        13.9375,
        12.3515625,
        11.78125,
        11.5546875,
        11.2265625,
        11.265625,
        14.640625,
        10.9453125,
        11.9921875,
        13.484375,
        12.328125,
        14.640625,
        12.96875,
        11.09375,
        11.3359375,
        12.0859375,
        12.421875,
        11.03125,
        12.3984375,
        13.828125,
        12.2265625,
        10.7109375,
        10.1015625,
        11.625,
        13.8046875,
        9.9609375,
        12.3515625,
        11.2265625,
        12.6640625,
        13.171875,
        12.3984375,
        11.2890625,
        12.0625,
        12.3515625,
        10.421875,
        12.8671875,
        12.46875,
        13.7265625,
        14.3828125,
        13.0703125,
        11.6953125,
        12.0625,
        12.1328125,
        11.3515625,
        12.15625,
        14.21875,
        14.328125,
        11.5078125,
        11.6953125,
        11.671875,
        12.71875,
        10.875,
        12.421875,
        13.484375,
        13.3046875,
        12.6171875,
        11.96875,
        13.25,
        12.15625,
        12.2265625,
        12.5703125,
        13.5390625,
        11.9921875,
        11.9453125,
        10.625,
        12.3046875,
        11.53125,
        10.75,
        13.1953125,
        16.015625,
        13.40625,
        13.046875,
        12.6171875,
        12.328125,
        13.671875,
        12.4453125,
        11.5078125,
        12.59375,
        10.9609375,
        11.1796875,
        13.5390625,
        12.4453125,
        10.1953125,
        12.8203125,
        12.9453125,
        13.5078125,
        11.6484375,
        12.2578125,
        11.5546875,
        12.9921875,
        12.28125,
        12.015625,
        9.484375,
        12.765625,
        11.0703125,
        10.984375,
        13.40625,
        14.46875,
        13.1484375,
        13.3828125,
        11.625,
        11.7421875,
        11.03125,
        11.4921875,
        12.9453125,
        11.6484375,
        11.3359375,
        11.265625,
        12.7890625,
        12.9921875,
        13.640625,
        14.8359375,
        13.40625,
        11.1171875,
        13.046875,
        12.1796875,
        12.6953125,
        12.3046875,
        11.8515625,
        12.109375,
        11.8046875,
        10.6640625,
        13.9375,
        12.765625,
        13.5078125,
        11.2890625,
        12.84375,
        12.46875,
        11.2265625,
        13.1953125,
        11.9921875,
        13.484375,
        12.3046875,
        13.1484375,
        12.3046875,
        13.5625,
        13.671875,
        10.140625,
        13.1484375,
        11.4921875,
        11.6484375,
        13.96875,
        12.9453125,
        10.5,
        10.8359375,
        12.2265625,
        14.578125,
        11.9921875,
        15.21875,
        13.1484375,
        11.828125,
        13.0703125,
        12.9140625,
        11.96875,
        11.6015625,
        12.8671875,
        14.1015625,
        13.640625,
        11.2890625,
        12.46875,
        12.28125,
        11.265625,
        13.9921875,
        14.21875,
        10.3984375,
        10.859375,
        13.1171875,
        13.8046875,
        13.1484375,
        11.265625,
        12.28125,
        11.53125,
        12.9921875,
        11.5546875,
        13.671875,
        11.09375,
        11.265625,
        10.296875,
        12.890625,
        8.9453125,
        12.5703125,
        13.40625,
        11.4921875,
        14.21875,
        11.7578125,
        11.09375,
        12.5703125
      ],
      "mean_perplexity": 12.357393292682927
    },
    "invalid_examples": [
      {
        "question": "Passage: .22 Winchester Magnum Rimfire -- The .22 Winchester Magnum Rimfire, also called .22 WMR, .22 Magnum, .22 MRF, or .22 Mag, is a rimfire cartridge. Originally loaded with a bullet weight of 40 grains (2.6 g) delivering velocities in the 2,000 feet per second (610 m/s) range from a rifle barrel, .22 WMR is now loaded with bullet weights ranging from 50 grains (3.2 g) at 1,530 feet per second (470 m/s) to 30 grains (1.9 g) at 2,200 feet per second (670 m/s). Accuracy around 1 MOA is achievable. Compared to the faster but lighter .17 HMR, the .22 WMR impacts targets with higher kinetic energy within its effective range, important for clean kills on larger small game such as coyote, albeit with a less flat-shooting bullet arc.\nQuestion: is 22 magnum and 22 wmr the same\nAnswer:",
        "response": "..... < < "
      },
      {
        "question": "Passage: HeLa -- Horizontal gene transfer from human papillomavirus 18 (HPV18) to human cervical cells created the HeLa genome, which is different from Henrietta Lacks' genome in various ways, including its number of chromosomes. HeLa cells are rapidly dividing cancer cells, and the number of chromosomes varied during cancer formation and cell culture. The current estimate (excluding very tiny fragments) is a ``hypertriploid chromosome number (3n+)'' which means 76 to 80 total chromosomes (rather than the normal diploid number of 46) with 22--25 clonally abnormal chromosomes, known as HeLa signature chromosomes.'' The signature chromosomes can be derived from multiple original chromosomes, making challenging summary counts based on original numbering. Researchers have also noted how stable these aberrant karyotypes can be:\nQuestion: do hela cells have a normal number of chromosomes\nAnswer:",
        "response": " He\u200b\u200b\u200b\u200b\u200b\u200b\u200b"
      },
      {
        "question": "Passage: I Can Only Imagine (film) -- I Can Only Imagine is a 2018 American Christian drama film directed by the Erwin Brothers and written by Alex Cramer, Jon Erwin, and Brent McCorkle, based on the story behind the MercyMe song of the same name, the best-selling Christian single of all time. The film stars J. Michael Finley as Bart Millard, the lead singer who wrote the song about his relationship with his father (Dennis Quaid). Madeline Carroll, Priscilla Shirer, Cloris Leachman, and Trace Adkins also star.\nQuestion: is i can only imagine movie true story\nAnswer:",
        "response": " I C C A A A A A"
      },
      {
        "question": "Passage: Pyruvic acid -- Pyruvic acid (CHCOCOOH) is the simplest of the alpha-keto acids, with a carboxylic acid and a ketone functional group. Pyruvate (/pa\u026a\u02c8ru\u02d0ve\u026at/), the conjugate base, CHCOCOO, is a key intermediate in several metabolic pathways.\nQuestion: is pyruvic acid and pyruvate the same thing\nAnswer:",