{
  "metadata": {
    "timestamp": "20241212_221020",
    "model_name": "meta-llama/Meta-Llama-3-8B",
    "num_pruned_layers": 3,
    "has_adapter": true,
    "task": "boolq"
  },
  "metrics": {
    "response_quality": {
      "total_responses": 3270,
      "valid_responses": 3263,
      "invalid_responses": 7,
      "invalid_percentage": 0.21406727828746178
    },
    "metrics": {
      "accuracy": 0.702727551333129,
      "evaluate_accuracy": {
        "accuracy": 0.7012232415902141
      },
      "precision": 0.7039321511179646,
      "recall": 0.9003944773175543,
      "f1": 0.7901341410644743,
      "total_evaluated": 3263,
      "confusion_matrix": {
        "true_positives": 1826,
        "true_negatives": 467,
        "false_positives": 768,
        "false_negatives": 202
      },
      "perplexities": [
        10.0234375,
        10.6484375,
        9.5234375,
        10.1015625,
        10.4375,
        9.4296875,
        9.65625,
        9.8046875,
        10.140625,
        10.875,
        11.375,
        10.296875,
        11.421875,
        10.1015625,
        8.7734375,
        8.9453125,
        10.75,
        12.3984375,
        11.9453125,
        10.2421875,
        8.7578125,
        9.4296875,
        9.0546875,
        8.5859375,
        12.109375,
        9.0859375,
        9.2890625,
        11.671875,
        10.484375,
        12.0390625,
        10.3984375,
        9.359375,
        9.453125,
        9.7890625,
        10.5234375,
        9.265625,
        10.1015625,
        11.78125,
        10.140625,
        8.7421875,
        8.5390625,
        9.5625,
        11.4453125,
        7.609375,
        9.9453125,
        9.2109375,
        10.5859375,
        10.421875,
        10.921875,
        9.3046875,
        9.640625,
        9.5078125,
        8.46875,
        11.3359375,
        9.5234375,
        10.8359375,
        11.78125,
        10.8125,
        10.21875,
        9.7890625,
        9.671875,
        9.109375,
        9.8046875,
        11.578125,
        11.828125,
        9.140625,
        9.0546875,
        9.125,
        10.2578125,
        8.5859375,
        10.5234375,
        10.8125,
        10.6484375,
        10.8984375,
        9.671875,
        11.265625,
        9.8828125,
        10.2421875,
        10.7734375,
        10.625,
        9.640625,
        9.65625,
        9.1953125,
        10.0390625,
        9.5234375,
        8.5390625,
        10.8125,
        13.8046875,
        10.6015625,
        10.5859375,
        10.8359375,
        9.828125,
        11.15625,
        9.3984375,
        9.453125,
        10.7265625,
        9.3203125,
        9.34375,
        11.1171875,
        10.21875,
        8.2734375,
        10.21875,
        11.2265625,
        11.2265625,
        9.1953125,
        10.3359375,
        9.734375,
        10.21875,
        10.0390625,
        9.984375,
        7.68359375,
        10.5234375,
        8.7578125,
        9.0546875,
        10.5,
        10.2421875,
        10.984375,
        11.4921875,
        9.3203125,
        9.234375,
        8.828125,
        9.140625,
        10.4375,
        9.34375,
        9.234375,
        9.3203125,
        10.3359375,
        11.2421875,
        11.46875,
        12.421875,
        10.7734375,
        9.0703125,
        10.3203125,
        9.5234375,
        10.21875,
        9.84375,
        9.734375,
        10.296875,
        9.9453125,
        7.97265625,
        11.828125,
        10.421875,
        11.1796875,
        9.484375,
        10.921875,
        9.90625,
        9.125,
        10.296875,
        9.8828125,
        11.7578125,
        10.359375,
        10.9609375,
        10.28125,
        10.9609375,
        11.53125,
        8.2265625,
        10.921875,
        9.265625,
        8.96875,
        11.578125,
        10.796875,
        8.5859375,
        8.9453125,
        9.484375,
        11.96875,
        9.6953125,
        12.6953125,
        10.6484375,
        10.0390625,
        10.859375,
        10.984375,
        9.4140625,
        9.5625,
        11.1171875,
        11.7421875,
        11.375,
        8.875,
        10.421875,
        10.28125,
        9.7734375,
        11.9453125,
        11.7421875,
        8.96875,
        9.015625,
        10.6875,
        11.2421875,
        11.09375,
        9.3203125,
        10.28125,
        9.46875,
        10.625,
        9.265625,
        11.03125,
        8.703125,
        9.2109375,
        8.0859375,
        10.21875,
        7.625,
        9.8671875,
        10.8125,
        9.5234375,
        11.6484375,
        9.546875,
        9.34375,
        10.3828125
      ],
      "mean_perplexity": 10.127858231707316
    },
    "invalid_examples": [
      {
        "question": "Passage: List of The Thundermans characters -- Billy Thunderman (Diego Velazquez) is the third-born Thunderman child. He is an energetic little brother to Phoebe and Max and older brother to Nora and Chloe. His superpower is super-speed. In one episode, it was revealed that Barb gave birth to Billy in the air while her husband was transporting her to a hospital, implying that Billy likely hit his head after birth, which is probably why he is sometimes unintelligent.\nQuestion: are billy and nora from the thundermans twins\nAnswer:",
        "response": " Billy and \u00a0\u00a0\u00a0\u00a0\u00a0"
      },
      {
        "question": "Passage: Dramaturgy (sociology) -- Dramaturgy is a sociological perspective commonly used in microsociological accounts of social interaction in everyday life. The term was first adapted into sociology from the theatre by Erving Goffman, who developed most of the related terminology and ideas in his 1959 book, The Presentation of Self in Everyday Life. Kenneth Burke, whom Goffman would later acknowledge as an influence, had earlier presented his notions of dramatism in 1945, which in turn derives from Shakespeare. However, the fundamental difference between Burke's and Goffman's view is that Burke believed that life was in fact theatre, whereas Goffman viewed theatre as a metaphor. If we imagine ourselves as directors observing what goes on in the theatre of everyday life, we are doing what Goffman called dramaturgical analysis, the study of social interaction in terms of theatrical performance.\nQuestion: is the sociologist associated with the dramaturgical model of social interaction\nAnswer:",
        "response": " G G G \n/ / / /"
      },
      {
        "question": "Passage: Vauxhall station -- Vauxhall (/\u02c8v\u0252ks\u0254\u02d0l/, VOK-sawl) is a National Rail, London Underground and London Buses interchange station in central London. It is at the Vauxhall Cross road junction opposite the southern approach to Vauxhall Bridge over the River Thames in the district of Vauxhall. The station is on the boundary of zones 1 and 2 of the London Travelcard area and, although a through station, it is classed as a central London terminus for ticketing purposes.\nQuestion: is vauxhall station in zone 1 or 2\nAnswer:",
        "response": " V  A X  _ _ _"
      },
      {
        "question": "Passage: 8 Seconds -- 8 Seconds is a 1994 American biographical drama film directed by John G. Avildsen. Its title refers to the length of time a bull rider is required to stay on for a ride to be scored. It stars Luke Perry as American rodeo legend Lane Frost and focuses on his life and career as a bull riding champion. It also features Stephen Baldwin as Tuff Hedeman, and Red Mitchell as Cody Lambert. Notably, there is an early appearance by Ren\u00e9e Zellweger.\nQuestion: was renee zellweger in 8 seconds the movie\nAnswer:",