{
  "metadata": {
    "timestamp": "20241212_224156",
    "model_name": "meta-llama/Meta-Llama-3-8B",
    "num_pruned_layers": 18,
    "has_adapter": true,
    "task": "boolq"
  },
  "metrics": {
    "response_quality": {
      "total_responses": 3270,
      "valid_responses": 2633,
      "invalid_responses": 637,
      "invalid_percentage": 19.480122324159023
    },
    "metrics": {
      "accuracy": 0.6057728826433726,
      "evaluate_accuracy": {
        "accuracy": 0.4877675840978593
      },
      "precision": 0.6107668474051123,
      "recall": 0.9795031055900622,
      "f1": 0.7523854961832062,
      "total_evaluated": 2633,
      "confusion_matrix": {
        "true_positives": 1577,
        "true_negatives": 18,
        "false_positives": 1005,
        "false_negatives": 33
      },
      "perplexities": [
        41.875,
        38.9375,
        39.875,
        40.09375,
        41.28125,
        38.34375,
        39.46875,
        41.21875,
        38.1875,
        47.71875,
        42.4375,
        40.5625,
        42.28125,
        43.1875,
        39.03125,
        40.90625,
        40.5625,
        46.78125,
        45.1875,
        42.34375,
        45.96875,
        35.8125,
        35.875,
        41.46875,
        45.875,
        34.5,
        44.375,
        40.8125,
        41.0625,
        48.0,
        44.8125,
        34.90625,
        40.34375,
        44.21875,
        44.8125,
        37.59375,
        39.9375,
        47.90625,
        42.59375,
        35.53125,
        34.5625,
        38.5625,
        46.4375,
        36.5,
        41.46875,
        39.875,
        43.375,
        44.21875,
        40.03125,
        38.71875,
        42.4375,
        42.6875,
        37.59375,
        40.25,
        44.21875,
        48.09375,
        44.90625,
        46.96875,
        37.0,
        42.59375,
        45.1875,
        37.75,
        39.1875,
        48.09375,
        49.53125,
        40.96875,
        40.8125,
        42.34375,
        40.5625,
        38.71875,
        44.90625,
        45.875,
        47.4375,
        39.03125,
        41.21875,
        46.6875,
        40.5,
        39.46875,
        41.9375,
        42.6875,
        41.6875,
        43.96875,
        35.8125,
        40.25,
        39.875,
        35.8125,
        47.0625,
        55.25,
        48.28125,
        46.34375,
        43.4375,
        41.9375,
        45.875,
        49.40625,
        42.1875,
        40.09375,
        32.71875,
        38.875,
        47.0625,
        45.625,
        32.03125,
        46.53125,
        41.53125,
        43.375,
        39.71875,
        38.875,
        39.40625,
        45.4375,
        43.375,
        39.71875,
        33.0625,
        42.84375,
        39.46875,
        36.71875,
        44.8125,
        56.34375,
        46.25,
        43.625,
        40.09375,
        39.71875,
        39.40625,
        38.78125,
        45.1875,
        41.21875,
        39.03125,
        37.90625,
        47.4375,
        39.40625,
        45.34375,
        49.625,
        44.90625,
        39.78125,
        44.375,
        42.53125,
        43.875,
        41.28125,
        38.40625,
        41.78125,
        40.8125,
        40.25,
        43.78125,
        42.84375,
        42.78125,
        35.03125,
        43.03125,
        45.09375,
        39.5625,
        45.71875,
        44.46875,
        45.71875,
        40.8125,
        45.8125,
        40.90625,
        47.0625,
        47.15625,
        39.78125,
        40.34375,
        36.8125,
        39.1875,
        45.09375,
        43.1875,
        33.84375,
        35.375,
        45.8125,
        49.21875,
        44.375,
        52.09375,
        42.28125,
        40.71875,
        42.34375,
        40.65625,
        39.78125,
        39.46875,
        40.71875,
        50.0,
        45.0,
        39.46875,
        40.5625,
        45.71875,
        35.25,
        48.09375,
        46.96875,
        36.5,
        35.59375,
        47.625,
        42.59375,
        45.625,
        36.875,
        39.25,
        42.53125,
        43.03125,
        42.03125,
        44.65625,
        41.21875,
        38.03125,
        38.5,
        47.34375,
        25.546875,
        45.34375,
        44.46875,
        40.1875,
        46.0625,
        39.625,
        35.3125,
        42.34375
      ],
      "mean_perplexity": 41.99108231707317
    },
    "invalid_examples": [
      {
        "question": "Passage: Barq's -- Barq's /\u02c8b\u0251\u02d0rks/ is an American soft drink. Its brand of root beer is notable for having caffeine. Barq's, created by Edward Barq and bottled since the turn of the 20th century, is owned by the Barq family but bottled by the Coca-Cola Company. It was known as Barq's Famous Olde Tyme Root Beer until 2012.\nQuestion: is barq's root beer a pepsi product\nAnswer:",
        "response": " Barnhhh\u00a0  "
      },
      {
        "question": "Passage: American entry into Canada by land -- Persons driving into Canada must have their vehicle's registration document and proof of insurance.\nQuestion: can u drive in canada with us license\nAnswer:",
        "response": " can     ) ("
      },
      {
        "question": "Passage: 2018 FIFA World Cup knockout stage -- The knockout stage of the 2018 FIFA World Cup was the second and final stage of the competition, following the group stage. It began on 30 June with the round of 16 and ended on 15 July with the final match, held at the Luzhniki Stadium in Moscow. The top two teams from each group (16 in total) advanced to the knockout stage to compete in a single-elimination style tournament. A third place play-off was also played between the two losing teams of the semi-finals.\nQuestion: is there a play off for third place in the world cup\nAnswer:",
        "response": "      \u201d\u201d"
      },
      {
        "question": "Passage: Alcohol laws of Wisconsin -- The drinking age in Wisconsin is 21. Those under the legal drinking age may be served, possess, or consume alcohol if they are with a parent, legal guardian, or spouse who is of legal drinking age. Those age 18-20 may also be served, possess or consumer alcohol if they are with a parent, legal guardian, or spouse who is of legal drinking age. Those age 18 to 20 may also possess (but not consume) alcohol as part of their employment.\nQuestion: can you drink alcohol with your parents in wisconsin\nAnswer:",
        "response": " can     ) ("
      },
      {
        "question": "Passage: Break-in (mechanical run-in) -- A new engine is broken in by following specific driving guidelines during the first few hours of its use. The focus of breaking in an engine is on the contact between the piston rings of the engine and the cylinder wall. There is no universal preparation or set of instructions for breaking in an engine. Most importantly, experts disagree on whether it is better to start engines on high or low power to break them in. While there are still consequences to an unsuccessful break-in, they are harder to quantify on modern engines than on older models. In general, people no longer break in the engines of their own vehicles after purchasing a car or motorcycle, because the process is done in production. It is still common, even today, to find that an owner's manual recommends gentle use at first (often specified as the first 500 or 1000 kilometres or miles). But it is usually only normal use without excessive demands that is specified, as opposed to light/limited use. For example, the manual will specify that the car be driven normally, but not in excess of the highway speed limit.\nQuestion: do you need to break in a car\nAnswer:",