{
  "metadata": {
    "timestamp": "20241212_222007",
    "model_name": "meta-llama/Meta-Llama-3-8B",
    "num_pruned_layers": 5,
    "has_adapter": true,
    "task": "boolq"
  },
  "metrics": {
    "response_quality": {
      "total_responses": 3270,
      "valid_responses": 3261,
      "invalid_responses": 9,
      "invalid_percentage": 0.27522935779816515
    },
    "metrics": {
      "accuracy": 0.7163446795461514,
      "evaluate_accuracy": {
        "accuracy": 0.7143730886850153
      },
      "precision": 0.7077212806026365,
      "recall": 0.9265285996055227,
      "f1": 0.802477044629511,
      "total_evaluated": 3261,
      "confusion_matrix": {
        "true_positives": 1879,
        "true_negatives": 457,
        "false_positives": 776,
        "false_negatives": 149
      },
      "perplexities": [
        11.3984375,
        11.6015625,
        10.6015625,
        11.265625,
        11.421875,
        10.28125,
        11.1171875,
        10.625,
        11.3359375,
        12.59375,
        12.421875,
        11.421875,
        12.5234375,
        11.4921875,
        9.984375,
        10.296875,
        11.8515625,
        13.5625,
        12.8203125,
        11.2421875,
        10.3828125,
        10.546875,
        10.21875,
        10.0390625,
        13.640625,
        9.921875,
        10.6875,
        12.5703125,
        11.4921875,
        13.5390625,
        11.71875,
        10.2578125,
        10.4609375,
        11.03125,
        11.6953125,
        10.1796875,
        11.1328125,
        12.8203125,
        11.203125,
        9.828125,
        9.2109375,
        10.484375,
        12.7890625,
        8.875,
        11.046875,
        10.28125,
        11.78125,
        11.8984375,
        11.6484375,
        10.3984375,
        11.09375,
        11.0078125,
        9.46875,
        12.109375,
        11.09375,
        12.328125,
        13.171875,
        11.9921875,
        10.984375,
        10.921875,
        10.8359375,
        10.2578125,
        11.2265625,
        12.96875,
        13.1171875,
        10.2578125,
        10.421875,
        10.5625,
        11.53125,
        9.828125,
        11.4921875,
        12.2578125,
        12.28125,
        11.8046875,
        11.0078125,
        12.1796875,
        11.046875,
        11.5546875,
        11.625,
        12.2265625,
        10.9453125,
        11.15625,
        9.8671875,
        11.3359375,
        10.5859375,
        9.578125,
        12.0859375,
        15.046875,
        12.2578125,
        12.0625,
        11.8515625,
        11.0078125,
        12.6953125,
        11.1328125,
        10.6875,
        11.8984375,
        10.21875,
        10.1953125,
        12.203125,
        11.3515625,
        9.375,
        11.46875,
        11.9921875,
        12.3515625,
        10.5234375,
        11.3515625,
        10.7109375,
        11.53125,
        11.1796875,
        11.1328125,
        8.65625,
        11.4921875,
        10.0390625,
        10.15625,
        12.015625,
        12.71875,
        12.3046875,
        12.59375,
        10.3984375,
        10.6484375,
        9.984375,
        10.5234375,
        11.8046875,
        10.5234375,
        10.5234375,
        10.3828125,
        11.421875,
        12.203125,
        12.765625,
        13.5390625,
        12.1796875,
        10.1171875,
        11.875,
        10.921875,
        11.421875,
        11.1796875,
        10.9609375,
        11.1328125,
        11.046875,
        9.5234375,
        12.9453125,
        11.6484375,
        12.4453125,
        10.296875,
        11.9453125,
        11.1171875,
        10.15625,
        11.8046875,
        10.9453125,
        12.5234375,
        11.3984375,
        12.15625,
        11.375,
        12.203125,
        12.7421875,
        9.125,
        11.921875,
        10.5234375,
        10.4375,
        12.9140625,
        11.8984375,
        9.65625,
        9.9609375,
        11.03125,
        13.3828125,
        10.859375,
        13.8828125,
        12.15625,
        10.9609375,
        11.8515625,
        12.015625,
        10.75,
        10.75,
        12.109375,
        12.890625,
        12.4921875,
        10.078125,
        11.46875,
        11.203125,
        10.5234375,
        12.890625,
        13.015625,
        9.7890625,
        10.1015625,
        12.109375,
        12.59375,
        12.28125,
        10.2421875,
        11.3515625,
        10.5625,
        11.96875,
        10.5234375,
        12.1796875,
        9.9609375,
        10.28125,
        9.3203125,
        11.4453125,
        8.40625,
        11.3515625,
        12.0625,
        10.6484375,
        12.8671875,
        10.7734375,
        10.359375,
        11.4921875
      ],
      "mean_perplexity": 11.308574695121951
    },
    "invalid_examples": [
      {
        "question": "Passage: Vauxhall station -- Vauxhall (/\u02c8v\u0252ks\u0254\u02d0l/, VOK-sawl) is a National Rail, London Underground and London Buses interchange station in central London. It is at the Vauxhall Cross road junction opposite the southern approach to Vauxhall Bridge over the River Thames in the district of Vauxhall. The station is on the boundary of zones 1 and 2 of the London Travelcard area and, although a through station, it is classed as a central London terminus for ticketing purposes.\nQuestion: is vauxhall station in zone 1 or 2\nAnswer:",
        "response": " V\n() 1.\t"
      },
      {
        "question": "Passage: Izzie Stevens -- Izzie makes a treatment error that endangers the life of a patient, and is fired from the hospital's surgical program. Believing Alex is partially to blame, she writes him a Dear John letter and leaves. Izzie later learns that Alex was not responsible for her lost job, and returns to make amends with him, but Meredith informs her that Alex is moving on. Izzie informs Alex that she no longer has cancer. Although he is pleased, Alex officially breaks up with Izzie, telling her that he loves her but deserves better. She leaves Seattle to start fresh. Several episodes later, Alex informs Meredith that Izzie sent divorce papers, which he signs in the episode ``How Insensitive''. In the sixth-season finale, Alex is shot and asks for Izzie. Imagining that Meredith's half-sister Lexie (Chyler Leigh) is Izzie, he apologizes and asks her never to leave him again. In the 300th episode, Alex reveals he never found out what happened to Izzie, but envisions a perfect, happy life for her, always smiling, now that he has moved on.\nQuestion: did izzie stevens die on grey's anatomy\nAnswer:",
        "response": " I I I I I I I I"
      },
      {
        "question": "Passage: .223 Remington -- The .223 Remington (.223 Rem) is a rifle cartridge. It started as the .222 Special and was renamed .223 Remington. It is commercially loaded with 0.224 inch (5.7 mm) diameter jacketed bullets, with weights ranging from 40 to 85 grains (2.6 to 5.8 g), with the most common loading by far being 55 grains (3.6 g). Ninety and ninety-five grain Sierra Matchking bullets are available for reloaders. The .223 Rem was first offered to the civilian sporting market in December 1963 in the Remington 760 rifle. In 1964 the .223 Rem cartridge was adopted for use in the Colt M16 rifle which became an alternate standard rifle of the U.S. Army. The military version of the cartridge uses a 55 gr full metal jacket boat tail design and was designated M193. In 1980 NATO modified the .223 Remington into a new design which is designated 5.56\u00d745mm NATO type SS109.\nQuestion: can you use .224 bullets in a .223\nAnswer:",