{
  "metadata": {
    "timestamp": "20241212_222849",
    "model_name": "meta-llama/Meta-Llama-3-8B",
    "num_pruned_layers": 9,
    "has_adapter": true,
    "task": "boolq"
  },
  "metrics": {
    "response_quality": {
      "total_responses": 3270,
      "valid_responses": 3259,
      "invalid_responses": 11,
      "invalid_percentage": 0.3363914373088685
    },
    "metrics": {
      "accuracy": 0.6219699294262043,
      "evaluate_accuracy": {
        "accuracy": 0.6198776758409786
      },
      "precision": 0.622565687789799,
      "recall": 0.994567901234568,
      "f1": 0.7657794676806083,
      "total_evaluated": 3259,
      "confusion_matrix": {
        "true_positives": 2014,
        "true_negatives": 13,
        "false_positives": 1221,
        "false_negatives": 11
      },
      "perplexities": [
        13.78125,
        13.7265625,
        12.96875,
        13.8046875,
        13.4296875,
        12.109375,
        13.5625,
        12.9140625,
        13.3828125,
        15.4609375,
        14.609375,
        13.2734375,
        14.8671875,
        13.828125,
        12.328125,
        12.5234375,
        14.3515625,
        15.890625,
        15.578125,
        13.8046875,
        13.5390625,
        12.421875,
        12.0625,
        12.59375,
        15.5546875,
        11.8515625,
        14.15625,
        14.8671875,
        13.5078125,
        15.984375,
        14.8984375,
        11.96875,
        12.375,
        13.671875,
        13.671875,
        12.109375,
        13.78125,
        15.1328125,
        13.75,
        11.7578125,
        11.2265625,
        12.59375,
        15.015625,
        10.9453125,
        13.78125,
        12.2265625,
        14.1015625,
        14.046875,
        13.1171875,
        12.4453125,
        13.640625,
        13.59375,
        11.7578125,
        13.9921875,
        13.1171875,
        15.609375,
        15.640625,
        14.8125,
        13.1171875,
        13.8046875,
        14.1875,
        12.6953125,
        13.5390625,
        15.4609375,
        15.25,
        12.6640625,
        12.765625,
        12.71875,
        13.640625,
        11.9921875,
        13.6171875,
        14.8359375,
        14.75,
        13.828125,
        13.1171875,
        14.5546875,
        13.2265625,
        13.6171875,
        13.9921875,
        14.578125,
        13.1484375,
        13.78125,
        11.671875,
        13.78125,
        12.4453125,
        11.6953125,
        14.8125,
        17.9375,
        14.75,
        14.578125,
        13.78125,
        13.7265625,
        15.21875,
        14.5234375,
        13.2265625,
        13.96875,
        11.96875,
        12.4921875,
        14.9296875,
        14.2734375,
        11.15625,
        14.8359375,
        14.1015625,
        15.3984375,
        12.6953125,
        13.5390625,
        13.015625,
        14.6953125,
        13.4609375,
        13.5390625,
        10.7734375,
        13.9921875,
        12.5703125,
        12.375,
        14.4375,
        16.453125,
        14.8984375,
        14.46875,
        12.8203125,
        12.546875,
        12.640625,
        12.59375,
        14.296875,
        13.1953125,
        12.6640625,
        12.328125,
        13.9921875,
        14.0234375,
        15.1328125,
        16.90625,
        14.046875,
        12.28125,
        14.5234375,
        13.484375,
        13.75,
        13.40625,
        12.890625,
        13.640625,
        13.6171875,
        12.4453125,
        14.984375,
        14.21875,
        14.8671875,
        12.3515625,
        14.15625,
        13.9921875,
        12.4453125,
        14.8671875,
        14.1328125,
        14.8125,
        13.2734375,
        15.21875,
        13.1484375,
        14.78125,
        15.21875,
        11.6484375,
        13.640625,
        12.109375,
        12.421875,
        15.3984375,
        14.3515625,
        11.5546875,
        12.328125,
        13.9375,
        15.828125,
        13.4296875,
        16.90625,
        14.4375,
        13.59375,
        14.3515625,
        14.328125,
        13.484375,
        13.328125,
        14.21875,
        15.3671875,
        14.8984375,
        12.6953125,
        13.640625,
        13.671875,
        12.2265625,
        15.703125,
        16.140625,
        11.6484375,
        12.28125,
        14.4375,
        14.953125,
        14.8125,
        12.46875,
        13.5390625,
        12.5703125,
        14.609375,
        12.3515625,
        14.6953125,
        12.7890625,
        12.546875,
        11.2890625,
        14.2421875,
        9.984375,
        14.2421875,
        14.984375,
        12.9453125,
        15.4921875,
        12.7890625,
        12.015625,
        13.8828125
      ],
      "mean_perplexity": 13.675571646341464
    },
    "invalid_examples": [
      {
        "question": "Passage: Homily -- A homily is a commentary that follows a reading of scripture. In Catholic, Anglican, Lutheran, and Eastern Orthodox Churches, a homily is usually given during Mass (Divine Liturgy or Holy Qurbana for Orthodox and Eastern Catholic Churches, and Divine Service for the Lutheran Church) at the end of the Liturgy of the Word. Many people consider it synonymous with a sermon.\nQuestion: is a sermon the same as a homily\nAnswer:",
        "response": " () () () ()"
      },
      {
        "question": "Passage: I Can Only Imagine (film) -- I Can Only Imagine is a 2018 American Christian drama film directed by the Erwin Brothers and written by Alex Cramer, Jon Erwin, and Brent McCorkle, based on the story behind the MercyMe song of the same name, the best-selling Christian single of all time. The film stars J. Michael Finley as Bart Millard, the lead singer who wrote the song about his relationship with his father (Dennis Quaid). Madeline Carroll, Priscilla Shirer, Cloris Leachman, and Trace Adkins also star.\nQuestion: is i can only imagine movie true story\nAnswer:",
        "response": " I I I I I I I I"
      },
      {
        "question": "Passage: Organ (anatomy) -- Organs are composed of main tissue, parenchyma, and ``sporadic'' tissues, stroma. The main tissue is that which is unique for the specific organ, such as the myocardium, the main tissue of the heart, while sporadic tissues include the nerves, blood vessels, and connective tissues. The main tissues that make up an organ tend to have common embryologic origins, such as arising from the same germ layer. Functionally-related organs often cooperate to form whole organ systems. Organs exist in all organisms. In single-celled organisms such as bacteria, the functional analogue of an organ is known as an organelle. In plants there are three main organs. A hollow organ is an internal organ that forms a hollow tube, or pouch such as the stomach, intestine, or bladder.\nQuestion: is there overlap between the different organ systems in a vertebrate\nAnswer:",
        "response": " () () () ()"
      },
      {
        "question": "Passage: Taken (TV series) -- Taken is a crime drama series based on the film trilogy of the same name. The series acts as a modern-day origin story. Clive Standen stars as a younger version of Bryan Mills, the character played by Liam Neeson in the trilogy. The series was commissioned with a straight-to-series-order in September 2015. The series premiered on February 27, 2017, on NBC. NBC renewed the series for a second season of 16 episodes on May 9, 2017, which premiered on January 12, 2018. NBC removed the series from its schedule on April 18, 2018, and then announced that it would return on May 26, 2018. NBC canceled the series on May 11, 2018 and the final episode aired on June 30.\nQuestion: is the tv show taken still on the air\nAnswer:",