{
  "metadata": {
    "timestamp": "20241212_223250",
    "model_name": "meta-llama/Meta-Llama-3-8B",
    "num_pruned_layers": 15,
    "has_adapter": false,
    "task": "boolq"
  },
  "metrics": {
    "response_quality": {
      "total_responses": 3270,
      "valid_responses": 1161,
      "invalid_responses": 2109,
      "invalid_percentage": 64.4954128440367
    },
    "metrics": {
      "accuracy": 0.6167097329888027,
      "evaluate_accuracy": {
        "accuracy": 0.21896024464831804
      },
      "precision": 0.6735357917570499,
      "recall": 0.8117647058823529,
      "f1": 0.7362181387077652,
      "total_evaluated": 1161,
      "confusion_matrix": {
        "true_positives": 621,
        "true_negatives": 95,
        "false_positives": 301,
        "false_negatives": 144
      },
      "perplexities": [
        3512.0,
        2452.0,
        3828.0,
        2662.0,
        2980.0,
        3858.0,
        3124.0,
        2724.0,
        2866.0,
        3124.0,
        3148.0,
        3950.0,
        1902.0,
        4140.0,
        3596.0,
        3458.0,
        3300.0,
        2232.0,
        2348.0,
        3486.0,
        4952.0,
        2856.0,
        2064.0,
        3432.0,
        3378.0,
        2672.0,
        4952.0,
        2376.0,
        3326.0,
        2946.0,
        3950.0,
        2890.0,
        2812.0,
        3352.0,
        3858.0,
        2812.0,
        3980.0,
        3458.0,
        2934.0,
        3652.0,
        4372.0,
        2856.0,
        2640.0,
        4336.0,
        4140.0,
        3458.0,
        4140.0,
        2834.0,
        3004.0,
        3858.0,
        3950.0,
        2970.0,
        3680.0,
        2580.0,
        3274.0,
        3858.0,
        2424.0,
        3378.0,
        2540.0,
        3404.0,
        3624.0,
        2900.0,
        3828.0,
        2958.0,
        3224.0,
        3378.0,
        4172.0,
        4042.0,
        2250.0,
        4140.0,
        4108.0,
        4372.0,
        3540.0,
        3076.0,
        4172.0,
        3858.0,
        3540.0,
        2630.0,
        2800.0,
        2980.0,
        4236.0,
        4074.0,
        4372.0,
        4616.0,
        4304.0,
        5152.0,
        2640.0,
        3148.0,
        4108.0,
        3326.0,
        3888.0,
        3076.0,
        4544.0,
        6068.0,
        4440.0,
        3352.0,
        2386.0,
        2890.0,
        3004.0,
        3710.0,
        3248.0,
        4172.0,
        2570.0,
        2924.0,
        4336.0,
        3004.0,
        2800.0,
        3486.0,
        2834.0,
        3858.0,
        3486.0,
        3652.0,
        4272.0,
        2746.0,
        3124.0,
        4652.0,
        3568.0,
        2970.0,
        3624.0,
        4336.0,
        4580.0,
        3458.0,
        3224.0,
        3486.0,
        4204.0,
        2340.0,
        6312.0,
        4140.0,
        3028.0,
        3174.0,
        3326.0,
        3568.0,
        3352.0,
        2980.0,
        2682.0,
        3274.0,
        3076.0,
        3710.0,
        3680.0,
        4876.0,
        2756.0,
        2714.0,
        2844.0,
        3326.0,
        2822.0,
        4764.0,
        3100.0,
        3624.0,
        3352.0,
        2924.0,
        3100.0,
        4236.0,
        3248.0,
        3404.0,
        2756.0,
        4580.0,
        2376.0,
        3052.0,
        4800.0,
        4042.0,
        3710.0,
        4372.0,
        2946.0,
        2890.0,
        3540.0,
        4544.0,
        2540.0,
        2890.0,
        2800.0,
        3624.0,
        3326.0,
        3652.0,
        2778.0,
        2704.0,
        3274.0,
        2934.0,
        4476.0,
        2041.0,
        3198.0,
        2348.0,
        3980.0,
        2958.0,
        3300.0,
        3224.0,
        3486.0,
        2590.0,
        3432.0,
        3596.0,
        2694.0,
        3174.0,
        4404.0,
        3858.0,
        3680.0,
        4304.0,
        2746.0,
        4764.0,
        4404.0,
        3274.0,
        4404.0,
        2442.0,
        3652.0,
        2500.0,
        3052.0,
        2590.0,
        5744.0
      ],
      "mean_perplexity": 3447.5853658536585
    },
    "invalid_examples": [
      {
        "question": "Passage: Property tax -- Property tax or 'house tax' is a local tax on buildings, along with appurtenant land. It is and imposed on the Possessor (not the custodian of property as per 1978, 44th amendment of constitution). It resembles the US-type wealth tax and differs from the excise-type UK rate. The tax power is vested in the states and is delegated to local bodies, specifying the valuation method, rate band, and collection procedures. The tax base is the annual rental value (ARV) or area-based rating. Owner-occupied and other properties not producing rent are assessed on cost and then converted into ARV by applying a percentage of cost, usually four percent. Vacant land is generally exempt. Central government properties are exempt. Instead a 'service charge' is permissible under executive order. Properties of foreign missions also enjoy tax exemption without requiring reciprocity. The tax is usually accompanied by service taxes, e.g., water tax, drainage tax, conservancy (sanitation) tax, lighting tax, all using the same tax base. The rate structure is flat on rural (panchayat) properties, but in the urban (municipal) areas it is mildly progressive with about 80% of assessments falling in the first two brackets.\nQuestion: is house tax and property tax are same\nAnswer:",
        "response": "\u00a0& Vendwendeworld Gould Gould Gould"
      },
      {
        "question": "Passage: Hydroxyzine -- Hydroxyzine preparations require a doctor's prescription. The drug is available in two formulations, the pamoate and the dihydrochloride or hydrochloride salts. Vistaril, Equipose, Masmoran, and Paxistil are preparations of the pamoate salt, while Atarax, Alamon, Aterax, Durrax, Tran-Q, Orgatrax, Quiess, and Tranquizine are of the hydrochloride salt.\nQuestion: is there a difference between hydroxyzine hcl and hydroxyzine pam\nAnswer:",
        "response": ",,,,,,,,"
      },
      {
        "question": "Passage: Barq's -- Barq's /\u02c8b\u0251\u02d0rks/ is an American soft drink. Its brand of root beer is notable for having caffeine. Barq's, created by Edward Barq and bottled since the turn of the 20th century, is owned by the Barq family but bottled by the Coca-Cola Company. It was known as Barq's Famous Olde Tyme Root Beer until 2012.\nQuestion: is barq's root beer a pepsi product\nAnswer:",
        "response": "\u00a0& Vendwendeworld Gould Gould Gould"
      },
      {
        "question": "Passage: Parity (mathematics) -- In mathematics, parity is the property of an integer's inclusion in one of two categories: even or odd. An integer is even if it is evenly divisible by two and odd if it is not even. For example, 6 is even because there is no remainder when dividing it by 2. By contrast, 3, 5, 7, 21 leave a remainder of 1 when divided by 2. Examples of even numbers include \u22124, 0, 82 and 178. In particular, zero is an even number. Some examples of odd numbers are \u22125, 3, 29, and 73.\nQuestion: can an odd number be divided by an even number\nAnswer:",
        "response": "\u00a0&&{{{\ufffd\ufffd\ufffd\ufffd"
      },
      {
        "question": "Passage: American entry into Canada by land -- Persons driving into Canada must have their vehicle's registration document and proof of insurance.\nQuestion: can u drive in canada with us license\nAnswer:",