{
  "metadata": {
    "timestamp": "20241212_224707",
    "model_name": "meta-llama/Meta-Llama-3-8B",
    "num_pruned_layers": 23,
    "has_adapter": true,
    "task": "boolq"
  },
  "metrics": {
    "response_quality": {
      "total_responses": 3270,
      "valid_responses": 2268,
      "invalid_responses": 1002,
      "invalid_percentage": 30.642201834862387
    },
    "metrics": {
      "accuracy": 0.5952380952380952,
      "evaluate_accuracy": {
        "accuracy": 0.41284403669724773
      },
      "precision": 0.5970744680851063,
      "recall": 0.9933628318584071,
      "f1": 0.7458471760797342,
      "total_evaluated": 2268,
      "confusion_matrix": {
        "true_positives": 1347,
        "true_negatives": 3,
        "false_positives": 909,
        "false_negatives": 9
      },
      "perplexities": [
        57.90625,
        54.59375,
        57.0,
        55.90625,
        55.90625,
        52.5,
        55.6875,
        55.6875,
        57.21875,
        66.125,
        59.71875,
        56.78125,
        55.25,
        59.28125,
        53.65625,
        56.78125,
        57.4375,
        63.59375,
        61.875,
        62.125,
        66.875,
        50.5,
        48.75,
        58.5625,
        62.34375,
        47.53125,
        61.375,
        54.59375,
        55.46875,
        65.875,
        59.5,
        51.28125,
        56.125,
        61.625,
        61.15625,
        52.5,
        55.6875,
        67.6875,
        60.4375,
        49.625,
        48.5625,
        53.4375,
        62.125,
        50.5,
        57.0,
        53.96875,
        59.96875,
        59.71875,
        55.25,
        53.75,
        58.34375,
        61.15625,
        53.65625,
        55.25,
        60.1875,
        64.3125,
        59.28125,
        63.34375,
        52.71875,
        61.375,
        63.84375,
        53.125,
        54.0625,
        67.6875,
        66.875,
        56.5625,
        56.34375,
        59.5,
        57.0,
        53.4375,
        61.625,
        63.34375,
        66.375,
        53.75,
        56.78125,
        63.84375,
        58.125,
        55.90625,
        58.34375,
        61.15625,
        58.34375,
        63.34375,
        51.78125,
        60.1875,
        56.125,
        51.28125,
        65.625,
        75.8125,
        66.375,
        68.1875,
        60.65625,
        57.0,
        67.4375,
        67.9375,
        61.15625,
        55.6875,
        45.1875,
        56.5625,
        65.875,
        63.84375,
        44.375,
        63.34375,
        59.96875,
        59.96875,
        57.21875,
        55.90625,
        52.3125,
        61.625,
        60.90625,
        55.03125,
        47.34375,
        59.71875,
        54.59375,
        50.78125,
        66.125,
        79.4375,
        65.875,
        61.15625,
        56.78125,
        54.28125,
        55.46875,
        54.1875,
        63.59375,
        59.28125,
        54.8125,
        53.4375,
        64.5625,
        52.5,
        63.59375,
        69.0,
        63.34375,
        56.5625,
        63.59375,
        57.4375,
        64.3125,
        54.59375,
        53.03125,
        57.65625,
        55.6875,
        56.125,
        61.875,
        58.34375,
        57.21875,
        50.0,
        59.71875,
        64.5625,
        54.28125,
        66.125,
        62.59375,
        63.84375,
        54.375,
        65.625,
        55.03125,
        65.375,
        63.59375,
        60.1875,
        54.59375,
        48.28125,
        55.90625,
        64.3125,
        60.65625,
        45.625,
        49.03125,
        64.8125,
        70.625,
        62.84375,
        73.75,
        56.34375,
        56.78125,
        55.25,
        55.90625,
        55.03125,
        55.03125,
        57.90625,
        67.1875,
        60.90625,
        55.03125,
        55.46875,
        68.5,
        51.59375,
        66.125,
        65.0625,
        49.3125,
        52.09375,
        66.125,
        59.03125,
        62.125,
        49.71875,
        55.46875,
        57.4375,
        61.875,
        60.90625,
        59.5,
        59.96875,
        54.5,
        53.21875,
        65.875,
        35.8125,
        60.1875,
        60.90625,
        54.28125,
        64.3125,
        56.125,
        48.1875,
        63.84375
      ],
      "mean_perplexity": 58.52774390243903
    },
    "invalid_examples": [
      {
        "question": "Passage: Barq's -- Barq's /\u02c8b\u0251\u02d0rks/ is an American soft drink. Its brand of root beer is notable for having caffeine. Barq's, created by Edward Barq and bottled since the turn of the 20th century, is owned by the Barq family but bottled by the Coca-Cola Company. It was known as Barq's Famous Olde Tyme Root Beer until 2012.\nQuestion: is barq's root beer a pepsi product\nAnswer:",
        "response": " Barbaral,,,,,"
      },
      {
        "question": "Passage: Parity (mathematics) -- In mathematics, parity is the property of an integer's inclusion in one of two categories: even or odd. An integer is even if it is evenly divisible by two and odd if it is not even. For example, 6 is even because there is no remainder when dividing it by 2. By contrast, 3, 5, 7, 21 leave a remainder of 1 when divided by 2. Examples of even numbers include \u22124, 0, 82 and 178. In particular, zero is an even number. Some examples of odd numbers are \u22125, 3, 29, and 73.\nQuestion: can an odd number be divided by an even number\nAnswer:",
        "response": " 1      "
      },
      {
        "question": "Passage: List of English words containing Q not followed by U -- Of the 71 words in this list, 67 are nouns, and most would generally be considered loanwords; the only modern-English words that contain Q not followed by U and are not borrowed from another language are qiana, qwerty, and tranq. However, all of the loanwords on this list are considered to be naturalised in English according to at least one major dictionary (see References), often because they refer to concepts or societal roles that do not have an accurate equivalent in English. For words to appear here, they must appear in their own entry in a dictionary; words which occur only as part of a longer phrase are not included.\nQuestion: is there a word with q without u\nAnswer:",
        "response": " q q q p p p p p"
      },
      {
        "question": "Passage: American entry into Canada by land -- Persons driving into Canada must have their vehicle's registration document and proof of insurance.\nQuestion: can u drive in canada with us license\nAnswer:",
        "response": "        "
      },
      {
        "question": "Passage: Alcohol laws of New York -- In response to the National Minimum Drinking Age Act in 1984, which reduced by up to 10% the federal highway funding of any state which did not have a minimum purchasing age of 21, the New York Legislature raised the drinking age from 19 to 21, effective December 1, 1985. (The drinking age had been 18 for many years before the first raise on December 4th, 1982, to 19.) Persons under 21 are prohibited from purchasing alcohol or possessing alcohol with the intent to consume, unless the alcohol was given to that person by their parent or legal guardian. There is no law prohibiting where people under 21 may possess or consume alcohol that was given to them by their parents. Persons under 21 are prohibited from having a blood alcohol level of 0.02% or higher while driving.\nQuestion: can minors drink with parents in new york\nAnswer:",
        "response": " 1      "
      },
      {
        "question": "Passage: Magnesium citrate -- Magnesium citrate is a magnesium preparation in salt form with citric acid in a 1:1 ratio (1 magnesium atom per citrate molecule). The name ``magnesium citrate'' is ambiguous and sometimes may refer to other salts such as trimagnesium citrate which has a magnesium:citrate ratio of 3:2.\nQuestion: does magnesium citrate have citric acid in it\nAnswer:",