{
  "metadata": {
    "timestamp": "20241212_222825",
    "model_name": "meta-llama/Meta-Llama-3-8B",
    "num_pruned_layers": 11,
    "has_adapter": true,
    "task": "boolq"
  },
  "metrics": {
    "response_quality": {
      "total_responses": 3270,
      "valid_responses": 3186,
      "invalid_responses": 84,
      "invalid_percentage": 2.5688073394495414
    },
    "metrics": {
      "accuracy": 0.6183301946013811,
      "evaluate_accuracy": {
        "accuracy": 0.6024464831804281
      },
      "precision": 0.6187480339729474,
      "recall": 0.9979705733130391,
      "f1": 0.763883495145631,
      "total_evaluated": 3186,
      "confusion_matrix": {
        "true_positives": 1967,
        "true_negatives": 3,
        "false_positives": 1212,
        "false_negatives": 4
      },
      "perplexities": [
        17.015625,
        16.515625,
        15.703125,
        16.8125,
        16.6875,
        14.6640625,
        16.65625,
        15.796875,
        16.390625,
        18.875,
        18.0,
        16.296875,
        17.625,
        16.71875,
        14.9296875,
        15.34375,
        17.21875,
        19.203125,
        18.65625,
        16.75,
        16.75,
        14.8671875,
        14.6953125,
        16.078125,
        18.984375,
        14.5546875,
        17.453125,
        17.546875,
        16.234375,
        19.625,
        17.828125,
        14.75,
        15.3125,
        17.046875,
        16.296875,
        14.7265625,
        17.078125,
        18.796875,
        16.65625,
        14.2734375,
        13.8046875,
        15.671875,
        18.359375,
        13.7265625,
        16.625,
        14.953125,
        16.90625,
        17.625,
        15.828125,
        15.28125,
        16.59375,
        16.75,
        14.609375,
        16.71875,
        16.359375,
        19.28125,
        18.984375,
        18.21875,
        15.578125,
        17.515625,
        17.453125,
        15.5234375,
        16.484375,
        19.125,
        18.6875,
        16.078125,
        15.671875,
        15.734375,
        16.953125,
        14.78125,
        16.59375,
        18.0,
        18.546875,
        16.515625,
        16.328125,
        18.046875,
        16.078125,
        16.359375,
        16.6875,
        17.59375,
        16.046875,
        17.140625,
        14.21875,
        17.25,
        15.1015625,
        14.296875,
        17.828125,
        21.671875,
        18.109375,
        17.859375,
        16.953125,
        16.78125,
        18.6875,
        18.1875,
        16.203125,
        16.953125,
        14.4140625,
        15.4921875,
        18.25,
        17.25,
        13.5625,
        18.28125,
        17.1875,
        18.65625,
        15.828125,
        16.109375,
        15.578125,
        18.140625,
        16.484375,
        16.234375,
        13.2265625,
        16.984375,
        15.21875,
        15.046875,
        18.0,
        20.921875,
        18.21875,
        17.34375,
        15.828125,
        15.3984375,
        15.25,
        15.5546875,
        17.34375,
        16.328125,
        15.5234375,
        14.984375,
        17.453125,
        16.484375,
        18.4375,
        20.796875,
        17.65625,
        15.1015625,
        17.796875,
        16.515625,
        17.375,
        16.484375,
        15.671875,
        16.71875,
        16.359375,
        15.5546875,
        18.1875,
        17.3125,
        17.828125,
        15.015625,
        17.28125,
        17.21875,
        15.21875,
        18.5,
        17.859375,
        17.859375,
        16.140625,
        18.25,
        16.046875,
        18.109375,
        18.21875,
        14.6953125,
        16.90625,
        14.8359375,
        15.3984375,
        18.546875,
        17.375,
        13.75,
        15.015625,
        16.953125,
        19.359375,
        16.75,
        20.5625,
        17.515625,
        16.234375,
        17.140625,
        16.875,
        16.046875,
        16.171875,
        16.78125,
        18.875,
        18.0,
        15.5234375,
        16.390625,
        16.71875,
        14.78125,
        19.390625,
        19.78125,
        13.9921875,
        14.8984375,
        17.90625,
        18.078125,
        17.65625,
        15.21875,
        16.140625,
        15.671875,
        17.59375,
        15.4921875,
        17.765625,
        16.015625,
        15.1875,
        14.1875,
        17.71875,
        12.0390625,
        17.453125,
        17.9375,
        15.765625,
        19.28125,
        15.859375,
        14.5546875,
        17.140625
      ],
      "mean_perplexity": 16.70907012195122
    },
    "invalid_examples": [
      {
        "question": "Passage: Hole in one -- As of October 2008, a condor (four under par) hole-in-one on a par 5 hole had been recorded on four occasions, aided by thin air at high altitude, or by cutting the corner on a doglegged or horseshoe-shaped hole. A horseshoe-shaped par 5 hole once enabled a condor hole in one to be achieved with a 3-iron club. The longest recorded straight drive hole-in-one is believed to be 517 yards or 473 metres, on the par 5 No. 9 hole at Green Valley Ranch Golf Club in Denver in 2002, aided by the thin air due to the high altitude. None of these four par 5 holes-in-one were achieved during a professional tournament. A condor is also known as a double albatross, or a triple eagle.\nQuestion: has anyone hit a hole in one on a par 5\nAnswer:",
        "response": " has (1) (2) ("
      },
      {
        "question": "Passage: 1921 Tampa Bay hurricane -- The storm brought strong winds to the Swan Islands, including hurricane-force winds on the main island. Heavy rains fell in Cuba, particularly in Pinar del R\u00edo Province, but only minor damage occurred. In Florida, storm surge and abnormally high tides caused damage along much of the state's west coast from Pasco County southward. Several neighborhoods and sections of Tampa were inundated, especially in Ballast Point, DeSoto Park, Edgewater Park, Hyde Park, Palmetto Beach, and other areas in the vicinity of Bayshore Boulevard. Strong winds also damaged hundreds of trees, signs, buildings, and homes. Four deaths occurred in Tampa, three from drownings and another after a man touched a live wire. The storm left two additional fatalities in St. Petersburg. A number of streets in Tarpon Springs were littered with masses of debris, with many structures and trees suffering extensive damage. Strong winds occurred as far east as the Atlantic coast of the state, though wind damage east of the Tampa Bay area was generally limited to downed trees and power lines, resulting in power outages, particularly in Orlando. Agriculture throughout the state experienced significant impact as well, including over $2 million (equivalent to $20 million in 2016) in damage and the loss of at least 800,000 boxes of citrus crops alone. Overall, the hurricane left at least eight deaths and about $10 million (equivalent to $110 million in 2016) in damage.\nQuestion: has tampa ever been hit by a hurricane\nAnswer:",
        "response": " has (((((())))))"
      },
      {
        "question": "Passage: 5 A Day -- 5 A Day is any of various national campaigns in countries such as the United States, the United Kingdom, France, and Germany, to encourage the consumption of at least five portions of fruit and vegetables each day, following a recommendation by the World Health Organization that individuals consume ``a minimum of 400g of fruit and vegetables per day (excluding potatoes and other starchy tubers).'' A meta-analysis of the many studies of this issue was published in 2017 and found that consumption of double the minimum recommendation -- 800g or 10 a day -- provided an increased protection against all forms of mortality.\nQuestion: is it 5 portions of fruit and 5 of vegetables\nAnswer:",