{
  "metadata": {
    "timestamp": "20241212_223612",
    "model_name": "meta-llama/Meta-Llama-3-8B",
    "num_pruned_layers": 13,
    "has_adapter": true,
    "task": "boolq"
  },
  "metrics": {
    "response_quality": {
      "total_responses": 3270,
      "valid_responses": 3263,
      "invalid_responses": 7,
      "invalid_percentage": 0.21406727828746178
    },
    "metrics": {
      "accuracy": 0.670548574931045,
      "evaluate_accuracy": {
        "accuracy": 0.6691131498470948
      },
      "precision": 0.6589095744680851,
      "recall": 0.9758739537173806,
      "f1": 0.7866640206390156,
      "total_evaluated": 3263,
      "confusion_matrix": {
        "true_positives": 1982,
        "true_negatives": 206,
        "false_positives": 1026,
        "false_negatives": 49
      },
      "perplexities": [
        21.171875,
        20.28125,
        19.546875,
        20.765625,
        20.484375,
        18.828125,
        20.5625,
        19.546875,
        20.125,
        23.390625,
        21.71875,
        20.171875,
        21.09375,
        20.796875,
        18.828125,
        19.421875,
        21.640625,
        23.671875,
        22.5,
        21.640625,
        21.34375,
        19.09375,
        18.4375,
        20.484375,
        23.859375,
        17.625,
        21.5,
        21.09375,
        20.171875,
        23.859375,
        21.96875,
        18.078125,
        19.125,
        21.125,
        20.71875,
        18.71875,
        20.359375,
        23.578125,
        21.015625,
        17.28125,
        17.140625,
        19.234375,
        22.765625,
        17.546875,
        20.71875,
        18.765625,
        20.6875,
        21.25,
        19.703125,
        18.359375,
        21.125,
        20.96875,
        18.5,
        20.765625,
        20.71875,
        23.953125,
        22.578125,
        23.203125,
        19.125,
        22.140625,
        22.3125,
        19.015625,
        20.640625,
        23.71875,
        23.390625,
        19.96875,
        20.046875,
        19.421875,
        21.125,
        19.046875,
        21.046875,
        22.40625,
        22.9375,
        20.25,
        20.125,
        22.5,
        20.171875,
        20.25,
        20.6875,
        22.28125,
        20.71875,
        21.59375,
        17.515625,
        21.71875,
        18.90625,
        17.9375,
        23.15625,
        27.671875,
        23.15625,
        22.53125,
        21.84375,
        21.015625,
        23.34375,
        23.03125,
        20.890625,
        21.546875,
        17.34375,
        19.046875,
        22.359375,
        21.796875,
        16.6875,
        23.203125,
        21.421875,
        23.03125,
        19.8125,
        19.546875,
        19.125,
        22.359375,
        21.046875,
        20.359375,
        16.140625,
        21.375,
        18.828125,
        18.828125,
        22.109375,
        27.40625,
        23.4375,
        21.671875,
        19.78125,
        19.3125,
        19.5,
        19.578125,
        21.96875,
        20.609375,
        19.546875,
        18.609375,
        22.578125,
        20.28125,
        22.890625,
        25.640625,
        21.9375,
        19.203125,
        23.125,
        20.6875,
        21.546875,
        20.125,
        19.125,
        20.6875,
        20.125,
        19.890625,
        22.28125,
        21.09375,
        21.421875,
        18.609375,
        21.46875,
        21.765625,
        19.78125,
        23.15625,
        22.28125,
        22.53125,
        19.734375,
        23.078125,
        20.203125,
        23.390625,
        22.453125,
        18.4375,
        20.921875,
        17.859375,
        19.703125,
        23.25,
        22.1875,
        16.953125,
        18.546875,
        21.71875,
        24.84375,
        21.46875,
        26.140625,
        21.125,
        20.25,
        21.421875,
        21.015625,
        20.515625,
        20.078125,
        20.40625,
        23.625,
        22.578125,
        19.703125,
        20.5625,
        21.84375,
        18.546875,
        24.65625,
        24.328125,
        17.28125,
        18.828125,
        22.453125,
        22.890625,
        22.140625,
        18.71875,
        19.703125,
        19.734375,
        22.140625,
        20.078125,
        21.96875,
        20.171875,
        19.125,
        18.328125,
        22.671875,
        14.4140625,
        22.109375,
        22.765625,
        19.625,
        24.09375,
        19.703125,
        17.828125,
        22.40625
      ],
      "mean_perplexity": 20.885861280487806
    },
    "invalid_examples": [
      {
        "question": "Passage: Hydroxyzine -- Hydroxyzine preparations require a doctor's prescription. The drug is available in two formulations, the pamoate and the dihydrochloride or hydrochloride salts. Vistaril, Equipose, Masmoran, and Paxistil are preparations of the pamoate salt, while Atarax, Alamon, Aterax, Durrax, Tran-Q, Orgatrax, Quiess, and Tranquizine are of the hydrochloride salt.\nQuestion: is there a difference between hydroxyzine hcl and hydroxyzine pam\nAnswer:",
        "response": " Hydrohydrohydrohydrohydrohydrohydrohydro"
      },
      {
        "question": "Passage: Fluid ounce -- The fluid ounce is distinct from the ounce as a unit of weight or mass, although it is sometimes referred to simply as an ``ounce'' where context makes the meaning clear, such as ounces in a bottle.\nQuestion: is 1 ounce the same as 1 fluid ounce\nAnswer:",
        "response": " 1 one one one one one one"
      },
      {
        "question": "Passage: Olivia Benson -- At the conclusion of the season 15 finale, Benson becomes the court-appointed custodial guardian of Noah Porter, an orphaned baby. The appointment is for a trial period of one year, with the option to apply for legal adoption at the end of that period. Although the year is rocky due to Noah's health issues and the demands of her job, Benson grows to love Noah and formally adopts him a year later.\nQuestion: did olivia from law and order have a baby\nAnswer:",
        "response": " Olivia Olivia Olivia Olivia Olivia Olivia Olivia Olivia"
      },
      {
        "question": "Passage: Vauxhall station -- Vauxhall (/\u02c8v\u0252ks\u0254\u02d0l/, VOK-sawl) is a National Rail, London Underground and London Buses interchange station in central London. It is at the Vauxhall Cross road junction opposite the southern approach to Vauxhall Bridge over the River Thames in the district of Vauxhall. The station is on the boundary of zones 1 and 2 of the London Travelcard area and, although a through station, it is classed as a central London terminus for ticketing purposes.\nQuestion: is vauxhall station in zone 1 or 2\nAnswer:",
        "response": " V V V V V V V V"
      },
      {
        "question": "Passage: Izzie Stevens -- Izzie makes a treatment error that endangers the life of a patient, and is fired from the hospital's surgical program. Believing Alex is partially to blame, she writes him a Dear John letter and leaves. Izzie later learns that Alex was not responsible for her lost job, and returns to make amends with him, but Meredith informs her that Alex is moving on. Izzie informs Alex that she no longer has cancer. Although he is pleased, Alex officially breaks up with Izzie, telling her that he loves her but deserves better. She leaves Seattle to start fresh. Several episodes later, Alex informs Meredith that Izzie sent divorce papers, which he signs in the episode ``How Insensitive''. In the sixth-season finale, Alex is shot and asks for Izzie. Imagining that Meredith's half-sister Lexie (Chyler Leigh) is Izzie, he apologizes and asks her never to leave him again. In the 300th episode, Alex reveals he never found out what happened to Izzie, but envisions a perfect, happy life for her, always smiling, now that he has moved on.\nQuestion: did izzie stevens die on grey's anatomy\nAnswer:",