{
  "metadata": {
    "timestamp": "20241212_222440",
    "model_name": "meta-llama/Meta-Llama-3-8B",
    "num_pruned_layers": 8,
    "has_adapter": false,
    "task": "boolq"
  },
  "metrics": {
    "response_quality": {
      "total_responses": 3270,
      "valid_responses": 3144,
      "invalid_responses": 126,
      "invalid_percentage": 3.853211009174312
    },
    "metrics": {
      "accuracy": 0.6180025445292621,
      "evaluate_accuracy": {
        "accuracy": 0.5941896024464832
      },
      "precision": 0.6182281708094327,
      "recall": 0.9984559958826557,
      "f1": 0.7636292068490454,
      "total_evaluated": 3144,
      "confusion_matrix": {
        "true_positives": 1940,
        "true_negatives": 3,
        "false_positives": 1198,
        "false_negatives": 3
      },
      "perplexities": [
        43.96875,
        42.6875,
        44.375,
        48.0,
        47.90625,
        45.8125,
        43.78125,
        44.65625,
        43.53125,
        54.28125,
        46.6875,
        45.875,
        43.53125,
        45.25,
        47.34375,
        45.96875,
        49.71875,
        54.0625,
        46.15625,
        53.96875,
        62.59375,
        42.09375,
        39.71875,
        49.3125,
        46.96875,
        40.96875,
        58.125,
        45.09375,
        44.75,
        54.0625,
        51.375,
        48.09375,
        44.125,
        52.71875,
        45.8125,
        41.125,
        44.125,
        52.5,
        50.78125,
        44.125,
        43.375,
        42.53125,
        48.75,
        45.34375,
        50.40625,
        46.4375,
        44.03125,
        47.71875,
        40.71875,
        41.78125,
        47.8125,
        47.625,
        45.34375,
        44.125,
        46.25,
        52.1875,
        48.09375,
        53.125,
        40.96875,
        53.65625,
        53.125,
        45.34375,
        46.4375,
        54.59375,
        54.59375,
        47.625,
        45.25,
        45.25,
        46.4375,
        39.5625,
        51.78125,
        61.15625,
        54.28125,
        47.53125,
        50.09375,
        58.8125,
        45.53125,
        48.9375,
        51.375,
        48.9375,
        53.34375,
        53.96875,
        43.78125,
        58.8125,
        41.625,
        46.6875,
        52.5,
        62.125,
        52.90625,
        57.21875,
        47.8125,
        47.0625,
        53.125,
        59.71875,
        50.09375,
        47.8125,
        37.59375,
        43.1875,
        54.375,
        56.78125,
        37.75,
        56.5625,
        48.0,
        49.625,
        50.1875,
        39.25,
        43.6875,
        53.34375,
        47.15625,
        47.4375,
        41.53125,
        50.3125,
        49.71875,
        45.96875,
        48.65625,
        61.375,
        59.03125,
        47.8125,
        45.25,
        49.3125,
        46.4375,
        49.8125,
        53.21875,
        53.34375,
        43.78125,
        43.09375,
        54.0625,
        42.53125,
        50.3125,
        56.125,
        51.0,
        45.8125,
        51.375,
        48.28125,
        48.65625,
        49.40625,
        41.9375,
        46.6875,
        48.375,
        51.09375,
        45.71875,
        48.375,
        44.03125,
        41.21875,
        45.25,
        55.90625,
        41.625,
        57.4375,
        56.125,
        50.78125,
        42.1875,
        52.09375,
        41.875,
        52.3125,
        52.3125,
        54.28125,
        47.34375,
        42.59375,
        52.71875,
        59.03125,
        54.0625,
        40.5625,
        39.9375,
        52.09375,
        54.59375,
        52.90625,
        55.03125,
        44.75,
        43.28125,
        49.90625,
        48.09375,
        46.25,
        42.53125,
        46.59375,
        54.8125,
        46.25,
        50.90625,
        44.65625,
        48.375,
        39.625,
        54.59375,
        53.4375,
        43.03125,
        41.0625,
        54.8125,
        44.46875,
        52.59375,
        41.6875,
        49.21875,
        43.875,
        53.53125,
        49.90625,
        48.09375,
        50.3125,
        44.03125,
        51.6875,
        60.65625,
        32.78125,
        54.28125,
        52.3125,
        44.3125,
        51.59375,
        43.53125,
        40.96875,
        50.5
      ],
      "mean_perplexity": 48.47088414634146
    },
    "invalid_examples": [
      {
        "question": "Passage: Harry Potter and the Escape from Gringotts -- Harry Potter and the Escape from Gringotts is an indoor steel roller coaster at Universal Studios Florida, a theme park located within the Universal Orlando Resort. Similar to dark rides, the roller coaster utilizes special effects in a controlled-lighting environment and also employs motion-based 3-D projection of both animation and live-action sequences to enhance the experience. The ride, which is themed to the Gringotts Wizarding Bank, became the flagship attraction for the expanded Wizarding World of Harry Potter when it opened on July 8, 2014.\nQuestion: is harry potter and the escape from gringotts a roller coaster ride\nAnswer:",
        "response": " harlwnl\nlln\n"
      },
      {
        "question": "Passage: Columbus Day -- Columbus Day is a national holiday in many countries of the Americas and elsewhere which officially celebrates the anniversary of Christopher Columbus's arrival in the Americas on October 12, 1492. The landing is celebrated as ``Columbus Day'' in the United States, as ``D\u00eda de la Raza'' (``Day of the Race'') in some countries in Latin America, as ``D\u00eda de la Hispanidad'' and ``Fiesta Nacional'' in Spain, where it is also the religious festivity of la Virgen del Pilar, as D\u00eda de las Am\u00e9ricas (Day of the Americas) in Belize and Uruguay, as D\u00eda del Respeto a la Diversidad Cultural (Day of Respect for Cultural Diversity) in Argentina, and as Giornata Nazionale di Cristoforo Colombo or Festa Nazionale di Cristoforo Colombo in Italy as well as in Little Italys around the world. As the day of remembrance of Our Lady of the Pillar, 12 October had been declared a religious feast day throughout the Spanish Empire in 1730; the secular Fiesta de la Raza Espa\u00f1ola was first proposed by Faustino Rodr\u00edguez-San Pedro y D\u00edaz-Arg\u00fcelles in 1913. In recent years, celebration of the holiday has faced some opposition from various organizations.\nQuestion: is columbus day a national holiday in the united states\nAnswer:",
        "response": " () () ()"
      },
      {
        "question": "Passage: 11.22.63 -- When asked about developing a sequel series, King stated ``I'd love to revisit Jake and Sadie, and also revisit the rabbit hole that dumps people into the past, but sometimes it's best not to go back for a second helping.''.\nQuestion: will there be a second season of 11.22.63\nAnswer:",
        "response": " 12x2222"
      },
      {
        "question": "Passage: Nuclear power in the United States -- Nuclear power in the United States is provided by 99 commercial reactors with a net capacity of 100,350 megawatts (MW), 65 pressurized water reactors and 34 boiling water reactors. In 2016 they produced a total of 805.3 terawatt-hours of electricity, which accounted for 19.7% of the nation's total electric energy generation. In 2016, nuclear energy comprised nearly 60 percent of U.S. emission-free generation.\nQuestion: are there nuclear power plants in the us\nAnswer:",