{
  "metadata": {
    "timestamp": "20241212_222921",
    "model_name": "meta-llama/Meta-Llama-3-8B",
    "num_pruned_layers": 8,
    "has_adapter": true,
    "task": "boolq"
  },
  "metrics": {
    "response_quality": {
      "total_responses": 3270,
      "valid_responses": 3200,
      "invalid_responses": 70,
      "invalid_percentage": 2.1406727828746175
    },
    "metrics": {
      "accuracy": 0.691875,
      "evaluate_accuracy": {
        "accuracy": 0.6770642201834862
      },
      "precision": 0.6966693100713719,
      "recall": 0.8882709807886754,
      "f1": 0.780888888888889,
      "total_evaluated": 3200,
      "confusion_matrix": {
        "true_positives": 1757,
        "true_negatives": 457,
        "false_positives": 765,
        "false_negatives": 221
      },
      "perplexities": [
        14.1875,
        14.15625,
        13.2734375,
        14.2734375,
        14.15625,
        12.6171875,
        14.046875,
        13.2265625,
        13.9140625,
        16.046875,
        15.578125,
        13.9921875,
        15.1328125,
        14.15625,
        12.6640625,
        13.0703125,
        14.8125,
        16.515625,
        15.578125,
        14.15625,
        13.859375,
        12.9140625,
        12.6171875,
        13.3515625,
        16.171875,
        12.59375,
        14.4375,
        15.28125,
        13.96875,
        16.484375,
        14.984375,
        12.5703125,
        13.0703125,
        14.15625,
        14.046875,
        12.5703125,
        14.1328125,
        15.796875,
        14.078125,
        12.328125,
        11.625,
        13.3046875,
        15.640625,
        11.78125,
        13.9921875,
        12.765625,
        14.4140625,
        14.8671875,
        13.7265625,
        12.7890625,
        13.9140625,
        14.15625,
        12.3046875,
        14.4140625,
        14.4375,
        15.765625,
        15.984375,
        15.1875,
        13.171875,
        14.328125,
        14.46875,
        13.2265625,
        14.0234375,
        15.859375,
        16.328125,
        13.1484375,
        13.3515625,
        13.1953125,
        14.3828125,
        12.5234375,
        14.2734375,
        15.5234375,
        15.3984375,
        14.2734375,
        13.78125,
        15.4296875,
        13.8046875,
        14.078125,
        14.1875,
        15.1015625,
        13.828125,
        14.21875,
        12.109375,
        14.4921875,
        12.890625,
        12.109375,
        15.25,
        18.546875,
        15.4921875,
        15.34375,
        14.4140625,
        14.328125,
        15.828125,
        14.78125,
        13.5390625,
        14.3515625,
        12.28125,
        12.8671875,
        15.609375,
        14.78125,
        11.6484375,
        14.9296875,
        14.5546875,
        15.609375,
        13.40625,
        13.75,
        13.171875,
        15.046875,
        14.0234375,
        13.828125,
        11.15625,
        14.46875,
        12.9453125,
        12.421875,
        15.4296875,
        17.34375,
        15.1328125,
        15.21875,
        13.2734375,
        13.3515625,
        12.6953125,
        13.484375,
        14.9296875,
        13.78125,
        13.046875,
        12.71875,
        14.953125,
        14.4921875,
        15.5546875,
        17.25,
        15.3671875,
        12.84375,
        15.28125,
        14.078125,
        14.4375,
        13.8828125,
        13.5390625,
        14.1875,
        13.8828125,
        12.84375,
        15.4609375,
        14.609375,
        15.3984375,
        12.5234375,
        14.8359375,
        14.296875,
        13.09375,
        15.3125,
        14.3828125,
        15.4921875,
        13.671875,
        15.25,
        14.078125,
        15.4609375,
        15.796875,
        11.9921875,
        14.6953125,
        12.7890625,
        13.09375,
        16.078125,
        14.8125,
        11.875,
        12.4921875,
        14.46875,
        16.421875,
        13.7265625,
        17.28125,
        14.8671875,
        13.484375,
        14.8125,
        14.578125,
        13.8828125,
        13.3828125,
        14.609375,
        16.265625,
        15.3984375,
        13.1171875,
        14.1015625,
        14.296875,
        12.546875,
        16.015625,
        16.421875,
        11.9921875,
        12.3515625,
        15.1015625,
        15.4609375,
        14.9296875,
        13.015625,
        13.78125,
        13.4609375,
        15.1640625,
        13.25,
        15.28125,
        12.84375,
        12.9453125,
        11.78125,
        14.984375,
        10.078125,
        14.640625,
        15.4296875,
        13.2734375,
        16.265625,
        13.171875,
        12.71875,
        14.3515625
      ],
      "mean_perplexity": 14.167644817073171
    },
    "invalid_examples": [
      {
        "question": "Passage: 1921 Tampa Bay hurricane -- The storm brought strong winds to the Swan Islands, including hurricane-force winds on the main island. Heavy rains fell in Cuba, particularly in Pinar del R\u00edo Province, but only minor damage occurred. In Florida, storm surge and abnormally high tides caused damage along much of the state's west coast from Pasco County southward. Several neighborhoods and sections of Tampa were inundated, especially in Ballast Point, DeSoto Park, Edgewater Park, Hyde Park, Palmetto Beach, and other areas in the vicinity of Bayshore Boulevard. Strong winds also damaged hundreds of trees, signs, buildings, and homes. Four deaths occurred in Tampa, three from drownings and another after a man touched a live wire. The storm left two additional fatalities in St. Petersburg. A number of streets in Tarpon Springs were littered with masses of debris, with many structures and trees suffering extensive damage. Strong winds occurred as far east as the Atlantic coast of the state, though wind damage east of the Tampa Bay area was generally limited to downed trees and power lines, resulting in power outages, particularly in Orlando. Agriculture throughout the state experienced significant impact as well, including over $2 million (equivalent to $20 million in 2016) in damage and the loss of at least 800,000 boxes of citrus crops alone. Overall, the hurricane left at least eight deaths and about $10 million (equivalent to $110 million in 2016) in damage.\nQuestion: has tampa ever been hit by a hurricane\nAnswer:",
        "response": " has\ns s s s s s"
      },
      {
        "question": "Passage: Gun laws in Florida -- As state law on waiting periods and background checks do not apply to sales by non-licensed sellers, the Florida Constitution, Art VIII Sec. 5(b), permits counties to enact ordinances that require a criminal history records check and a 3 to 5-day waiting period for non-licensed sellers when any part of a firearm sale is conducted on property to which the public has the ``right of access'', such as at a gun show conducted on public property. These local option ordinances may not be applied to holders of a concealed weapons license. Only Miami-Dade, Broward, Palm Beach, Hillsborough, and Volusia counties had enacted such ordinances.\nQuestion: can you sell a gun privately in florida\nAnswer:",
        "response": " can you sell a la la la"
      },
      {
        "question": "Passage: 5 A Day -- 5 A Day is any of various national campaigns in countries such as the United States, the United Kingdom, France, and Germany, to encourage the consumption of at least five portions of fruit and vegetables each day, following a recommendation by the World Health Organization that individuals consume ``a minimum of 400g of fruit and vegetables per day (excluding potatoes and other starchy tubers).'' A meta-analysis of the many studies of this issue was published in 2017 and found that consumption of double the minimum recommendation -- 800g or 10 a day -- provided an increased protection against all forms of mortality.\nQuestion: is it 5 portions of fruit and 5 of vegetables\nAnswer:",