{
  "metadata": {
    "timestamp": "20241212_224717",
    "model_name": "meta-llama/Meta-Llama-3-8B",
    "num_pruned_layers": 22,
    "has_adapter": true,
    "task": "boolq"
  },
  "metrics": {
    "response_quality": {
      "total_responses": 3270,
      "valid_responses": 2812,
      "invalid_responses": 458,
      "invalid_percentage": 14.00611620795107
    },
    "metrics": {
      "accuracy": 0.6134423897581792,
      "evaluate_accuracy": {
        "accuracy": 0.5275229357798165
      },
      "precision": 0.616822429906542,
      "recall": 0.9879101899827288,
      "f1": 0.7594600575348529,
      "total_evaluated": 2812,
      "confusion_matrix": {
        "true_positives": 1716,
        "true_negatives": 9,
        "false_positives": 1066,
        "false_negatives": 21
      },
      "perplexities": [
        49.8125,
        47.8125,
        49.71875,
        49.53125,
        48.9375,
        46.34375,
        47.90625,
        49.71875,
        48.1875,
        55.90625,
        51.78125,
        48.1875,
        48.75,
        50.40625,
        47.71875,
        50.3125,
        48.9375,
        56.34375,
        54.28125,
        54.0625,
        57.0,
        44.5625,
        42.9375,
        50.0,
        55.6875,
        40.90625,
        53.21875,
        48.28125,
        49.125,
        57.21875,
        51.28125,
        43.6875,
        48.5625,
        52.90625,
        52.40625,
        45.34375,
        48.75,
        57.21875,
        52.1875,
        42.09375,
        41.78125,
        47.71875,
        54.1875,
        43.625,
        49.53125,
        47.4375,
        51.375,
        52.0,
        48.46875,
        46.78125,
        50.09375,
        50.40625,
        45.625,
        48.65625,
        52.0,
        57.21875,
        52.1875,
        55.90625,
        45.53125,
        51.78125,
        55.03125,
        45.71875,
        47.71875,
        55.46875,
        57.65625,
        48.84375,
        49.03125,
        49.71875,
        49.53125,
        46.0625,
        53.34375,
        54.8125,
        58.5625,
        46.96875,
        49.53125,
        55.6875,
        49.53125,
        47.71875,
        50.5,
        52.71875,
        50.09375,
        53.65625,
        43.78125,
        51.375,
        47.625,
        44.5625,
        56.5625,
        65.0625,
        57.4375,
        57.90625,
        52.59375,
        50.09375,
        57.21875,
        59.5,
        52.8125,
        48.375,
        39.9375,
        47.53125,
        57.65625,
        54.8125,
        38.625,
        56.34375,
        51.59375,
        51.0,
        49.40625,
        47.90625,
        46.78125,
        54.8125,
        53.4375,
        47.0625,
        39.9375,
        52.59375,
        45.96875,
        43.53125,
        56.5625,
        67.1875,
        57.21875,
        52.8125,
        48.84375,
        47.25,
        47.53125,
        46.59375,
        54.59375,
        50.6875,
        47.71875,
        45.8125,
        56.125,
        46.15625,
        54.59375,
        60.1875,
        54.5,
        49.03125,
        54.0625,
        50.3125,
        54.28125,
        48.0,
        45.8125,
        50.59375,
        47.71875,
        48.75,
        51.09375,
        51.09375,
        50.40625,
        43.1875,
        52.59375,
        55.25,
        47.625,
        55.90625,
        55.90625,
        56.125,
        48.0,
        56.34375,
        48.46875,
        55.90625,
        56.34375,
        51.5,
        47.90625,
        41.9375,
        48.09375,
        55.46875,
        53.03125,
        39.625,
        42.09375,
        55.6875,
        60.4375,
        54.375,
        62.59375,
        49.3125,
        48.0,
        49.125,
        48.46875,
        48.09375,
        46.875,
        49.40625,
        58.34375,
        54.59375,
        47.53125,
        48.09375,
        57.4375,
        43.03125,
        57.4375,
        56.125,
        43.03125,
        44.21875,
        57.0,
        50.59375,
        54.8125,
        43.625,
        47.53125,
        49.625,
        53.21875,
        51.0,
        52.59375,
        51.5,
        48.28125,
        46.34375,
        56.34375,
        31.46875,
        52.90625,
        53.125,
        47.0625,
        56.125,
        48.375,
        41.46875,
        55.03125
      ],
      "mean_perplexity": 50.63018292682927
    },
    "invalid_examples": [
      {
        "question": "Passage: Alcohol laws of Wisconsin -- The drinking age in Wisconsin is 21. Those under the legal drinking age may be served, possess, or consume alcohol if they are with a parent, legal guardian, or spouse who is of legal drinking age. Those age 18-20 may also be served, possess or consumer alcohol if they are with a parent, legal guardian, or spouse who is of legal drinking age. Those age 18 to 20 may also possess (but not consume) alcohol as part of their employment.\nQuestion: can you drink alcohol with your parents in wisconsin\nAnswer:",
        "response": " I\u00a0\u00a0\u00a0\u00a0\u00a0\u3000\u300a"
      },
      {
        "question": "Passage: Break-in (mechanical run-in) -- A new engine is broken in by following specific driving guidelines during the first few hours of its use. The focus of breaking in an engine is on the contact between the piston rings of the engine and the cylinder wall. There is no universal preparation or set of instructions for breaking in an engine. Most importantly, experts disagree on whether it is better to start engines on high or low power to break them in. While there are still consequences to an unsuccessful break-in, they are harder to quantify on modern engines than on older models. In general, people no longer break in the engines of their own vehicles after purchasing a car or motorcycle, because the process is done in production. It is still common, even today, to find that an owner's manual recommends gentle use at first (often specified as the first 500 or 1000 kilometres or miles). But it is usually only normal use without excessive demands that is specified, as opposed to light/limited use. For example, the manual will specify that the car be driven normally, but not in excess of the highway speed limit.\nQuestion: do you need to break in a car\nAnswer:",
        "response": " I\u00a0\u00a0\u00a0\u00a0\u00a0\u00a0  "
      },
      {
        "question": "Passage: Deadpool -- As part of Marvel's Marvel NOW! initiative a new Deadpool ongoing series was launched, written by Brian Posehn and Gerry Duggan and illustrated by Tony Moore. He is also a member of the Thunderbolts. In the 27th issue of his new series, as part of ``All-New Marvel NOW!'', Deadpool was married for the third time. Initially a secret, his bride was revealed in the webcomic Deadpool: The Gauntlet to be Shiklah, Queen of the Undead. Deadpool also discovers that he has a daughter by the name of Eleanor from a former flame of Deadpool named Carmelita.\nQuestion: does deadpool have a kid in the comics\nAnswer:",
        "response": " Deadpool are\u00a0\u00a0\u00a0\u00a0\u00a0\u00a0"
      },
      {
        "question": "Passage: Benson & Hedges -- Benson & Hedges is a British brand of cigarettes owned by either Philip Morris International, British American Tobacco, or Japan Tobacco, depending on the region. In the UK, they are registered in Old Bond Street in London, and are manufactured in Lisnafillan, Ballymena, Northern Ireland.\nQuestion: do they still make benson & hedges cigarettes\nAnswer:",