{
  "metadata": {
    "timestamp": "20241212_214949",
    "model_name": "meta-llama/Llama-3.2-1B",
    "num_pruned_layers": 1,
    "has_adapter": false,
    "task": "boolq"
  },
  "metrics": {
    "response_quality": {
      "total_responses": 3270,
      "valid_responses": 3135,
      "invalid_responses": 135,
      "invalid_percentage": 4.128440366972478
    },
    "metrics": {
      "accuracy": 0.5783094098883572,
      "evaluate_accuracy": {
        "accuracy": 0.554434250764526
      },
      "precision": 0.6135371179039302,
      "recall": 0.8663926002055499,
      "f1": 0.7183638687686408,
      "total_evaluated": 3135,
      "confusion_matrix": {
        "true_positives": 1686,
        "true_negatives": 127,
        "false_positives": 1062,
        "false_negatives": 260
      },
      "perplexities": [
        24.953125,
        23.8125,
        22.9375,
        25.4375,
        23.25,
        20.078125,
        23.203125,
        21.9375,
        25.1875,
        30.5625,
        25.796875,
        22.453125,
        27.140625,
        24.90625,
        22.53125,
        22.140625,
        25.4375,
        31.046875,
        28.765625,
        25.1875,
        23.859375,
        21.96875,
        21.09375,
        19.734375,
        28.4375,
        21.46875,
        23.34375,
        24.609375,
        25.234375,
        27.609375,
        24.90625,
        20.765625,
        22.40625,
        24.609375,
        24.90625,
        21.21875,
        24.609375,
        30.625,
        22.359375,
        20.203125,
        18.90625,
        24.09375,
        29.625,
        18.21875,
        22.40625,
        21.890625,
        25.546875,
        26.0,
        23.390625,
        21.5,
        23.296875,
        22.109375,
        21.671875,
        25.640625,
        22.71875,
        25.0,
        27.34375,
        26.046875,
        24.65625,
        23.4375,
        24.703125,
        21.546875,
        22.796875,
        29.28125,
        31.78125,
        23.03125,
        23.03125,
        22.140625,
        25.546875,
        20.4375,
        24.234375,
        26.65625,
        27.40625,
        23.625,
        24.328125,
        25.59375,
        24.0,
        21.71875,
        24.046875,
        26.34375,
        22.234375,
        24.1875,
        20.0,
        23.8125,
        23.296875,
        19.8125,
        28.9375,
        32.59375,
        27.78125,
        25.046875,
        25.546875,
        24.1875,
        27.296875,
        25.6875,
        21.96875,
        25.046875,
        19.421875,
        20.171875,
        27.828125,
        26.5,
        16.625,
        26.71875,
        24.328125,
        26.5625,
        22.3125,
        25.140625,
        23.03125,
        26.09375,
        26.0,
        23.4375,
        17.90625,
        23.125,
        21.46875,
        19.28125,
        29.0,
        29.75,
        23.953125,
        25.890625,
        22.625,
        21.796875,
        20.890625,
        24.5625,
        24.421875,
        21.046875,
        24.0,
        22.5,
        25.234375,
        22.40625,
        26.765625,
        31.90625,
        25.0,
        21.71875,
        26.5,
        23.125,
        28.21875,
        22.71875,
        20.359375,
        23.296875,
        24.46875,
        19.921875,
        26.296875,
        25.890625,
        26.65625,
        20.765625,
        25.59375,
        25.046875,
        22.71875,
        27.453125,
        23.03125,
        27.40625,
        26.609375,
        24.953125,
        23.25,
        26.765625,
        28.765625,
        18.796875,
        26.25,
        19.890625,
        22.71875,
        29.046875,
        25.0,
        19.234375,
        19.46875,
        25.1875,
        31.59375,
        23.484375,
        31.71875,
        28.546875,
        23.859375,
        25.046875,
        23.15625,
        21.34375,
        24.234375,
        25.296875,
        27.296875,
        26.65625,
        21.21875,
        26.40625,
        26.609375,
        22.015625,
        26.40625,
        29.921875,
        19.625,
        19.78125,
        26.8125,
        25.9375,
        25.9375,
        20.71875,
        27.34375,
        20.359375,
        25.046875,
        23.203125,
        26.875,
        21.171875,
        22.453125,
        18.359375,
        23.03125,
        16.109375,
        25.140625,
        27.9375,
        22.671875,
        29.34375,
        22.015625,
        20.640625,
        26.09375
      ],
      "mean_perplexity": 24.244740853658538
    },
    "invalid_examples": [
      {
        "question": "Passage: Hydroxyzine -- Hydroxyzine preparations require a doctor's prescription. The drug is available in two formulations, the pamoate and the dihydrochloride or hydrochloride salts. Vistaril, Equipose, Masmoran, and Paxistil are preparations of the pamoate salt, while Atarax, Alamon, Aterax, Durrax, Tran-Q, Orgatrax, Quiess, and Tranquizine are of the hydrochloride salt.\nQuestion: is there a difference between hydroxyzine hcl and hydroxyzine pam\nAnswer:",
        "response": " Hydrochedy,,].E.,"
      },
      {
        "question": "Passage: The Strangers (2008 film) -- The Strangers is a 2008 American slasher film written and directed by Bryan Bertino. Kristen (Liv Tyler) and James (Scott Speedman) are expecting a relaxing weekend at a family vacation home, but their stay turns out to be anything but peaceful as three masked torturers leave Kristen and James struggling for survival. Writer-director Bertino was inspired by real-life events: the Manson family Tate murders, a multiple homicide; the Keddie Cabin Murders, that occurred in California in 1981; and a series of break-ins that occurred in his own neighborhood as a child. Made on a budget of $9 million, the film was shot on location in rural South Carolina in the fall of 2006.\nQuestion: was the movie strangers based on a true story\nAnswer:",
        "response": " was CH\n"
      },
      {
        "question": "Passage: List of teams to overcome 3\u20131 series deficits -- The following is the list of teams to overcome 3--1 series deficits by winning three straight games to win a best-of-seven playoff series. In the history of major North American pro sports, teams that were down 3--1 in the series came back and won the series 52 times, more than half of them were accomplished by National Hockey League (NHL) teams. Teams overcame 3--1 deficit in the final championship round eight times, six were accomplished by Major League Baseball (MLB) teams in the World Series. Teams overcoming 3--0 deficit by winning four straight games were accomplished five times, four times in the NHL and once in MLB.\nQuestion: has anyone come back from 3-0 in the nba finals\nAnswer:",
        "response": " has (****renderingb"
      },
      {
        "question": "Passage: To Kill a Mockingbird (film) -- The film received overwhelmingly positive reviews from critics and was a box-office success, earning more than six times its budget. The film won three Academy Awards, including Best Actor for Peck, and was nominated for eight, including Best Picture.\nQuestion: did to kill a mockingbird win an academy award\nAnswer:",
        "response": " didS! ;berberberum"
      },
      {
        "question": "Passage: Dessert spoon -- As a unit of culinary measure, a level dessertspoon (dstspn.) equals two teaspoons, or 10 milliliters, whereas a U.S. tablespoon is three teaspoons (15ml or half a fluid ounce) in the U.S., and two dessertspoons, i.e. four teaspoons (20ml or two thirds of a fluid ounce) in Britain and Australia, which is the old British standard. For dry ingredients, a rounded or heaped teaspoonful is often specified instead.\nQuestion: is a tablespoon bigger than a dessert spoon\nAnswer:",