{
  "metadata": {
    "timestamp": "20241212_221001",
    "model_name": "meta-llama/Meta-Llama-3-8B",
    "num_pruned_layers": 2,
    "has_adapter": true,
    "task": "boolq"
  },
  "metrics": {
    "response_quality": {
      "total_responses": 3270,
      "valid_responses": 3264,
      "invalid_responses": 6,
      "invalid_percentage": 0.1834862385321101
    },
    "metrics": {
      "accuracy": 0.6439950980392157,
      "evaluate_accuracy": {
        "accuracy": 0.6428134556574924
      },
      "precision": 0.6553328561202577,
      "recall": 0.9019704433497537,
      "f1": 0.7591210613598672,
      "total_evaluated": 3264,
      "confusion_matrix": {
        "true_positives": 1831,
        "true_negatives": 271,
        "false_positives": 963,
        "false_negatives": 199
      },
      "perplexities": [
        9.0546875,
        9.671875,
        8.6015625,
        9.3046875,
        9.375,
        8.390625,
        8.6875,
        8.859375,
        9.1953125,
        9.6953125,
        10.3984375,
        9.15625,
        10.4609375,
        9.234375,
        7.8359375,
        7.92578125,
        9.65625,
        11.2421875,
        10.9609375,
        9.1953125,
        7.578125,
        8.46875,
        8.1015625,
        7.59375,
        10.875,
        8.3203125,
        8.1796875,
        10.796875,
        9.6015625,
        10.75,
        9.234375,
        8.421875,
        8.375,
        8.8125,
        9.234375,
        8.421875,
        9.0390625,
        10.6640625,
        9.0,
        7.7734375,
        7.7421875,
        8.5859375,
        10.3203125,
        6.83984375,
        8.5859375,
        8.0546875,
        9.734375,
        9.3046875,
        9.9609375,
        8.2890625,
        8.46875,
        8.375,
        7.609375,
        10.3828125,
        8.484375,
        9.6015625,
        10.7265625,
        9.734375,
        9.34375,
        8.6015625,
        8.6015625,
        8.2578125,
        8.84375,
        10.421875,
        10.6875,
        8.1640625,
        8.1015625,
        8.0390625,
        9.1796875,
        7.40234375,
        9.46875,
        9.6015625,
        9.6953125,
        9.9453125,
        8.7421875,
        10.28125,
        8.875,
        9.359375,
        9.7734375,
        9.484375,
        8.625,
        8.828125,
        8.2578125,
        8.875,
        8.6875,
        7.609375,
        10.0390625,
        12.640625,
        9.359375,
        9.4296875,
        9.9453125,
        8.6875,
        9.7734375,
        8.0546875,
        8.3046875,
        9.5234375,
        8.625,
        8.2890625,
        9.8671875,
        9.0703125,
        7.3046875,
        8.9453125,
        10.0,
        10.0625,
        8.3203125,
        9.3984375,
        8.703125,
        9.109375,
        9.2890625,
        8.828125,
        6.90234375,
        9.5234375,
        7.65234375,
        8.2265625,
        9.4296875,
        8.8125,
        9.8046875,
        10.5859375,
        8.1953125,
        8.1171875,
        7.89453125,
        8.0390625,
        9.359375,
        8.390625,
        8.34375,
        8.421875,
        9.1953125,
        10.078125,
        10.5234375,
        11.2421875,
        9.671875,
        8.3046875,
        9.0859375,
        8.625,
        9.2890625,
        8.65625,
        8.484375,
        9.3984375,
        9.140625,
        7.03515625,
        10.75,
        9.3984375,
        10.078125,
        8.5703125,
        9.8671875,
        8.7734375,
        8.1796875,
        9.25,
        8.640625,
        10.984375,
        9.453125,
        9.8671875,
        9.6171875,
        9.8671875,
        10.3359375,
        7.2890625,
        9.7890625,
        8.1484375,
        7.609375,
        10.3828125,
        9.5625,
        7.7890625,
        7.8515625,
        8.5703125,
        10.75,
        8.671875,
        11.671875,
        9.640625,
        9.109375,
        9.921875,
        9.9453125,
        8.484375,
        8.8125,
        10.21875,
        10.3203125,
        10.3203125,
        7.97265625,
        9.578125,
        9.1953125,
        9.140625,
        10.875,
        10.5625,
        8.1640625,
        7.94140625,
        9.546875,
        10.1796875,
        10.0,
        8.359375,
        9.1796875,
        8.484375,
        9.46875,
        8.2265625,
        9.8046875,
        7.7421875,
        8.375,
        7.03125,
        9.1796875,
        7.0234375,
        8.625,
        9.6015625,
        8.625,
        10.5859375,
        8.625,
        8.46875,
        9.1953125
      ],
      "mean_perplexity": 9.097313262195122
    },
    "invalid_examples": [
      {
        "question": "Passage: Gambling in Australia -- Gamblers' winnings in Australia are not taxed . There are 3 main reasons for that:\nQuestion: do you pay tax on gambling winnings in australia\nAnswer:",
        "response": " Gambling in\nGm-S-S-S"
      },
      {
        "question": "Passage: Ottoman Egypt -- The Egypt Eyalet (1517--1867) was established when the Egypt region came under the direct rule of the Ottoman Empire with their 1517 victory over the Mamluk Sultanate. The interruption of the Napoleon's French campaign in Egypt and Syria (1798--1801) allowed Muhammad Ali's seizure of power from Ottoman Hurshid Pasha, and the founding of the Muhammad Ali dynasty.\nQuestion: was egypt a part of the ottoman empire\nAnswer:",
        "response": " was [ - ] ( 1 "
      },
      {
        "question": "Passage: George Edalji -- Julian Barnes's 2005 novel Arthur & George is based on the events, and was the basis for the March 2015 ITV three-part dramatisation of the case Arthur & George, starring Arsher Ali as Edalji.\nQuestion: was arthur and george based on a true story\nAnswer:",
        "response": " was\u00a0\u00a0. ("
      },
      {
        "question": "Passage: United States Bill of Rights -- The Bill of Rights is the first ten amendments to the United States Constitution. Proposed following the often bitter 1787--88 battle over ratification of the U.S. Constitution, and crafted to address the objections raised by Anti-Federalists, the Bill of Rights amendments add to the Constitution specific guarantees of personal freedoms and rights, clear limitations on the government's power in judicial and other proceedings, and explicit declarations that all powers not specifically delegated to Congress by the Constitution are reserved for the states or the people. The concepts codified in these amendments are built upon those found in several earlier documents, including the Virginia Declaration of Rights and the English Bill of Rights, along with earlier documents such as Magna Carta (1215). In practice, the amendments had little impact on judgments by the courts for the first 150 years after ratification.\nQuestion: was the bill of rights in the constitution\nAnswer:",
        "response": " was\u00a0\u00a0re(1)"
      },
      {
        "question": "Passage: 8 Seconds -- 8 Seconds is a 1994 American biographical drama film directed by John G. Avildsen. Its title refers to the length of time a bull rider is required to stay on for a ride to be scored. It stars Luke Perry as American rodeo legend Lane Frost and focuses on his life and career as a bull riding champion. It also features Stephen Baldwin as Tuff Hedeman, and Red Mitchell as Cody Lambert. Notably, there is an early appearance by Ren\u00e9e Zellweger.\nQuestion: was renee zellweger in 8 seconds the movie\nAnswer:",