{
  "metadata": {
    "timestamp": "20241212_220445",
    "model_name": "meta-llama/Meta-Llama-3-8B",
    "num_pruned_layers": 3,
    "has_adapter": false,
    "task": "boolq"
  },
  "metrics": {
    "response_quality": {
      "total_responses": 3270,
      "valid_responses": 3000,
      "invalid_responses": 270,
      "invalid_percentage": 8.256880733944955
    },
    "metrics": {
      "accuracy": 0.6496666666666666,
      "evaluate_accuracy": {
        "accuracy": 0.5960244648318043
      },
      "precision": 0.6536226268888028,
      "recall": 0.9148590021691974,
      "f1": 0.7624858757062146,
      "total_evaluated": 3000,
      "confusion_matrix": {
        "true_positives": 1687,
        "true_negatives": 262,
        "false_positives": 894,
        "false_negatives": 157
      },
      "perplexities": [
        11.1328125,
        12.0859375,
        10.7109375,
        11.3125,
        11.578125,
        10.859375,
        11.2890625,
        10.8359375,
        11.3125,
        12.375,
        12.375,
        11.8046875,
        12.6953125,
        11.8046875,
        10.140625,
        10.484375,
        11.8515625,
        13.5625,
        13.015625,
        11.6953125,
        10.6484375,
        10.5625,
        10.1171875,
        9.984375,
        13.7265625,
        10.1796875,
        11.03125,
        12.546875,
        11.921875,
        13.328125,
        12.15625,
        10.5234375,
        10.625,
        11.2265625,
        11.921875,
        10.484375,
        11.7578125,
        13.1953125,
        11.4921875,
        10.28125,
        9.546875,
        10.5625,
        12.9453125,
        8.8984375,
        11.625,
        10.5859375,
        11.8046875,
        11.46875,
        11.828125,
        10.6484375,
        10.9453125,
        10.8125,
        9.65625,
        12.6171875,
        11.03125,
        12.3984375,
        12.84375,
        12.3515625,
        11.3125,
        10.859375,
        11.15625,
        10.484375,
        11.03125,
        13.25,
        13.015625,
        10.5625,
        10.3984375,
        10.3203125,
        11.9921875,
        9.921875,
        12.15625,
        12.28125,
        12.3046875,
        12.0390625,
        11.203125,
        12.7421875,
        11.0078125,
        11.375,
        11.578125,
        12.0625,
        11.0078125,
        11.421875,
        10.5,
        11.4453125,
        10.859375,
        9.734375,
        12.109375,
        14.953125,
        12.3046875,
        12.109375,
        12.203125,
        11.7421875,
        12.8203125,
        11.03125,
        10.875,
        12.2265625,
        10.140625,
        10.3359375,
        12.46875,
        11.921875,
        9.453125,
        11.7578125,
        12.546875,
        12.7421875,
        10.3359375,
        11.5078125,
        11.2890625,
        11.6484375,
        11.1796875,
        11.578125,
        9.265625,
        12.2265625,
        10.359375,
        10.0,
        11.828125,
        11.9921875,
        12.6640625,
        12.8203125,
        10.9453125,
        10.796875,
        10.3984375,
        10.5625,
        12.1328125,
        10.859375,
        10.5625,
        10.6015625,
        11.8046875,
        12.15625,
        12.4921875,
        13.9921875,
        12.109375,
        10.4375,
        11.7578125,
        10.7734375,
        11.5546875,
        11.2265625,
        10.796875,
        11.3125,
        11.5078125,
        9.484375,
        12.765625,
        12.0390625,
        12.5234375,
        10.7265625,
        12.0625,
        11.671875,
        10.359375,
        12.0859375,
        10.796875,
        13.0703125,
        11.1796875,
        12.0859375,
        11.265625,
        12.7421875,
        12.84375,
        9.46875,
        11.828125,
        10.2578125,
        10.4375,
        13.484375,
        12.2578125,
        10.4375,
        10.1796875,
        10.8125,
        13.4296875,
        11.3515625,
        14.1328125,
        12.1796875,
        11.3125,
        12.3984375,
        12.4453125,
        10.75,
        10.8359375,
        12.3046875,
        13.3046875,
        12.4921875,
        10.4375,
        11.78125,
        11.921875,
        10.6015625,
        12.9453125,
        13.6953125,
        10.1953125,
        10.3828125,
        12.1328125,
        12.1796875,
        12.59375,
        10.359375,
        11.78125,
        10.875,
        12.2265625,
        10.6640625,
        12.640625,
        10.484375,
        10.3984375,
        9.5234375,
        11.4921875,
        8.6015625,
        11.1328125,
        12.640625,
        10.5625,
        12.9921875,
        10.6484375,
        10.28125,
        11.9453125
      ],
      "mean_perplexity": 11.484717987804878
    },
    "invalid_examples": [
      {
        "question": "Passage: Deadpool -- As part of Marvel's Marvel NOW! initiative a new Deadpool ongoing series was launched, written by Brian Posehn and Gerry Duggan and illustrated by Tony Moore. He is also a member of the Thunderbolts. In the 27th issue of his new series, as part of ``All-New Marvel NOW!'', Deadpool was married for the third time. Initially a secret, his bride was revealed in the webcomic Deadpool: The Gauntlet to be Shiklah, Queen of the Undead. Deadpool also discovers that he has a daughter by the name of Eleanor from a former flame of Deadpool named Carmelita.\nQuestion: does deadpool have a kid in the comics\nAnswer:",
        "response": " dead and duller p\n\\"
      },
      {
        "question": "Passage: New Balance -- New Balance maintains a manufacturing presence in the United States, as well as in the United Kingdom for the European market, where they produce some of their most popular models such as the 990 model--in contrast to its competitors, which often manufacture exclusively outside the USA and Europe. As a result, New Balance shoes tend to be more expensive than those of many other manufacturers. To offset this pricing difference, New Balance claims to differentiate their products with technical features, such as blended gel inserts, heel counters and a greater selection of sizes, particularly for very narrow and/or very wide widths. The company has made total profits of approximately $69 billion since 1992. They are the second most-renown American sporting company, after Nike.\nQuestion: are new balance and nike the same company\nAnswer:",
        "response": " New \u2022\u2022\u2022oreoreoreore"
      },
      {
        "question": "Passage: English words without vowels -- English orthography typically represents vowel sounds with the five conventional vowel letters \u27e8a, e, i, o, u\u27e9, as well as \u27e8y\u27e9, which may also be a consonant depending on context. However, outside of abbreviations, there are a handful of words in English that do not have vowels, either because the vowel sounds are not written with vowel letters or because the words themselves are pronounced without vowel sounds.\nQuestion: can there be a word without a vowel\nAnswer:",
        "response": " (  "
      },
      {
        "question": "Passage: Tipping Point (game show) -- Tipping Point is a British television game show which began airing on ITV on 2 July 2012, and is presented by Ben Shephard. Four contestants answer general knowledge questions to win counters which they use on a large coin pusher arcade-style machine. Only the winner at the end has a chance to take home any money; the others leave with nothing except any non-cash prizes they may have won during the game.\nQuestion: does only the winner get money on tipping point\nAnswer:",