{
  "metadata": {
    "timestamp": "20241212_215145",
    "model_name": "meta-llama/Llama-3.2-1B",
    "num_pruned_layers": 1,
    "has_adapter": true,
    "task": "boolq"
  },
  "metrics": {
    "response_quality": {
      "total_responses": 3270,
      "valid_responses": 3249,
      "invalid_responses": 21,
      "invalid_percentage": 0.6422018348623854
    },
    "metrics": {
      "accuracy": 0.613419513696522,
      "evaluate_accuracy": {
        "accuracy": 0.609480122324159
      },
      "precision": 0.6307534947153085,
      "recall": 0.9144834404349975,
      "f1": 0.7465698143664244,
      "total_evaluated": 3249,
      "confusion_matrix": {
        "true_positives": 1850,
        "true_negatives": 143,
        "false_positives": 1083,
        "false_negatives": 173
      },
      "perplexities": [
        14.15625,
        13.9375,
        12.890625,
        14.2421875,
        13.6953125,
        12.5703125,
        13.2265625,
        13.6953125,
        14.328125,
        16.046875,
        15.015625,
        13.3828125,
        15.953125,
        14.578125,
        12.46875,
        12.375,
        14.328125,
        16.65625,
        17.796875,
        14.5546875,
        12.5703125,
        12.7890625,
        12.546875,
        11.375,
        16.421875,
        12.4921875,
        13.1953125,
        14.7265625,
        14.1875,
        16.328125,
        13.6953125,
        12.4453125,
        12.6171875,
        13.4609375,
        14.46875,
        12.375,
        14.1875,
        16.8125,
        13.1484375,
        12.2578125,
        11.3359375,
        13.859375,
        16.015625,
        10.2578125,
        13.328125,
        11.6953125,
        14.953125,
        14.296875,
        13.9140625,
        13.25,
        13.171875,
        12.9453125,
        11.921875,
        15.4296875,
        12.71875,
        14.328125,
        15.765625,
        15.4609375,
        13.75,
        13.2734375,
        13.25,
        12.765625,
        13.5078125,
        15.890625,
        17.078125,
        12.46875,
        12.59375,
        12.9140625,
        13.6953125,
        11.578125,
        14.578125,
        15.015625,
        15.34375,
        14.3515625,
        13.4296875,
        14.984375,
        13.7265625,
        13.6171875,
        13.96875,
        14.75,
        13.0703125,
        13.671875,
        12.2265625,
        13.78125,
        13.2734375,
        11.78125,
        16.171875,
        18.90625,
        15.640625,
        14.609375,
        15.1015625,
        13.6953125,
        14.8125,
        13.78125,
        12.71875,
        14.2421875,
        12.375,
        12.203125,
        15.921875,
        14.046875,
        10.4609375,
        13.6953125,
        14.8671875,
        15.1640625,
        12.5234375,
        14.4140625,
        13.3046875,
        13.9921875,
        14.609375,
        13.4609375,
        10.484375,
        13.3828125,
        12.6171875,
        11.5078125,
        14.7265625,
        14.3515625,
        14.4140625,
        15.1015625,
        13.171875,
        12.6640625,
        11.71875,
        12.3515625,
        14.1328125,
        12.71875,
        12.6953125,
        12.6171875,
        14.640625,
        14.578125,
        15.921875,
        17.109375,
        14.640625,
        12.640625,
        14.1328125,
        13.0703125,
        14.8671875,
        12.890625,
        12.3515625,
        13.5078125,
        14.21875,
        10.9453125,
        15.796875,
        14.2734375,
        15.734375,
        12.6953125,
        14.984375,
        13.96875,
        12.59375,
        14.4375,
        13.1484375,
        16.078125,
        15.21875,
        14.6640625,
        14.4921875,
        15.1640625,
        16.078125,
        11.2421875,
        15.0703125,
        12.0390625,
        12.2265625,
        15.578125,
        14.15625,
        11.9453125,
        11.8984375,
        13.3828125,
        17.109375,
        13.59375,
        18.328125,
        15.5234375,
        13.40625,
        15.3671875,
        14.1875,
        12.375,
        13.6171875,
        15.0703125,
        16.296875,
        15.4609375,
        11.828125,
        13.7265625,
        14.8359375,
        13.4609375,
        16.109375,
        16.421875,
        11.875,
        11.5546875,
        15.34375,
        15.4296875,
        15.1875,
        12.0625,
        13.9375,
        12.28125,
        14.8125,
        12.640625,
        15.5546875,
        11.9453125,
        12.4921875,
        10.796875,
        13.96875,
        10.1015625,
        13.671875,
        15.015625,
        12.59375,
        16.015625,
        12.9921875,
        12.4921875,
        15.4609375
      ],
      "mean_perplexity": 13.871646341463414
    },
    "invalid_examples": [
      {
        "question": "Passage: Ivory Coast -- Ivory Coast, also known as C\u00f4te d'Ivoire and officially as the Republic of C\u00f4te d'Ivoire, is a sovereign state located in West Africa. Ivory Coast's political capital is Yamoussoukro, and its economic capital and largest city is the port city of Abidjan. Its bordering countries are Guinea and Liberia in the west, Burkina Faso and Mali in the north, and Ghana in the east. The Gulf of Guinea (Atlantic Ocean) is located south of Ivory Coast.\nQuestion: is ivory coast and cote d ivoire the same\nAnswer:",
        "response": " Ivoryy.\n\n"
      },
      {
        "question": "Passage: Basketball (ball) -- A basketball (basketball ball) is a spherical ball used in basketball games. Basketballs typically range in size from very small promotional items only a few inches in diameter to extra large balls nearly a foot in diameter used in training exercises. For example, a youth basketball could be 27 inches (69 cm) in circumference, while an National Collegiate Athletic Association (NCAA) men's ball would be a maximum of 30 inches (76 cm) and an NCAA women's ball would be a maximum of 29 inches (74 cm). The standard for a basketball in the National Basketball Association (NBA) is 29.5 inches (75 cm) in circumference and for the Women's National Basketball Association (WNBA), a maximum circumference of 29 inches (74 cm). High school and junior leagues normally use NCAA, NBA or WNBA sized balls.\nQuestion: are ncaa and nba balls the same size\nAnswer:",
        "response": " necx Soci (_BLI-"
      },
      {
        "question": "Passage: Muay Thai -- Muay Thai (Thai: \u0e21\u0e27\u0e22\u0e44\u0e17\u0e22, RTGS: Muai Thai, pronounced (m\u016ba\u032fj th\u0101j) ( listen)) or Thai boxing is a combat sport of Thailand that uses stand-up striking along with various clinching techniques. This discipline is known as the ``Art of Eight Limbs'' because it is characterized by the combined use of fists, elbows, knees and shins. Muay Thai became widespread internationally in the twentieth century, when practitioners from Thailand began competing in Kickboxing, mixed rules matches, as well as matches under Muay Thai rules around the world. The professional league is governed by The Professional Boxing Association of Thailand (P.A.T) sanctioned by The Sports Authority of Thailand (S.A.T.), and World Professional Muaythai Federation (WMF) overseas.\nQuestion: is there a difference between muay thai and thai boxing\nAnswer:",
        "response": " Muazaaka; classniphi."
      },
      {
        "question": "Passage: Ip Man 3 -- Wing-sing accompanies Ip to the fight. After a battle with six and a half point poles, butterfly swords and an empty-handed fight, Ip eventually overpowers Cheung with a one-inch punch. Accepting defeat, Cheung destroys the banner that proclaimed himself to be the Grandmaster. Ip tells him that spending time with their closest ones are more important than competing and leaves. In the epilogue, it is revealed that Wing-sing died in 1960, and that Ip helped make Wing Chun well known internationally and left a legacy.\nQuestion: does ip man win in ip man 3\nAnswer:",