{
  "metadata": {
    "timestamp": "20241212_223934",
    "model_name": "meta-llama/Meta-Llama-3-8B",
    "num_pruned_layers": 17,
    "has_adapter": false,
    "task": "boolq"
  },
  "metrics": {
    "response_quality": {
      "total_responses": 3270,
      "valid_responses": 2245,
      "invalid_responses": 1025,
      "invalid_percentage": 31.345565749235476
    },
    "metrics": {
      "accuracy": 0.6142538975501114,
      "evaluate_accuracy": {
        "accuracy": 0.42171253822629967
      },
      "precision": 0.6149373881932021,
      "recall": 0.9963768115942029,
      "f1": 0.7605088495575221,
      "total_evaluated": 2245,
      "confusion_matrix": {
        "true_positives": 1375,
        "true_negatives": 4,
        "false_positives": 861,
        "false_negatives": 5
      },
      "perplexities": [
        673.0,
        625.0,
        736.0,
        702.5,
        867.5,
        793.0,
        657.5,
        665.0,
        667.5,
        774.5,
        768.5,
        665.0,
        620.0,
        751.0,
        702.5,
        705.5,
        673.0,
        733.5,
        657.5,
        821.5,
        867.5,
        673.0,
        551.5,
        771.5,
        711.0,
        608.0,
        774.5,
        694.5,
        711.0,
        805.5,
        771.5,
        689.0,
        708.0,
        765.5,
        805.5,
        649.5,
        555.5,
        730.5,
        802.5,
        730.5,
        691.5,
        689.0,
        733.5,
        762.5,
        818.0,
        736.0,
        675.5,
        745.0,
        719.0,
        691.5,
        753.5,
        759.5,
        670.5,
        622.5,
        719.0,
        756.5,
        708.0,
        765.5,
        689.0,
        824.5,
        799.0,
        667.5,
        727.5,
        736.0,
        850.5,
        828.0,
        639.5,
        762.5,
        745.0,
        660.0,
        867.5,
        1006.5,
        796.0,
        642.0,
        805.5,
        920.0,
        675.5,
        649.5,
        790.0,
        657.5,
        802.5,
        881.0,
        793.0,
        783.5,
        697.0,
        802.5,
        765.5,
        905.5,
        850.5,
        787.0,
        783.5,
        642.0,
        938.0,
        881.0,
        774.5,
        662.5,
        632.0,
        681.0,
        780.5,
        877.5,
        545.0,
        805.5,
        771.5,
        790.0,
        759.5,
        647.0,
        655.0,
        780.5,
        774.5,
        620.0,
        603.5,
        847.5,
        708.0,
        634.5,
        745.0,
        902.0,
        881.0,
        821.5,
        665.0,
        790.0,
        657.5,
        762.5,
        765.5,
        815.0,
        675.5,
        598.5,
        768.5,
        629.5,
        765.5,
        871.0,
        867.5,
        670.5,
        708.0,
        790.0,
        700.0,
        765.5,
        625.0,
        780.5,
        644.5,
        705.5,
        719.0,
        733.5,
        605.5,
        649.5,
        847.5,
        834.5,
        660.0,
        888.0,
        877.5,
        884.5,
        657.5,
        765.5,
        637.0,
        771.5,
        736.0,
        771.5,
        678.5,
        598.5,
        759.5,
        923.5,
        751.0,
        589.5,
        558.0,
        805.5,
        802.5,
        1101.0,
        850.5,
        634.5,
        748.0,
        620.0,
        691.5,
        662.5,
        655.0,
        673.0,
        837.5,
        705.5,
        793.0,
        681.0,
        850.5,
        708.0,
        1002.5,
        652.5,
        625.0,
        620.0,
        739.0,
        634.5,
        662.5,
        622.5,
        727.5,
        719.0,
        818.0,
        812.0,
        708.0,
        828.0,
        652.5,
        802.5,
        884.5,
        569.0,
        867.5,
        774.5,
        711.0,
        691.5,
        719.0,
        649.5,
        730.5
      ],
      "mean_perplexity": 738.3585365853659
    },
    "invalid_examples": [
      {
        "question": "Passage: Phantom pain -- Phantom pain sensations are described as perceptions that an individual experiences relating to a limb or an organ that is not physically part of the body. Limb loss is a result of either removal by amputation or congenital limb deficiency. However, phantom limb sensations can also occur following nerve avulsion or spinal cord injury.\nQuestion: is pain experienced in a missing body part or paralyzed area\nAnswer:",
        "response": "  [ \n"
      },
      {
        "question": "Passage: Barq's -- Barq's /\u02c8b\u0251\u02d0rks/ is an American soft drink. Its brand of root beer is notable for having caffeine. Barq's, created by Edward Barq and bottled since the turn of the 20th century, is owned by the Barq family but bottled by the Coca-Cola Company. It was known as Barq's Famous Olde Tyme Root Beer until 2012.\nQuestion: is barq's root beer a pepsi product\nAnswer:",
        "response": " (......\n...\n,,...\n ["
      },
      {
        "question": "Passage: 2018 FIFA World Cup knockout stage -- The knockout stage of the 2018 FIFA World Cup was the second and final stage of the competition, following the group stage. It began on 30 June with the round of 16 and ended on 15 July with the final match, held at the Luzhniki Stadium in Moscow. The top two teams from each group (16 in total) advanced to the knockout stage to compete in a single-elimination style tournament. A third place play-off was also played between the two losing teams of the semi-finals.\nQuestion: is there a play off for third place in the world cup\nAnswer:",
        "response": " (...C/\u00a0...\n...\n"
      },
      {
        "question": "Passage: Bloodline (TV series) -- Bloodline was announced in October 2014 as part of a partnership between Netflix and Sony Pictures Television, representing Netflix's first major deal with a major film studio for a television series. The series was created and executive produced by Todd A. Kessler, Glenn Kessler, and Daniel Zelman, who previously created the FX series Damages. According to its official synopsis released by Netflix, Bloodline ``centers on a close-knit family of four adult siblings whose secrets and scars are revealed when their black sheep brother returns home.''\nQuestion: is the show bloodline based on a true story\nAnswer:",
        "response": " (......\n...\n\n)\n) W"
      },
      {
        "question": "Passage: The Vampire Diaries (season 8) -- The Vampire Diaries, an American supernatural drama, was renewed for an eighth season by The CW on March 11, 2016. On July 23, 2016, the CW announced that the upcoming season would be the series' last and would consist of 16 episodes. The season premiered on October 21, 2016 and concluded on March 10, 2017.\nQuestion: will there be a season 8 of vampire diaries\nAnswer:",
        "response": " (...\n [...[n\u00a0......\n"
      },
      {
        "question": "Passage: The Resident (TV series) -- The Resident is an American medical drama television series aired by Fox Broadcasting Company that premiered on January 21, 2018, as a mid-season replacement entry in the 2017--18 television season. The fictional series focuses on the lives and duties of staff members at Chastain Park Memorial Hospital, while delving into the bureaucratic practices of the hospital industry. Formerly called The City, the show was purchased by Fox from Showtime in 2017. It was created by created by Amy Holden Jones, Hayley Schore, and Roshan Sethi. On May 10, 2017, Fox ordered a full 14-episode season and renewed the series for a second season on May 7, 2018. The first season officially concluded on May 14, 2018.\nQuestion: is the tv show the resident over for the season\nAnswer:",