{
  "metadata": {
    "timestamp": "20241212_223615",
    "model_name": "meta-llama/Meta-Llama-3-8B",
    "num_pruned_layers": 14,
    "has_adapter": true,
    "task": "boolq"
  },
  "metrics": {
    "response_quality": {
      "total_responses": 3270,
      "valid_responses": 1373,
      "invalid_responses": 1897,
      "invalid_percentage": 58.01223241590214
    },
    "metrics": {
      "accuracy": 0.616897305171158,
      "evaluate_accuracy": {
        "accuracy": 0.25902140672782875
      },
      "precision": 0.6248120300751879,
      "recall": 0.9685314685314685,
      "f1": 0.7595978062157221,
      "total_evaluated": 1373,
      "confusion_matrix": {
        "true_positives": 831,
        "true_negatives": 16,
        "false_positives": 499,
        "false_negatives": 27
      },
      "perplexities": [
        8232.0,
        3352.0,
        12456.0,
        8424.0,
        10160.0,
        7264.0,
        8968.0,
        5976.0,
        6260.0,
        6772.0,
        6664.0,
        8104.0,
        6876.0,
        10320.0,
        7732.0,
        10160.0,
        8896.0,
        5884.0,
        7916.0,
        18544.0,
        10904.0,
        14000.0,
        3652.0,
        6564.0,
        10488.0,
        3378.0,
        7264.0,
        4916.0,
        6664.0,
        4764.0,
        7672.0,
        8488.0,
        6460.0,
        7208.0,
        9256.0,
        4728.0,
        11976.0,
        7436.0,
        6824.0,
        6772.0,
        6460.0,
        5440.0,
        8360.0,
        9184.0,
        10648.0,
        5792.0,
        7792.0,
        7264.0,
        6876.0,
        7208.0,
        7436.0,
        5396.0,
        6312.0,
        5356.0,
        6360.0,
        7916.0,
        6020.0,
        9624.0,
        5232.0,
        6772.0,
        9624.0,
        6068.0,
        5152.0,
        5700.0,
        8104.0,
        6460.0,
        7852.0,
        9328.0,
        6564.0,
        13464.0,
        8040.0,
        5396.0,
        9040.0,
        5356.0,
        8040.0,
        15992.0,
        8896.0,
        6020.0,
        5792.0,
        5484.0,
        6212.0,
        8896.0,
        7612.0,
        11880.0,
        9400.0,
        13152.0,
        9184.0,
        4108.0,
        11880.0,
        10816.0,
        8104.0,
        8760.0,
        6824.0,
        10488.0,
        9776.0,
        5700.0,
        3652.0,
        7552.0,
        7208.0,
        8624.0,
        6460.0,
        8968.0,
        5792.0,
        7552.0,
        7376.0,
        17984.0,
        11160.0,
        9112.0,
        8488.0,
        7040.0,
        7152.0,
        8760.0,
        10992.0,
        5396.0,
        15136.0,
        16624.0,
        8040.0,
        6116.0,
        10088.0,
        12648.0,
        6068.0,
        13360.0,
        5928.0,
        12952.0,
        8104.0,
        5836.0,
        5524.0,
        5112.0,
        6716.0,
        6772.0,
        7916.0,
        5032.0,
        9544.0,
        7916.0,
        9776.0,
        6824.0,
        5928.0,
        10568.0,
        10816.0,
        18256.0,
        5884.0,
        6716.0,
        9544.0,
        7376.0,
        9184.0,
        6312.0,
        6716.0,
        11608.0,
        5440.0,
        7208.0,
        4512.0,
        8424.0,
        8624.0,
        10160.0,
        8360.0,
        9544.0,
        7496.0,
        9256.0,
        12552.0,
        6824.0,
        9040.0,
        7152.0,
        4074.0,
        8624.0,
        9544.0,
        11520.0,
        6824.0,
        7320.0,
        6260.0,
        5524.0,
        4688.0,
        6716.0,
        9776.0,
        5524.0,
        11160.0,
        6512.0,
        4800.0,
        6412.0,
        5524.0,
        5316.0,
        6824.0,
        5524.0,
        8760.0,
        6068.0,
        5272.0,
        9848.0,
        20368.0,
        7152.0,
        4652.0,
        6116.0,
        6772.0,
        12648.0,
        5612.0,
        6512.0,
        11520.0,
        8488.0,
        13152.0,
        9184.0,
        7916.0,
        9776.0,
        9544.0,
        6984.0,
        6412.0,
        5484.0,
        6716.0
      ],
      "mean_perplexity": 8083.941463414634
    },
    "invalid_examples": [
      {
        "question": "Passage: Property tax -- Property tax or 'house tax' is a local tax on buildings, along with appurtenant land. It is and imposed on the Possessor (not the custodian of property as per 1978, 44th amendment of constitution). It resembles the US-type wealth tax and differs from the excise-type UK rate. The tax power is vested in the states and is delegated to local bodies, specifying the valuation method, rate band, and collection procedures. The tax base is the annual rental value (ARV) or area-based rating. Owner-occupied and other properties not producing rent are assessed on cost and then converted into ARV by applying a percentage of cost, usually four percent. Vacant land is generally exempt. Central government properties are exempt. Instead a 'service charge' is permissible under executive order. Properties of foreign missions also enjoy tax exemption without requiring reciprocity. The tax is usually accompanied by service taxes, e.g., water tax, drainage tax, conservancy (sanitation) tax, lighting tax, all using the same tax base. The rate structure is flat on rural (panchayat) properties, but in the urban (municipal) areas it is mildly progressive with about 80% of assessments falling in the first two brackets.\nQuestion: is house tax and property tax are same\nAnswer:",
        "response": " &&\ufffd\ufffd\ufffd\u2015\u2015\u2015\u2015"
      },
      {
        "question": "Passage: Harry Potter and the Escape from Gringotts -- Harry Potter and the Escape from Gringotts is an indoor steel roller coaster at Universal Studios Florida, a theme park located within the Universal Orlando Resort. Similar to dark rides, the roller coaster utilizes special effects in a controlled-lighting environment and also employs motion-based 3-D projection of both animation and live-action sequences to enhance the experience. The ride, which is themed to the Gringotts Wizarding Bank, became the flagship attraction for the expanded Wizarding World of Harry Potter when it opened on July 8, 2014.\nQuestion: is harry potter and the escape from gringotts a roller coaster ride\nAnswer:",
        "response": "\ufe0f\ufffd\ufffd\ufffd\ufffd\ufffdobao o"
      },
      {
        "question": "Passage: Parity (mathematics) -- In mathematics, parity is the property of an integer's inclusion in one of two categories: even or odd. An integer is even if it is evenly divisible by two and odd if it is not even. For example, 6 is even because there is no remainder when dividing it by 2. By contrast, 3, 5, 7, 21 leave a remainder of 1 when divided by 2. Examples of even numbers include \u22124, 0, 82 and 178. In particular, zero is an even number. Some examples of odd numbers are \u22125, 3, 29, and 73.\nQuestion: can an odd number be divided by an even number\nAnswer:",
        "response": " &&\u68bf\u0627\u0628\u0644ILONILON\ufffd"
      },
      {
        "question": "Passage: List of English words containing Q not followed by U -- Of the 71 words in this list, 67 are nouns, and most would generally be considered loanwords; the only modern-English words that contain Q not followed by U and are not borrowed from another language are qiana, qwerty, and tranq. However, all of the loanwords on this list are considered to be naturalised in English according to at least one major dictionary (see References), often because they refer to concepts or societal roles that do not have an accurate equivalent in English. For words to appear here, they must appear in their own entry in a dictionary; words which occur only as part of a longer phrase are not included.\nQuestion: is there a word with q without u\nAnswer:",