{
  "metadata": {
    "timestamp": "20241212_215858",
    "model_name": "meta-llama/Llama-3.2-1B",
    "num_pruned_layers": 15,
    "has_adapter": true,
    "task": "boolq"
  },
  "metrics": {
    "response_quality": {
      "total_responses": 3270,
      "valid_responses": 3270,
      "invalid_responses": 0,
      "invalid_percentage": 0.0
    },
    "metrics": {
      "accuracy": 0.6217125382262997,
      "evaluate_accuracy": {
        "accuracy": 0.6217125382262997
      },
      "precision": 0.6217125382262997,
      "recall": 1.0,
      "f1": 0.7667358099189139,
      "total_evaluated": 3270,
      "confusion_matrix": {
        "true_positives": 2033,
        "true_negatives": 0,
        "false_positives": 1237,
        "false_negatives": 0
      },
      "perplexities": [
        1318.0,
        1177.0,
        1447.0,
        1392.0,
        1523.0,
        1370.0,
        1323.0,
        1464.0,
        1272.0,
        1375.0,
        1481.0,
        1248.0,
        1282.0,
        1476.0,
        1392.0,
        1349.0,
        1534.0,
        1419.0,
        1318.0,
        1646.0,
        1517.0,
        1302.0,
        1075.0,
        1534.0,
        1397.0,
        1145.0,
        1441.0,
        1252.0,
        1344.0,
        1493.0,
        1487.0,
        1354.0,
        1344.0,
        1408.0,
        1436.0,
        1397.0,
        1110.0,
        1397.0,
        1672.0,
        1493.0,
        1408.0,
        1238.0,
        1365.0,
        1338.0,
        1430.0,
        1209.0,
        1318.0,
        1505.0,
        1214.0,
        1272.0,
        1392.0,
        1458.0,
        1292.0,
        1145.0,
        1419.0,
        1458.0,
        1333.0,
        1458.0,
        1408.0,
        1640.0,
        1583.0,
        1302.0,
        1287.0,
        1447.0,
        1419.0,
        1282.0,
        1248.0,
        1359.0,
        1408.0,
        1302.0,
        1633.0,
        1873.0,
        1565.0,
        1312.0,
        1577.0,
        1602.0,
        1292.0,
        1392.0,
        1640.0,
        1302.0,
        1627.0,
        1614.0,
        1659.0,
        1528.0,
        1307.0,
        1458.0,
        1493.0,
        1685.0,
        1470.0,
        1608.0,
        1447.0,
        1195.0,
        1732.0,
        1614.0,
        1481.0,
        1219.0,
        1172.0,
        1419.0,
        1499.0,
        1801.0,
        1067.0,
        1577.0,
        1397.0,
        1370.0,
        1408.0,
        1441.0,
        1238.0,
        1528.0,
        1553.0,
        1252.0,
        1257.0,
        1481.0,
        1338.0,
        1287.0,
        1425.0,
        1766.0,
        1698.0,
        1505.0,
        1262.0,
        1540.0,
        1323.0,
        1547.0,
        1602.0,
        1659.0,
        1272.0,
        1163.0,
        1481.0,
        1307.0,
        1589.0,
        1589.0,
        1559.0,
        1302.0,
        1464.0,
        1476.0,
        1511.0,
        1312.0,
        1127.0,
        1559.0,
        1370.0,
        1386.0,
        1464.0,
        1528.0,
        1190.0,
        1277.0,
        1553.0,
        1565.0,
        1287.0,
        1583.0,
        1633.0,
        1646.0,
        1252.0,
        1511.0,
        1190.0,
        1430.0,
        1397.0,
        1553.0,
        1233.0,
        1181.0,
        1653.0,
        1596.0,
        1436.0,
        1154.0,
        1097.0,
        1589.0,
        1517.0,
        1787.0,
        1553.0,
        1167.0,
        1408.0,
        1219.0,
        1307.0,
        1267.0,
        1248.0,
        1349.0,
        1505.0,
        1204.0,
        1517.0,
        1200.0,
        1614.0,
        1381.0,
        1910.0,
        1252.0,
        1200.0,
        1167.0,
        1553.0,
        1105.0,
        1307.0,
        1190.0,
        1481.0,
        1248.0,
        1712.0,
        1441.0,
        1365.0,
        1528.0,
        1328.0,
        1540.0,
        1705.0,
        1084.0,
        1414.0,
        1464.0,
        1257.0,
        1267.0,
        1277.0,
        1272.0,
        1354.0
      ],
      "mean_perplexity": 1410.7658536585366
    },
    "invalid_examples": []
  }
}