{
  "metadata": {
    "timestamp": "20241212_225002",
    "model_name": "meta-llama/Meta-Llama-3-8B",
    "num_pruned_layers": 27,
    "has_adapter": true,
    "task": "boolq"
  },
  "metrics": {
    "response_quality": {
      "total_responses": 3270,
      "valid_responses": 2264,
      "invalid_responses": 1006,
      "invalid_percentage": 30.76452599388379
    },
    "metrics": {
      "accuracy": 0.6073321554770318,
      "evaluate_accuracy": {
        "accuracy": 0.42048929663608564
      },
      "precision": 0.6123467998184294,
      "recall": 0.9747109826589595,
      "f1": 0.7521605798717592,
      "total_evaluated": 2264,
      "confusion_matrix": {
        "true_positives": 1349,
        "true_negatives": 26,
        "false_positives": 854,
        "false_negatives": 35
      },
      "perplexities": [
        249.5,
        219.375,
        260.5,
        238.125,
        264.5,
        240.0,
        225.375,
        239.0,
        236.25,
        267.75,
        274.0,
        233.5,
        221.875,
        265.5,
        257.5,
        247.625,
        258.5,
        260.5,
        262.5,
        301.0,
        296.25,
        220.25,
        202.125,
        251.5,
        252.5,
        190.625,
        267.75,
        238.125,
        234.375,
        286.0,
        255.375,
        227.25,
        244.75,
        254.5,
        279.5,
        231.625,
        211.75,
        262.5,
        288.25,
        247.625,
        242.75,
        218.5,
        263.5,
        238.125,
        257.5,
        211.75,
        253.5,
        265.5,
        221.0,
        235.375,
        263.5,
        253.5,
        240.0,
        218.5,
        244.75,
        261.5,
        257.5,
        281.75,
        240.875,
        283.75,
        275.0,
        229.0,
        245.625,
        276.25,
        279.5,
        234.375,
        227.25,
        255.375,
        270.75,
        229.0,
        276.25,
        313.0,
        286.0,
        228.125,
        252.5,
        282.75,
        244.75,
        244.75,
        278.25,
        240.0,
        295.25,
        288.25,
        280.5,
        264.5,
        230.75,
        256.5,
        266.75,
        316.75,
        281.75,
        267.75,
        261.5,
        221.875,
        309.25,
        316.75,
        249.5,
        209.25,
        197.375,
        267.75,
        276.25,
        298.75,
        188.375,
        281.75,
        260.5,
        253.5,
        258.5,
        257.5,
        234.375,
        275.0,
        273.0,
        225.375,
        195.875,
        259.5,
        230.75,
        207.625,
        278.25,
        319.25,
        296.25,
        296.25,
        237.125,
        240.0,
        226.25,
        260.5,
        276.25,
        268.75,
        236.25,
        206.875,
        268.75,
        211.75,
        262.5,
        294.0,
        276.25,
        233.5,
        261.5,
        273.0,
        269.75,
        240.875,
        202.125,
        262.5,
        231.625,
        241.875,
        258.5,
        263.5,
        231.625,
        204.5,
        289.5,
        289.5,
        226.25,
        299.75,
        295.25,
        283.75,
        235.375,
        272.0,
        208.5,
        274.0,
        270.75,
        258.5,
        229.875,
        201.25,
        257.5,
        288.25,
        279.5,
        181.875,
        196.625,
        281.75,
        308.0,
        316.75,
        292.75,
        229.0,
        256.5,
        236.25,
        237.125,
        229.0,
        228.125,
        241.875,
        288.25,
        228.125,
        240.0,
        240.0,
        290.5,
        229.875,
        318.0,
        244.75,
        205.25,
        195.875,
        269.75,
        214.25,
        249.5,
        212.625,
        256.5,
        224.5,
        330.5,
        262.5,
        259.5,
        257.5,
        230.75,
        259.5,
        298.75,
        211.75,
        265.5,
        273.0,
        233.5,
        241.875,
        240.0,
        211.0,
        258.5
      ],
      "mean_perplexity": 253.23353658536584
    },
    "invalid_examples": [
      {
        "question": "Passage: Ethanol fuel -- All biomass goes through at least some of these steps: it needs to be grown, collected, dried, fermented, distilled, and burned. All of these steps require resources and an infrastructure. The total amount of energy input into the process compared to the energy released by burning the resulting ethanol fuel is known as the energy balance (or ``energy returned on energy invested''). Figures compiled in a 2007 report by National Geographic Magazine point to modest results for corn ethanol produced in the US: one unit of fossil-fuel energy is required to create 1.3 energy units from the resulting ethanol. The energy balance for sugarcane ethanol produced in Brazil is more favorable, with one unit of fossil-fuel energy required to create 8 from the ethanol. Energy balance estimates are not easily produced, thus numerous such reports have been generated that are contradictory. For instance, a separate survey reports that production of ethanol from sugarcane, which requires a tropical climate to grow productively, returns from 8 to 9 units of energy for each unit expended, as compared to corn, which only returns about 1.34 units of fuel energy for each unit of energy expended. A 2006 University of California Berkeley study, after analyzing six separate studies, concluded that producing ethanol from corn uses much less petroleum than producing gasoline.\nQuestion: does ethanol take more energy make that produces\nAnswer:",
        "response": "    \ufffd(\u00ad\re"
      },
      {
        "question": "Passage: Phantom pain -- Phantom pain sensations are described as perceptions that an individual experiences relating to a limb or an organ that is not physically part of the body. Limb loss is a result of either removal by amputation or congenital limb deficiency. However, phantom limb sensations can also occur following nerve avulsion or spinal cord injury.\nQuestion: is pain experienced in a missing body part or paralyzed area\nAnswer:",
        "response": "   ^{/ # \ufffdH W"
      },
      {
        "question": "Passage: Hydroxyzine -- Hydroxyzine preparations require a doctor's prescription. The drug is available in two formulations, the pamoate and the dihydrochloride or hydrochloride salts. Vistaril, Equipose, Masmoran, and Paxistil are preparations of the pamoate salt, while Atarax, Alamon, Aterax, Durrax, Tran-Q, Orgatrax, Quiess, and Tranquizine are of the hydrochloride salt.\nQuestion: is there a difference between hydroxyzine hcl and hydroxyzine pam\nAnswer:",
        "response": "    \ufffd(\u00ad\u00a0''"
      },
      {
        "question": "Passage: Parity (mathematics) -- In mathematics, parity is the property of an integer's inclusion in one of two categories: even or odd. An integer is even if it is evenly divisible by two and odd if it is not even. For example, 6 is even because there is no remainder when dividing it by 2. By contrast, 3, 5, 7, 21 leave a remainder of 1 when divided by 2. Examples of even numbers include \u22124, 0, 82 and 178. In particular, zero is an even number. Some examples of odd numbers are \u22125, 3, 29, and 73.\nQuestion: can an odd number be divided by an even number\nAnswer:",
        "response": "   \ufffd(\u00ad\u00a0''."
      },
      {
        "question": "Passage: American entry into Canada by land -- Persons driving into Canada must have their vehicle's registration document and proof of insurance.\nQuestion: can u drive in canada with us license\nAnswer:",