{
  "metadata": {
    "timestamp": "20241212_221003",
    "model_name": "meta-llama/Meta-Llama-3-8B",
    "num_pruned_layers": 1,
    "has_adapter": true,
    "task": "boolq"
  },
  "metrics": {
    "response_quality": {
      "total_responses": 3270,
      "valid_responses": 3250,
      "invalid_responses": 20,
      "invalid_percentage": 0.6116207951070336
    },
    "metrics": {
      "accuracy": 0.6236923076923077,
      "evaluate_accuracy": {
        "accuracy": 0.6198776758409786
      },
      "precision": 0.6264331210191083,
      "recall": 0.9752107089737233,
      "f1": 0.7628466162497577,
      "total_evaluated": 3250,
      "confusion_matrix": {
        "true_positives": 1967,
        "true_negatives": 60,
        "false_positives": 1173,
        "false_negatives": 50
      },
      "perplexities": [
        8.2578125,
        8.625,
        7.7421875,
        8.5859375,
        8.5234375,
        7.5625,
        7.65234375,
        8.1484375,
        8.2734375,
        8.8984375,
        9.65625,
        8.34375,
        9.453125,
        8.2265625,
        7.12109375,
        7.03515625,
        8.7890625,
        10.3359375,
        10.1015625,
        8.5078125,
        6.609375,
        7.7734375,
        7.32421875,
        6.53515625,
        9.75,
        7.4921875,
        7.078125,
        10.140625,
        8.875,
        9.828125,
        8.2265625,
        7.8046875,
        7.53515625,
        7.8515625,
        8.3203125,
        7.8203125,
        8.2265625,
        9.84375,
        8.0390625,
        6.90234375,
        7.03515625,
        7.8359375,
        9.4296875,
        6.109375,
        7.53515625,
        7.140625,
        8.9140625,
        8.5859375,
        9.125,
        7.3515625,
        7.59375,
        7.65234375,
        6.9609375,
        9.453125,
        7.69921875,
        8.625,
        9.8828125,
        8.7421875,
        8.7421875,
        7.94140625,
        7.89453125,
        7.40234375,
        7.8203125,
        9.5078125,
        10.0234375,
        7.50390625,
        7.2890625,
        7.203125,
        8.1640625,
        6.39453125,
        8.375,
        8.5859375,
        8.671875,
        9.0,
        7.94140625,
        9.375,
        8.0234375,
        8.5390625,
        9.0703125,
        8.625,
        7.5625,
        7.95703125,
        7.375,
        8.1171875,
        7.8203125,
        6.83203125,
        9.2109375,
        11.625,
        8.2265625,
        8.5546875,
        9.140625,
        7.8359375,
        8.671875,
        7.203125,
        7.19140625,
        8.421875,
        8.0234375,
        7.63671875,
        8.9140625,
        8.1640625,
        6.4375,
        7.7578125,
        9.265625,
        9.140625,
        7.2890625,
        8.5234375,
        7.8828125,
        8.0859375,
        8.5234375,
        7.8828125,
        6.19140625,
        8.5859375,
        6.71484375,
        7.4921875,
        8.5703125,
        7.578125,
        8.625,
        9.7109375,
        7.04296875,
        7.1328125,
        6.9609375,
        7.09765625,
        8.46875,
        7.53515625,
        7.50390625,
        7.65234375,
        8.1640625,
        9.4296875,
        9.8671875,
        10.421875,
        8.828125,
        7.66796875,
        8.1171875,
        7.89453125,
        8.5390625,
        7.7421875,
        7.609375,
        8.6875,
        8.40625,
        6.24609375,
        9.8828125,
        8.3046875,
        9.265625,
        7.609375,
        9.0859375,
        7.8671875,
        7.4765625,
        8.2890625,
        7.8203125,
        10.140625,
        8.828125,
        9.125,
        8.7890625,
        9.0,
        9.5234375,
        6.6484375,
        9.140625,
        7.2265625,
        6.67578125,
        9.1953125,
        8.5078125,
        6.9609375,
        6.93359375,
        7.7421875,
        9.75,
        7.71484375,
        10.8125,
        8.5234375,
        8.390625,
        9.125,
        8.8984375,
        7.609375,
        7.94140625,
        9.34375,
        9.25,
        9.484375,
        7.24609375,
        9.109375,
        8.3046875,
        8.40625,
        10.1015625,
        9.4296875,
        7.26171875,
        7.19140625,
        8.2421875,
        9.375,
        9.109375,
        7.3671875,
        8.421875,
        7.578125,
        8.390625,
        7.25390625,
        8.7265625,
        6.56640625,
        7.63671875,
        6.44921875,
        8.2734375,
        6.45703125,
        7.8203125,
        8.9140625,
        8.0703125,
        9.6953125,
        7.609375,
        7.7734375,
        8.1171875
      ],
      "mean_perplexity": 8.22985899390244
    },
    "invalid_examples": [
      {
        "question": "Passage: Dying Light: The Following -- Dying Light: The Following is an expansion pack for the open-world first-person survival horror video game Dying Light. The game was developed by Techland, published by Warner Bros. Interactive Entertainment, and released for Microsoft Windows, Linux, PlayStation 4, and Xbox One on February 9, 2016. The expansion adds characters, a story campaign, weapons, and gameplay mechanics. Dying Light: The Following -- Enhanced Edition includes Dying Light, Dying Light: The Following, and downloadable content released for the original game.\nQuestion: does dying light the following enhanced edition come with the original game\nAnswer:",
        "response": " D\nS S S G G G"
      },
      {
        "question": "Passage: Dramaturgy (sociology) -- Dramaturgy is a sociological perspective commonly used in microsociological accounts of social interaction in everyday life. The term was first adapted into sociology from the theatre by Erving Goffman, who developed most of the related terminology and ideas in his 1959 book, The Presentation of Self in Everyday Life. Kenneth Burke, whom Goffman would later acknowledge as an influence, had earlier presented his notions of dramatism in 1945, which in turn derives from Shakespeare. However, the fundamental difference between Burke's and Goffman's view is that Burke believed that life was in fact theatre, whereas Goffman viewed theatre as a metaphor. If we imagine ourselves as directors observing what goes on in the theatre of everyday life, we are doing what Goffman called dramaturgical analysis, the study of social interaction in terms of theatrical performance.\nQuestion: is the sociologist associated with the dramaturgical model of social interaction\nAnswer:",
        "response": " Erving L Kingm\nM M"
      },
      {
        "question": "Passage: .380 ACP -- The .380 ACP (9\u00d717mm) (Automatic Colt Pistol) is a rimless, straight-walled pistol cartridge developed by firearms designer John Moses Browning. The cartridge headspaces on the mouth of the case. It was introduced in 1908 by Colt, for use in its new Colt Model 1908 pocket hammerless semi-automatic, and has been a popular self-defense cartridge ever since, seeing wide use in numerous handguns (typically smaller weapons). Other names for .380 ACP include .380 Auto, 9mm Browning, 9mm Corto, 9mm Kurz, 9mm Short, 9\u00d717mm and 9 mm Browning Court (which is the C.I.P. designation). It should not to be confused with .38 ACP, from which it was developed.\nQuestion: is 380 acp the same as 380 auto\nAnswer:",