{
  "metadata": {
    "timestamp": "20241212_224917",
    "model_name": "meta-llama/Meta-Llama-3-8B",
    "num_pruned_layers": 26,
    "has_adapter": false,
    "task": "boolq"
  },
  "metrics": {
    "response_quality": {
      "total_responses": 3270,
      "valid_responses": 2801,
      "invalid_responses": 469,
      "invalid_percentage": 14.34250764525994
    },
    "metrics": {
      "accuracy": 0.6076401285255266,
      "evaluate_accuracy": {
        "accuracy": 0.5204892966360857
      },
      "precision": 0.6238113351084063,
      "recall": 0.9371428571428572,
      "f1": 0.7490294587805435,
      "total_evaluated": 2801,
      "confusion_matrix": {
        "true_positives": 1640,
        "true_negatives": 62,
        "false_positives": 989,
        "false_negatives": 110
      },
      "perplexities": [
        32304.0,
        27200.0,
        31792.0,
        31312.0,
        31056.0,
        36032.0,
        26160.0,
        25152.0,
        24576.0,
        30816.0,
        33856.0,
        28720.0,
        19904.0,
        36320.0,
        42464.0,
        37184.0,
        28512.0,
        28288.0,
        30112.0,
        41792.0,
        43136.0,
        22368.0,
        28064.0,
        32048.0,
        22544.0,
        27408.0,
        38976.0,
        25952.0,
        28064.0,
        21184.0,
        33312.0,
        32048.0,
        23824.0,
        32800.0,
        42464.0,
        28512.0,
        27840.0,
        29184.0,
        33856.0,
        32304.0,
        38656.0,
        36032.0,
        32304.0,
        38048.0,
        36032.0,
        41472.0,
        30816.0,
        33056.0,
        23088.0,
        30112.0,
        39584.0,
        36320.0,
        22368.0,
        26368.0,
        29632.0,
        33600.0,
        28720.0,
        21856.0,
        25360.0,
        48864.0,
        38048.0,
        31552.0,
        34912.0,
        22544.0,
        32048.0,
        33056.0,
        23632.0,
        34368.0,
        27408.0,
        34656.0,
        36032.0,
        32048.0,
        36608.0,
        20688.0,
        35488.0,
        33856.0,
        29632.0,
        23264.0,
        34368.0,
        26160.0,
        31792.0,
        42112.0,
        29872.0,
        33856.0,
        30816.0,
        41152.0,
        25952.0,
        29872.0,
        47008.0,
        35744.0,
        28512.0,
        33312.0,
        47360.0,
        45536.0,
        35200.0,
        30576.0,
        24576.0,
        32560.0,
        29872.0,
        34912.0,
        30816.0,
        34112.0,
        25952.0,
        22032.0,
        37472.0,
        24768.0,
        25360.0,
        42464.0,
        25360.0,
        25552.0,
        36320.0,
        33312.0,
        31792.0,
        37472.0,
        30576.0,
        38976.0,
        30816.0,
        28064.0,
        30112.0,
        25552.0,
        33056.0,
        38976.0,
        24960.0,
        38976.0,
        29872.0,
        29408.0,
        34656.0,
        29632.0,
        26784.0,
        31312.0,
        30576.0,
        25552.0,
        25152.0,
        32304.0,
        33312.0,
        38976.0,
        26368.0,
        35744.0,
        34368.0,
        33600.0,
        32048.0,
        26992.0,
        21344.0,
        47360.0,
        23632.0,
        39264.0,
        29184.0,
        39264.0,
        40512.0,
        25744.0,
        23088.0,
        31056.0,
        25952.0,
        30112.0,
        28512.0,
        35488.0,
        25152.0,
        27200.0,
        40832.0,
        44480.0,
        27840.0,
        25152.0,
        33056.0,
        34112.0,
        29408.0,
        40832.0,
        22192.0,
        24192.0,
        29632.0,
        23440.0,
        34656.0,
        27200.0,
        29872.0,
        29184.0,
        34912.0,
        36032.0,
        37760.0,
        35744.0,
        26784.0,
        26160.0,
        26992.0,
        26992.0,
        35200.0,
        28064.0,
        24000.0,
        18992.0,
        23264.0,
        33600.0,
        36032.0,
        34112.0,
        33056.0,
        47008.0,
        27408.0,
        48864.0,
        25360.0,
        39264.0,
        39264.0,
        27840.0,
        38656.0,
        30816.0,
        35488.0,
        24384.0,
        36896.0,
        25552.0,
        27200.0
      ],
      "mean_perplexity": 31623.570731707317
    },
    "invalid_examples": [
      {
        "question": "Passage: Ethanol fuel -- All biomass goes through at least some of these steps: it needs to be grown, collected, dried, fermented, distilled, and burned. All of these steps require resources and an infrastructure. The total amount of energy input into the process compared to the energy released by burning the resulting ethanol fuel is known as the energy balance (or ``energy returned on energy invested''). Figures compiled in a 2007 report by National Geographic Magazine point to modest results for corn ethanol produced in the US: one unit of fossil-fuel energy is required to create 1.3 energy units from the resulting ethanol. The energy balance for sugarcane ethanol produced in Brazil is more favorable, with one unit of fossil-fuel energy required to create 8 from the ethanol. Energy balance estimates are not easily produced, thus numerous such reports have been generated that are contradictory. For instance, a separate survey reports that production of ethanol from sugarcane, which requires a tropical climate to grow productively, returns from 8 to 9 units of energy for each unit expended, as compared to corn, which only returns about 1.34 units of fuel energy for each unit of energy expended. A 2006 University of California Berkeley study, after analyzing six separate studies, concluded that producing ethanol from corn uses much less petroleum than producing gasoline.\nQuestion: does ethanol take more energy make that produces\nAnswer:",
        "response": ",\u00a0\u00fa\u00e1j Ajax Ajax Eag\u00d6L"
      },
      {
        "question": "Passage: Harry Potter and the Escape from Gringotts -- Harry Potter and the Escape from Gringotts is an indoor steel roller coaster at Universal Studios Florida, a theme park located within the Universal Orlando Resort. Similar to dark rides, the roller coaster utilizes special effects in a controlled-lighting environment and also employs motion-based 3-D projection of both animation and live-action sequences to enhance the experience. The ride, which is themed to the Gringotts Wizarding Bank, became the flagship attraction for the expanded Wizarding World of Harry Potter when it opened on July 8, 2014.\nQuestion: is harry potter and the escape from gringotts a roller coaster ride\nAnswer:",
        "response": ",\u00a0\u00fa\u00e1j Ajax Ajax Eaguges"
      },
      {
        "question": "Passage: Hydroxyzine -- Hydroxyzine preparations require a doctor's prescription. The drug is available in two formulations, the pamoate and the dihydrochloride or hydrochloride salts. Vistaril, Equipose, Masmoran, and Paxistil are preparations of the pamoate salt, while Atarax, Alamon, Aterax, Durrax, Tran-Q, Orgatrax, Quiess, and Tranquizine are of the hydrochloride salt.\nQuestion: is there a difference between hydroxyzine hcl and hydroxyzine pam\nAnswer:",