{
  "metadata": {
    "timestamp": "20241212_215840",
    "model_name": "meta-llama/Llama-3.2-1B",
    "num_pruned_layers": 12,
    "has_adapter": false,
    "task": "boolq"
  },
  "metrics": {
    "response_quality": {
      "total_responses": 3270,
      "valid_responses": 3026,
      "invalid_responses": 244,
      "invalid_percentage": 7.46177370030581
    },
    "metrics": {
      "accuracy": 0.6189689358889623,
      "evaluate_accuracy": {
        "accuracy": 0.572782874617737
      },
      "precision": 0.6244497121571283,
      "recall": 0.9766949152542372,
      "f1": 0.7618260689940095,
      "total_evaluated": 3026,
      "confusion_matrix": {
        "true_positives": 1844,
        "true_negatives": 29,
        "false_positives": 1109,
        "false_negatives": 44
      },
      "perplexities": [
        29408.0,
        34368.0,
        42464.0,
        49632.0,
        31312.0,
        32560.0,
        52832.0,
        38048.0,
        34368.0,
        42784.0,
        55808.0,
        35200.0,
        49248.0,
        47008.0,
        34112.0,
        39584.0,
        35744.0,
        48480.0,
        39264.0,
        30336.0,
        37760.0,
        45920.0,
        35744.0,
        37472.0,
        39584.0,
        34112.0,
        41472.0,
        38976.0,
        38656.0,
        45184.0,
        42784.0,
        40192.0,
        41792.0,
        41792.0,
        34368.0,
        45536.0,
        36320.0,
        46272.0,
        46272.0,
        39872.0,
        31056.0,
        33312.0,
        35200.0,
        43136.0,
        34912.0,
        32560.0,
        30112.0,
        42112.0,
        27840.0,
        32560.0,
        34656.0,
        40512.0,
        45536.0,
        31792.0,
        29872.0,
        35200.0,
        38976.0,
        51200.0,
        32800.0,
        40832.0,
        55808.0,
        36896.0,
        40832.0,
        40832.0,
        40192.0,
        31056.0,
        32304.0,
        35200.0,
        45920.0,
        37760.0,
        36032.0,
        45920.0,
        38048.0,
        43808.0,
        45536.0,
        37472.0,
        36320.0,
        37760.0,
        44832.0,
        39584.0,
        33856.0,
        38368.0,
        30576.0,
        37472.0,
        34912.0,
        33056.0,
        45536.0,
        39584.0,
        38368.0,
        50816.0,
        31312.0,
        40192.0,
        38048.0,
        42784.0,
        37472.0,
        35200.0,
        30576.0,
        30336.0,
        50432.0,
        30816.0,
        33856.0,
        30576.0,
        33600.0,
        47744.0,
        33856.0,
        37184.0,
        47008.0,
        43808.0,
        40832.0,
        32800.0,
        41152.0,
        36896.0,
        31312.0,
        34368.0,
        38048.0,
        38048.0,
        41152.0,
        42464.0,
        34112.0,
        43808.0,
        35488.0,
        42112.0,
        45184.0,
        42112.0,
        39264.0,
        34656.0,
        35488.0,
        28720.0,
        45184.0,
        37760.0,
        45920.0,
        37472.0,
        42464.0,
        42784.0,
        43136.0,
        37184.0,
        36896.0,
        44480.0,
        37472.0,
        38048.0,
        40192.0,
        37760.0,
        32048.0,
        28064.0,
        40192.0,
        45920.0,
        42464.0,
        42112.0,
        46272.0,
        40192.0,
        38976.0,
        37760.0,
        31312.0,
        48480.0,
        44160.0,
        42464.0,
        34656.0,
        36608.0,
        35488.0,
        38656.0,
        38656.0,
        26784.0,
        42464.0,
        45184.0,
        38368.0,
        43136.0,
        44160.0,
        38048.0,
        36320.0,
        33312.0,
        40192.0,
        38976.0,
        34912.0,
        41792.0,
        35200.0,
        36896.0,
        32304.0,
        39264.0,
        38976.0,
        34368.0,
        43136.0,
        50016.0,
        41472.0,
        41472.0,
        48096.0,
        46624.0,
        41152.0,
        38048.0,
        41792.0,
        35744.0,
        48480.0,
        38976.0,
        35200.0,
        40512.0,
        36896.0,
        44480.0,
        40832.0,
        30576.0,
        42464.0,
        47360.0,
        33056.0,
        36032.0,
        31056.0,
        44832.0,
        37472.0
      ],
      "mean_perplexity": 39033.91219512195
    },
    "invalid_examples": [
      {
        "question": "Passage: The Strangers (2008 film) -- The Strangers is a 2008 American slasher film written and directed by Bryan Bertino. Kristen (Liv Tyler) and James (Scott Speedman) are expecting a relaxing weekend at a family vacation home, but their stay turns out to be anything but peaceful as three masked torturers leave Kristen and James struggling for survival. Writer-director Bertino was inspired by real-life events: the Manson family Tate murders, a multiple homicide; the Keddie Cabin Murders, that occurred in California in 1981; and a series of break-ins that occurred in his own neighborhood as a child. Made on a budget of $9 million, the film was shot on location in rural South Carolina in the fall of 2006.\nQuestion: was the movie strangers based on a true story\nAnswer:",
        "response": "onsaml\u30b7\u30fc\u00e7\u0131\u00e7\u0131\u00e7\u0131\u00e7\u0131\u00e7\u0131"
      },
      {
        "question": "Passage: Benson & Hedges -- Benson & Hedges is a British brand of cigarettes owned by either Philip Morris International, British American Tobacco, or Japan Tobacco, depending on the region. In the UK, they are registered in Old Bond Street in London, and are manufactured in Lisnafillan, Ballymena, Northern Ireland.\nQuestion: do they still make benson & hedges cigarettes\nAnswer:",
        "response": "uraim\u00e2emmemin\u306aaminaamina"
      },
      {
        "question": "Passage: Indiana Jones and the Temple of Doom -- Indiana Jones and the Temple of Doom is a 1984 American action-adventure film directed by Steven Spielberg. It is the second installment in the Indiana Jones franchise and a prequel to the 1981 film Raiders of the Lost Ark, featuring Harrison Ford reprising his role as the title character. After arriving in North India, Indiana Jones is asked by desperate villagers to find a mystical stone and rescue their children from a Thuggee cult practicing child slavery, black magic and ritual human sacrifice in honor of the goddess Kali.\nQuestion: is indiana jones temple of doom a prequel\nAnswer:",
        "response": "ke\ufffd\ufffd\ufffd\ufffd\ufffd\ufffd\ufffd"
      },
      {
        "question": "Passage: Columbus Day -- Columbus Day is a national holiday in many countries of the Americas and elsewhere which officially celebrates the anniversary of Christopher Columbus's arrival in the Americas on October 12, 1492. The landing is celebrated as ``Columbus Day'' in the United States, as ``D\u00eda de la Raza'' (``Day of the Race'') in some countries in Latin America, as ``D\u00eda de la Hispanidad'' and ``Fiesta Nacional'' in Spain, where it is also the religious festivity of la Virgen del Pilar, as D\u00eda de las Am\u00e9ricas (Day of the Americas) in Belize and Uruguay, as D\u00eda del Respeto a la Diversidad Cultural (Day of Respect for Cultural Diversity) in Argentina, and as Giornata Nazionale di Cristoforo Colombo or Festa Nazionale di Cristoforo Colombo in Italy as well as in Little Italys around the world. As the day of remembrance of Our Lady of the Pillar, 12 October had been declared a religious feast day throughout the Spanish Empire in 1730; the secular Fiesta de la Raza Espa\u00f1ola was first proposed by Faustino Rodr\u00edguez-San Pedro y D\u00edaz-Arg\u00fcelles in 1913. In recent years, celebration of the holiday has faced some opposition from various organizations.\nQuestion: is columbus day a national holiday in the united states\nAnswer:",