{
  "metadata": {
    "timestamp": "20241212_215252",
    "model_name": "meta-llama/Llama-3.2-1B",
    "num_pruned_layers": 3,
    "has_adapter": true,
    "task": "boolq"
  },
  "metrics": {
    "response_quality": {
      "total_responses": 3270,
      "valid_responses": 3268,
      "invalid_responses": 2,
      "invalid_percentage": 0.06116207951070336
    },
    "metrics": {
      "accuracy": 0.6227050183598531,
      "evaluate_accuracy": {
        "accuracy": 0.6223241590214067
      },
      "precision": 0.6227342549923195,
      "recall": 0.9975393700787402,
      "f1": 0.7667864573482126,
      "total_evaluated": 3268,
      "confusion_matrix": {
        "true_positives": 2027,
        "true_negatives": 8,
        "false_positives": 1228,
        "false_negatives": 5
      },
      "perplexities": [
        22.796875,
        22.234375,
        21.296875,
        22.71875,
        22.0625,
        20.6875,
        22.28125,
        21.046875,
        21.546875,
        26.140625,
        23.71875,
        21.375,
        24.140625,
        23.203125,
        20.078125,
        21.34375,
        22.5,
        24.84375,
        25.640625,
        22.40625,
        23.203125,
        19.921875,
        20.046875,
        21.015625,
        25.046875,
        19.421875,
        23.53125,
        23.390625,
        21.5,
        25.890625,
        24.328125,
        19.09375,
        20.765625,
        23.15625,
        22.890625,
        19.8125,
        22.015625,
        26.25,
        21.890625,
        19.203125,
        18.328125,
        21.015625,
        24.84375,
        18.65625,
        22.9375,
        21.046875,
        22.765625,
        23.4375,
        21.25,
        20.4375,
        21.96875,
        21.765625,
        19.8125,
        23.53125,
        22.015625,
        25.59375,
        24.46875,
        25.140625,
        20.640625,
        23.15625,
        23.578125,
        21.34375,
        21.015625,
        25.234375,
        26.96875,
        21.25,
        21.96875,
        21.125,
        22.53125,
        20.25,
        22.890625,
        24.0,
        24.65625,
        21.84375,
        21.640625,
        24.953125,
        22.234375,
        21.5,
        22.359375,
        23.671875,
        21.671875,
        23.8125,
        19.125,
        22.453125,
        20.640625,
        19.125,
        25.296875,
        29.28125,
        24.515625,
        24.1875,
        23.625,
        23.25,
        24.65625,
        25.234375,
        21.546875,
        22.1875,
        18.71875,
        19.8125,
        25.734375,
        23.71875,
        17.9375,
        23.8125,
        23.296875,
        25.0,
        21.671875,
        21.09375,
        20.765625,
        24.09375,
        22.9375,
        21.765625,
        17.71875,
        23.078125,
        20.484375,
        20.28125,
        24.375,
        29.109375,
        24.375,
        22.84375,
        21.96875,
        21.84375,
        20.84375,
        20.40625,
        24.28125,
        22.40625,
        20.765625,
        20.5625,
        24.234375,
        22.796875,
        25.0,
        28.4375,
        23.8125,
        21.09375,
        24.140625,
        23.203125,
        23.4375,
        22.3125,
        20.484375,
        22.40625,
        22.140625,
        21.640625,
        23.953125,
        22.625,
        24.140625,
        19.734375,
        22.765625,
        24.234375,
        20.84375,
        25.484375,
        24.234375,
        23.8125,
        22.765625,
        24.609375,
        23.078125,
        25.4375,
        24.90625,
        19.8125,
        23.390625,
        19.421875,
        21.015625,
        26.25,
        23.8125,
        18.4375,
        19.546875,
        24.28125,
        26.96875,
        23.390625,
        28.609375,
        23.484375,
        21.21875,
        23.25,
        23.15625,
        21.421875,
        20.96875,
        22.765625,
        25.046875,
        24.1875,
        21.5,
        21.796875,
        24.75,
        20.125,
        25.796875,
        26.140625,
        19.8125,
        19.921875,
        24.375,
        24.1875,
        24.65625,
        19.546875,
        22.0625,
        21.59375,
        23.71875,
        21.640625,
        24.09375,
        20.609375,
        19.84375,
        20.171875,
        24.609375,
        15.046875,
        23.765625,
        24.515625,
        21.21875,
        25.9375,
        20.515625,
        19.359375,
        23.390625
      ],
      "mean_perplexity": 22.592606707317074
    },
    "invalid_examples": [
      {
        "question": "Passage: FC Bayern Munich -- Fu\u00dfball-Club Bayern M\u00fcnchen e.V., commonly known as FC Bayern M\u00fcnchen (German pronunciation: (\u0294\u025bf tse\u02d0 \u02c8ba\u026a\u0250n \u02c8m\u028fn\u00e7n\u0329)), FCB, Bayern Munich, or FC Bayern, is a German sports club based in Munich, Bavaria (Bayern). It is best known for its professional football team, which plays in the Bundesliga, the top tier of the German football league system, and is the most successful club in German football history, having won a record 28 national titles and 18 national cups.\nQuestion: is bayern munich the same as bayern munchen\nAnswer:",
        "response": " bayyyyyy........"
      },
      {
        "question": "Passage: Vauxhall station -- Vauxhall (/\u02c8v\u0252ks\u0254\u02d0l/, VOK-sawl) is a National Rail, London Underground and London Buses interchange station in central London. It is at the Vauxhall Cross road junction opposite the southern approach to Vauxhall Bridge over the River Thames in the district of Vauxhall. The station is on the boundary of zones 1 and 2 of the London Travelcard area and, although a through station, it is classed as a central London terminus for ticketing purposes.\nQuestion: is vauxhall station in zone 1 or 2\nAnswer:",
        "response": " vauuauuuuuuuuu"
      }
    ]
  }
}