{
  "metadata": {
    "timestamp": "20241212_215257",
    "model_name": "meta-llama/Llama-3.2-1B",
    "num_pruned_layers": 4,
    "has_adapter": false,
    "task": "boolq"
  },
  "metrics": {
    "response_quality": {
      "total_responses": 3270,
      "valid_responses": 2693,
      "invalid_responses": 577,
      "invalid_percentage": 17.64525993883792
    },
    "metrics": {
      "accuracy": 0.6223542517638322,
      "evaluate_accuracy": {
        "accuracy": 0.5125382262996941
      },
      "precision": 0.6227188081936685,
      "recall": 0.9976133651551312,
      "f1": 0.7667966062829628,
      "total_evaluated": 2693,
      "confusion_matrix": {
        "true_positives": 1672,
        "true_negatives": 4,
        "false_positives": 1013,
        "false_negatives": 4
      },
      "perplexities": [
        232.625,
        217.625,
        263.5,
        217.625,
        273.0,
        206.0,
        273.0,
        212.625,
        222.75,
        352.0,
        292.75,
        211.0,
        253.5,
        225.375,
        241.875,
        235.375,
        269.75,
        264.5,
        242.75,
        277.25,
        305.75,
        201.25,
        200.5,
        257.5,
        296.25,
        189.125,
        615.0,
        224.5,
        216.75,
        273.0,
        303.25,
        229.0,
        246.625,
        237.125,
        261.5,
        247.625,
        202.125,
        287.25,
        262.5,
        224.5,
        204.5,
        219.375,
        251.5,
        242.75,
        282.75,
        241.875,
        206.0,
        382.0,
        235.375,
        337.0,
        243.75,
        295.25,
        229.875,
        206.0,
        302.25,
        295.25,
        250.5,
        291.75,
        203.625,
        266.75,
        331.75,
        207.625,
        229.0,
        331.75,
        320.5,
        263.5,
        264.5,
        212.625,
        231.625,
        269.75,
        250.5,
        279.5,
        247.625,
        198.875,
        258.5,
        305.75,
        225.375,
        233.5,
        232.625,
        287.25,
        246.625,
        273.0,
        229.0,
        257.5,
        227.25,
        251.5,
        281.75,
        341.0,
        263.5,
        270.75,
        235.375,
        265.5,
        275.0,
        532.5,
        320.5,
        233.5,
        210.125,
        226.25,
        286.0,
        264.5,
        192.0,
        309.25,
        216.0,
        253.5,
        287.25,
        231.625,
        295.25,
        329.25,
        261.5,
        234.375,
        255.375,
        316.75,
        256.5,
        383.5,
        280.5,
        432.75,
        297.5,
        241.875,
        225.375,
        262.5,
        228.125,
        272.0,
        255.375,
        373.0,
        221.875,
        196.625,
        250.5,
        228.125,
        290.5,
        313.0,
        277.25,
        212.625,
        307.0,
        289.5,
        243.75,
        252.5,
        245.625,
        310.5,
        215.125,
        328.0,
        222.75,
        202.125,
        275.0,
        209.25,
        250.5,
        385.0,
        224.5,
        314.25,
        274.0,
        254.5,
        239.0,
        267.75,
        204.5,
        283.75,
        254.5,
        253.5,
        235.375,
        250.5,
        374.5,
        272.0,
        272.0,
        187.625,
        234.375,
        307.0,
        274.0,
        297.5,
        267.75,
        202.875,
        211.0,
        215.125,
        232.625,
        276.25,
        228.125,
        232.625,
        276.25,
        251.5,
        256.5,
        259.5,
        296.25,
        205.25,
        289.5,
        358.75,
        201.25,
        233.5,
        292.75,
        230.75,
        283.75,
        214.25,
        243.75,
        269.75,
        325.5,
        279.5,
        231.625,
        301.0,
        190.625,
        295.25,
        315.5,
        147.25,
        364.5,
        263.5,
        252.5,
        277.25,
        232.625,
        249.5,
        227.25
      ],
      "mean_perplexity": 262.4573170731707
    },
    "invalid_examples": [
      {
        "question": "Passage: Excretory system -- The liver detoxifies and breaks down chemicals, poisons and other toxins that enter the body. For example, the liver transforms ammonia (which is poisonous) into urea in fish, amphibians and mammals, and into uric acid in birds and reptiles. Urea is filtered by the kidney into urine or through the gills in fish and tadpoles. Uric acid is paste-like and expelled as a semi-solid waste (the ``white'' in bird excrements). The liver also produces bile, and the body uses bile to break down fats into usable fats and unusable waste.\nQuestion: is the liver part of the excretory system\nAnswer:",
        "response": "\u00a0\u00a0\u00a0\u00a0\u00a0\u00a0\u00a0"
      },
      {
        "question": "Passage: Fantastic Beasts and Where to Find Them (film) -- Fantastic Beasts and Where to Find Them is a 2016 fantasy film directed by David Yates. A joint British and American production, it is a spin-off and prequel to the Harry Potter film series, and it was produced and written by J.K. Rowling in her screenwriting debut, and inspired by her 2001 book of the same name. The film stars Eddie Redmayne as Newt Scamander, with Katherine Waterston, Dan Fogler, Alison Sudol, Ezra Miller, Samantha Morton, Jon Voight, Carmen Ejogo, Ron Perlman, Colin Farrell and Johnny Depp in supporting roles. It is the first installment in the Fantastic Beasts film series, and ninth overall in the Wizarding World franchise, that began with the Harry Potter films.\nQuestion: is fantastic beasts and where to find them a prequel\nAnswer:",
        "response": "\u00a0\u00a0\u00a0\u00a0\u00a0\u00a0\u00a0\u00a0\u00a0\u00a0\u00a0\u00a0\u00a0\u00a0"
      },
      {
        "question": "Passage: The Resident (TV series) -- The Resident is an American medical drama television series aired by Fox Broadcasting Company that premiered on January 21, 2018, as a mid-season replacement entry in the 2017--18 television season. The fictional series focuses on the lives and duties of staff members at Chastain Park Memorial Hospital, while delving into the bureaucratic practices of the hospital industry. Formerly called The City, the show was purchased by Fox from Showtime in 2017. It was created by created by Amy Holden Jones, Hayley Schore, and Roshan Sethi. On May 10, 2017, Fox ordered a full 14-episode season and renewed the series for a second season on May 7, 2018. The first season officially concluded on May 14, 2018.\nQuestion: is the tv show the resident over for the season\nAnswer:",
        "response": " \u00a0\u00a0\u00a01111"
      },
      {
        "question": "Passage: Renunciation of citizenship -- Renunciation of U.S. citizenship was free until July 2010, at which time a fee of $450 was established. An increase to $2,350, effective September 12, 2014, was justified as ``reflective of the true cost'' of processing. This followed a fee increase of approximately 220% in 2013. The increase took effect in January 2015.\nQuestion: does it cost money to renounce us citizenship\nAnswer:",
        "response": " \u00a0\u00a011111"
      },
      {
        "question": "Passage: Alcohol laws of Wisconsin -- The drinking age in Wisconsin is 21. Those under the legal drinking age may be served, possess, or consume alcohol if they are with a parent, legal guardian, or spouse who is of legal drinking age. Those age 18-20 may also be served, possess or consumer alcohol if they are with a parent, legal guardian, or spouse who is of legal drinking age. Those age 18 to 20 may also possess (but not consume) alcohol as part of their employment.\nQuestion: can you drink alcohol with your parents in wisconsin\nAnswer:",