{
  "metadata": {
    "timestamp": "20241212_233227",
    "model_name": "Qwen/Qwen2.5-7B",
    "num_pruned_layers": 19,
    "has_adapter": true,
    "task": "boolq"
  },
  "metrics": {
    "response_quality": {
      "total_responses": 3270,
      "valid_responses": 3179,
      "invalid_responses": 91,
      "invalid_percentage": 2.782874617737003
    },
    "metrics": {
      "accuracy": 0.6184334696445423,
      "evaluate_accuracy": {
        "accuracy": 0.6012232415902141
      },
      "precision": 0.6198608475648324,
      "recall": 0.9944190766108574,
      "f1": 0.7636859536333528,
      "total_evaluated": 3179,
      "confusion_matrix": {
        "true_positives": 1960,
        "true_negatives": 6,
        "false_positives": 1202,
        "false_negatives": 11
      },
      "perplexities": [
        116.0625,
        109.4375,
        111.5625,
        129.0,
        119.25,
        102.375,
        109.875,
        115.5625,
        116.0625,
        136.75,
        134.125,
        111.1875,
        111.5625,
        123.5,
        130.5,
        112.0,
        113.8125,
        138.875,
        129.5,
        145.5,
        125.0,
        108.1875,
        99.25,
        110.3125,
        133.0,
        87.9375,
        133.5,
        109.875,
        114.6875,
        140.5,
        125.9375,
        112.0,
        118.3125,
        125.9375,
        120.1875,
        119.25,
        111.5625,
        126.9375,
        136.25,
        113.375,
        103.1875,
        112.0,
        134.125,
        112.4375,
        119.75,
        106.0625,
        109.4375,
        125.9375,
        109.0,
        104.4375,
        120.1875,
        123.5,
        115.125,
        104.8125,
        119.25,
        132.5,
        125.4375,
        146.125,
        125.9375,
        131.5,
        135.125,
        111.5625,
        106.0625,
        140.5,
        149.625,
        113.375,
        105.25,
        104.8125,
        140.0,
        102.375,
        138.875,
        153.125,
        140.0,
        108.5625,
        123.0625,
        146.625,
        112.4375,
        117.875,
        125.4375,
        120.6875,
        123.5,
        140.0,
        124.5,
        122.5625,
        116.9375,
        124.5,
        133.0,
        170.125,
        135.125,
        124.5,
        117.875,
        109.875,
        145.5,
        145.0,
        112.9375,
        100.8125,
        95.4375,
        112.4375,
        150.125,
        146.625,
        85.875,
        123.0625,
        122.0625,
        129.5,
        113.375,
        125.4375,
        116.5,
        126.4375,
        128.5,
        111.5625,
        93.625,
        118.8125,
        109.4375,
        95.4375,
        131.0,
        159.875,
        135.625,
        141.125,
        116.9375,
        123.0625,
        102.0,
        132.0,
        134.625,
        113.8125,
        116.9375,
        106.0625,
        130.5,
        102.375,
        135.125,
        152.5,
        134.125,
        117.875,
        133.0,
        129.5,
        126.4375,
        126.4375,
        98.5,
        118.3125,
        112.9375,
        119.25,
        119.75,
        127.4375,
        109.875,
        92.125,
        137.25,
        130.0,
        115.5625,
        137.75,
        134.125,
        150.75,
        127.9375,
        127.9375,
        107.3125,
        128.5,
        134.625,
        113.8125,
        115.125,
        91.0625,
        116.5,
        126.4375,
        131.5,
        95.4375,
        99.625,
        141.125,
        153.75,
        143.875,
        159.875,
        112.4375,
        125.9375,
        116.9375,
        113.375,
        105.625,
        100.8125,
        120.1875,
        136.75,
        120.6875,
        113.8125,
        127.4375,
        141.125,
        104.0,
        156.125,
        132.0,
        94.0,
        96.5625,
        135.625,
        113.375,
        116.5,
        104.4375,
        129.0,
        112.0,
        146.125,
        122.0625,
        124.5,
        114.6875,
        108.5625,
        118.8125,
        140.5,
        98.125,
        129.5,
        144.375,
        110.3125,
        124.0,
        106.0625,
        102.0,
        113.375
      ],
      "mean_perplexity": 121.78719512195121
    },
    "invalid_examples": [
      {
        "question": "Passage: 2018 FIFA World Cup knockout stage -- The knockout stage of the 2018 FIFA World Cup was the second and final stage of the competition, following the group stage. It began on 30 June with the round of 16 and ended on 15 July with the final match, held at the Luzhniki Stadium in Moscow. The top two teams from each group (16 in total) advanced to the knockout stage to compete in a single-elimination style tournament. A third place play-off was also played between the two losing teams of the semi-finals.\nQuestion: is there a play off for third place in the world cup\nAnswer:",
        "response": " 1: 1: 1"
      },
      {
        "question": "Passage: 11.22.63 -- When asked about developing a sequel series, King stated ``I'd love to revisit Jake and Sadie, and also revisit the rabbit hole that dumps people into the past, but sometimes it's best not to go back for a second helping.''.\nQuestion: will there be a second season of 11.22.63\nAnswer:",
        "response": " 11.13.1"
      },
      {
        "question": "Passage: 1921 Tampa Bay hurricane -- The storm brought strong winds to the Swan Islands, including hurricane-force winds on the main island. Heavy rains fell in Cuba, particularly in Pinar del R\u00edo Province, but only minor damage occurred. In Florida, storm surge and abnormally high tides caused damage along much of the state's west coast from Pasco County southward. Several neighborhoods and sections of Tampa were inundated, especially in Ballast Point, DeSoto Park, Edgewater Park, Hyde Park, Palmetto Beach, and other areas in the vicinity of Bayshore Boulevard. Strong winds also damaged hundreds of trees, signs, buildings, and homes. Four deaths occurred in Tampa, three from drownings and another after a man touched a live wire. The storm left two additional fatalities in St. Petersburg. A number of streets in Tarpon Springs were littered with masses of debris, with many structures and trees suffering extensive damage. Strong winds occurred as far east as the Atlantic coast of the state, though wind damage east of the Tampa Bay area was generally limited to downed trees and power lines, resulting in power outages, particularly in Orlando. Agriculture throughout the state experienced significant impact as well, including over $2 million (equivalent to $20 million in 2016) in damage and the loss of at least 800,000 boxes of citrus crops alone. Overall, the hurricane left at least eight deaths and about $10 million (equivalent to $110 million in 2016) in damage.\nQuestion: has tampa ever been hit by a hurricane\nAnswer:",
        "response": " 1995, 1"
      },
      {
        "question": "Passage: 2018 FIFA World Cup qualification \u2013 UEFA Group D -- The group winners, Serbia, qualified directly for the 2018 FIFA World Cup. The group runners-up, Republic of Ireland, advanced to the play-offs as one of the best 8 runners-up, where they lost to Denmark and thus failed to qualify.\nQuestion: did ireland qualify for the 2018 world cup\nAnswer:",
        "response": " 1: 1: 1"
      },
      {
        "question": "Passage: Square root of 2 -- As a good rational approximation for the square root of two, with a reasonable small denominator, the fraction 99/70 (\u2248 1.4142857) is sometimes used.\nQuestion: can root 2 be written as a fraction\nAnswer:",