{
  "metadata": {
    "timestamp": "20241212_233638",
    "model_name": "Qwen/Qwen2.5-7B",
    "num_pruned_layers": 21,
    "has_adapter": true,
    "task": "boolq"
  },
  "metrics": {
    "response_quality": {
      "total_responses": 3270,
      "valid_responses": 2174,
      "invalid_responses": 1096,
      "invalid_percentage": 33.51681957186544
    },
    "metrics": {
      "accuracy": 0.5947562097516099,
      "evaluate_accuracy": {
        "accuracy": 0.39541284403669724
      },
      "precision": 0.6041266794625719,
      "recall": 0.9574144486692016,
      "f1": 0.7408061194468961,
      "total_evaluated": 2174,
      "confusion_matrix": {
        "true_positives": 1259,
        "true_negatives": 34,
        "false_positives": 825,
        "false_negatives": 56
      },
      "perplexities": [
        67.4375,
        61.375,
        66.625,
        68.5,
        63.59375,
        58.8125,
        62.59375,
        67.4375,
        61.875,
        79.4375,
        73.1875,
        62.125,
        66.125,
        68.1875,
        65.0625,
        64.8125,
        64.8125,
        73.1875,
        69.8125,
        69.0,
        71.5,
        59.71875,
        55.90625,
        63.84375,
        80.0625,
        49.40625,
        73.1875,
        63.34375,
        67.9375,
        78.1875,
        72.625,
        59.96875,
        67.9375,
        74.0625,
        69.8125,
        61.625,
        62.84375,
        80.0625,
        69.5625,
        56.34375,
        55.90625,
        58.8125,
        76.6875,
        60.65625,
        69.0,
        65.625,
        65.375,
        70.125,
        66.125,
        58.8125,
        66.375,
        69.3125,
        63.34375,
        61.625,
        68.5,
        77.0,
        69.8125,
        84.875,
        58.8125,
        71.75,
        77.625,
        60.1875,
        62.34375,
        79.75,
        81.9375,
        67.1875,
        65.375,
        63.34375,
        69.0,
        61.625,
        78.1875,
        81.0,
        78.8125,
        60.65625,
        67.1875,
        80.375,
        65.625,
        65.875,
        70.125,
        73.1875,
        62.59375,
        74.9375,
        61.375,
        70.375,
        62.84375,
        60.65625,
        79.125,
        93.625,
        77.875,
        72.625,
        68.1875,
        63.59375,
        74.3125,
        85.875,
        67.4375,
        61.375,
        49.71875,
        61.375,
        81.3125,
        78.1875,
        52.40625,
        74.625,
        69.0,
        74.3125,
        63.09375,
        64.0625,
        63.59375,
        70.375,
        70.375,
        61.625,
        54.0625,
        69.8125,
        63.09375,
        55.90625,
        76.6875,
        93.625,
        77.875,
        72.625,
        68.1875,
        70.125,
        60.65625,
        64.5625,
        79.125,
        67.9375,
        61.375,
        60.65625,
        76.125,
        62.125,
        79.75,
        78.1875,
        76.375,
        63.84375,
        77.3125,
        68.5,
        69.5625,
        67.1875,
        57.65625,
        66.875,
        64.3125,
        72.0625,
        72.0625,
        65.375,
        67.9375,
        55.90625,
        75.8125,
        69.0,
        64.5625,
        76.6875,
        71.75,
        82.3125,
        67.9375,
        76.125,
        64.8125,
        74.9375,
        74.625,
        67.4375,
        64.0625,
        53.53125,
        68.1875,
        69.8125,
        72.875,
        52.59375,
        55.25,
        79.125,
        84.5625,
        78.5,
        90.0,
        66.375,
        67.4375,
        63.84375,
        64.5625,
        58.34375,
        59.03125,
        65.375,
        78.1875,
        68.75,
        65.625,
        66.375,
        82.625,
        54.59375,
        80.6875,
        79.125,
        57.0,
        62.125,
        81.9375,
        67.1875,
        75.5,
        59.71875,
        60.4375,
        69.0,
        75.1875,
        67.9375,
        71.5,
        63.59375,
        58.8125,
        64.0625,
        75.8125,
        44.125,
        74.0625,
        72.625,
        63.59375,
        81.0,
        59.71875,
        54.59375,
        64.8125
      ],
      "mean_perplexity": 68.33170731707317
    },
    "invalid_examples": [
      {
        "question": "Passage: Harry Potter and the Escape from Gringotts -- Harry Potter and the Escape from Gringotts is an indoor steel roller coaster at Universal Studios Florida, a theme park located within the Universal Orlando Resort. Similar to dark rides, the roller coaster utilizes special effects in a controlled-lighting environment and also employs motion-based 3-D projection of both animation and live-action sequences to enhance the experience. The ride, which is themed to the Gringotts Wizarding Bank, became the flagship attraction for the expanded Wizarding World of Harry Potter when it opened on July 8, 2014.\nQuestion: is harry potter and the escape from gringotts a roller coaster ride\nAnswer:",
        "response": " Harry.rar.rar.rar.rar.rar.rar.rar"
      },
      {
        "question": "Passage: 2018 FIFA World Cup knockout stage -- The knockout stage of the 2018 FIFA World Cup was the second and final stage of the competition, following the group stage. It began on 30 June with the round of 16 and ended on 15 July with the final match, held at the Luzhniki Stadium in Moscow. The top two teams from each group (16 in total) advanced to the knockout stage to compete in a single-elimination style tournament. A third place play-off was also played between the two losing teams of the semi-finals.\nQuestion: is there a play off for third place in the world cup\nAnswer:",
        "response": " 0%&;;;;"
      },
      {
        "question": "Passage: Bloodline (TV series) -- Bloodline was announced in October 2014 as part of a partnership between Netflix and Sony Pictures Television, representing Netflix's first major deal with a major film studio for a television series. The series was created and executive produced by Todd A. Kessler, Glenn Kessler, and Daniel Zelman, who previously created the FX series Damages. According to its official synopsis released by Netflix, Bloodline ``centers on a close-knit family of four adult siblings whose secrets and scars are revealed when their black sheep brother returns home.''\nQuestion: is the show bloodline based on a true story\nAnswer:",
        "response": " Bloodbrans..   \ufffd"
      },
      {
        "question": "Passage: Shower gel -- Shower gels for men may contain the ingredient menthol, which gives a cooling and stimulating sensation on the skin, and some men's shower gels are also designed specifically for use on hair and body. Shower gels contain milder surfactant bases than shampoos, and some also contain gentle conditioning agents in the formula. This means that shower gels can also double as an effective and perfectly acceptable substitute to shampoo, even if they are not labelled as a hair and body wash. Washing hair with shower gel should give approximately the same result as using a moisturising shampoo.\nQuestion: is it bad to wash your hair with shower gel\nAnswer:",
        "response": " Shower Shower Shower Shower Shower Shower Shower Shower"
      },
      {
        "question": "Passage: Russell Group -- In March 2012 it was announced that four universities -- Durham, Exeter, Queen Mary University of London; and York -- would become members of the Russell Group in August of the same year. All of the new members had previously been members of the 1994 Group of British universities.\nQuestion: is durham university part of the russell group\nAnswer:",