{
  "metadata": {
    "timestamp": "20241212_232625",
    "model_name": "Qwen/Qwen2.5-7B",
    "num_pruned_layers": 13,
    "has_adapter": true,
    "task": "boolq"
  },
  "metrics": {
    "response_quality": {
      "total_responses": 3270,
      "valid_responses": 3258,
      "invalid_responses": 12,
      "invalid_percentage": 0.3669724770642202
    },
    "metrics": {
      "accuracy": 0.621853898096992,
      "evaluate_accuracy": {
        "accuracy": 0.6195718654434251
      },
      "precision": 0.6223862238622386,
      "recall": 0.9980276134122288,
      "f1": 0.7666666666666666,
      "total_evaluated": 3258,
      "confusion_matrix": {
        "true_positives": 2024,
        "true_negatives": 2,
        "false_positives": 1228,
        "false_negatives": 4
      },
      "perplexities": [
        18.140625,
        17.625,
        16.78125,
        19.734375,
        16.59375,
        15.4609375,
        16.78125,
        16.6875,
        18.140625,
        19.84375,
        18.828125,
        17.421875,
        19.78125,
        18.828125,
        16.359375,
        16.421875,
        17.375,
        20.640625,
        20.328125,
        18.359375,
        17.625,
        16.6875,
        16.390625,
        14.8125,
        21.015625,
        14.6953125,
        17.59375,
        17.796875,
        17.765625,
        20.71875,
        18.765625,
        16.140625,
        16.546875,
        17.453125,
        19.171875,
        16.625,
        17.9375,
        20.359375,
        17.421875,
        15.703125,
        14.5234375,
        17.375,
        21.671875,
        14.21875,
        17.6875,
        15.046875,
        18.390625,
        18.4375,
        17.109375,
        15.828125,
        16.875,
        17.375,
        16.140625,
        17.421875,
        17.3125,
        18.765625,
        19.234375,
        20.96875,
        16.78125,
        16.84375,
        18.0,
        16.078125,
        16.59375,
        21.34375,
        22.015625,
        17.25,
        16.78125,
        16.78125,
        19.046875,
        16.015625,
        19.390625,
        19.8125,
        19.546875,
        17.765625,
        17.859375,
        20.28125,
        17.453125,
        16.90625,
        18.390625,
        19.390625,
        16.078125,
        17.375,
        15.1640625,
        18.21875,
        17.34375,
        16.203125,
        19.84375,
        24.046875,
        19.578125,
        19.046875,
        18.765625,
        17.625,
        19.234375,
        18.1875,
        16.84375,
        17.96875,
        14.8671875,
        15.5234375,
        21.421875,
        19.203125,
        14.296875,
        18.0,
        17.65625,
        19.46875,
        16.203125,
        18.21875,
        17.515625,
        17.90625,
        18.546875,
        16.65625,
        13.78125,
        17.515625,
        16.015625,
        14.5546875,
        20.125,
        22.359375,
        19.125,
        18.65625,
        18.078125,
        17.625,
        15.046875,
        16.65625,
        19.84375,
        16.875,
        16.390625,
        15.921875,
        19.015625,
        17.3125,
        20.609375,
        21.25,
        19.625,
        17.015625,
        19.015625,
        17.109375,
        19.171875,
        17.515625,
        16.59375,
        17.109375,
        17.34375,
        15.3984375,
        19.546875,
        18.1875,
        19.890625,
        15.984375,
        19.125,
        18.046875,
        16.65625,
        19.234375,
        16.078125,
        21.171875,
        20.125,
        19.171875,
        18.1875,
        19.96875,
        20.796875,
        15.3984375,
        18.390625,
        15.1640625,
        16.6875,
        18.9375,
        18.109375,
        15.5234375,
        14.8359375,
        17.96875,
        21.890625,
        17.65625,
        22.890625,
        19.421875,
        17.546875,
        17.9375,
        17.59375,
        16.234375,
        16.359375,
        18.765625,
        19.96875,
        18.828125,
        15.984375,
        18.6875,
        18.9375,
        15.578125,
        21.296875,
        21.421875,
        15.25,
        15.734375,
        20.359375,
        20.125,
        19.125,
        15.984375,
        18.0,
        16.875,
        18.328125,
        17.109375,
        19.84375,
        16.078125,
        15.921875,
        14.46875,
        18.578125,
        12.6171875,
        18.21875,
        19.78125,
        16.265625,
        19.890625,
        16.453125,
        15.3125,
        17.96875
      ],
      "mean_perplexity": 17.874199695121952
    },
    "invalid_examples": [
      {
        "question": "Passage: Panama Canal -- The new locks opened for commercial traffic on 26 June 2016, and the first ship to cross the canal using the third set of locks was a modern New Panamax vessel, the Chinese-owned container ship Cosco Shipping Panama. The original locks, now over 100 years old, allow engineers greater access for maintenance, and are projected to continue operating indefinitely.\nQuestion: is the old panama canal still in use\nAnswer:",
        "response": " Panama Panama Panama Panama Panama Panama Panama Panama"
      },
      {
        "question": "Passage: Markup language -- In computer text processing, a markup language is a system for annotating a document in a way that is syntactically distinguishable from the text. The idea and terminology evolved from the ``marking up'' of paper manuscripts, i.e., the revision instructions by editors, traditionally written with a blue pencil on authors' manuscripts. In digital media, this ``blue pencil instruction text'' was replaced by tags, that is, instructions are expressed directly by tags or ``instruction text encapsulated by tags.'' However the whole idea of a mark up language is to avoid the formatting work for the text, as the tags in the mark up language serve the purpose to format the appropriate text (like a header or beginning of a next para...etc.). Every tag used in a Markup language has a property to format the text we write.\nQuestion: is a markup language designed to describe data\nAnswer:",
        "response": " Markup Markup MMSSSSSSSSSS"
      },
      {
        "question": "Passage: Arkansas Razorbacks -- In 1957, Frank Broyles was hired as the head football coach and served in that position for 19 years. Broyles' team was awarded the 1964 National Championship by the Football Writers Association of America and the Helms Athletic Foundation. At the time, The AP and UPI both awarded the designation before bowl games, and gave the award to Alabama. However, Alabama lost their bowl game to Texas, while Arkansas won theirs against Nebraska. The FWAA and HAF both awarded their national championship designations to Arkansas, who was the only team to go undefeated through bowl games that year. Both the University of Arkansas and the University of Alabama claimed national championships for the year 1964.\nQuestion: has arkansas ever won a national championship in any sport\nAnswer:",
        "response": " Arkansas Arkansas Arkansas Arkansas Arkansas Arkansas Arkansas Arkansas"
      },
      {
        "question": "Passage: Sixth borough -- The term sixth borough is used to describe any of a number of places that are not politically within the borders of any of the five boroughs of New York City that have instead been referred to as a metaphorical part of the city by virtue of their geographic location, demographic composition, special affiliation with New York City, or cosmopolitan character. They include adjacent cities and counties in the New York metropolitan area as well as in other states, U.S. territories, and foreign countries.\nQuestion: was there a 6th burrow in new york\nAnswer:",