{
  "metadata": {
    "timestamp": "20241212_232421",
    "model_name": "Qwen/Qwen2.5-7B",
    "num_pruned_layers": 15,
    "has_adapter": false,
    "task": "boolq"
  },
  "metrics": {
    "response_quality": {
      "total_responses": 3270,
      "valid_responses": 2773,
      "invalid_responses": 497,
      "invalid_percentage": 15.198776758409785
    },
    "metrics": {
      "accuracy": 0.6209880995311936,
      "evaluate_accuracy": {
        "accuracy": 0.5266055045871559
      },
      "precision": 0.6243561442236939,
      "recall": 0.9826288361320209,
      "f1": 0.76355455568054,
      "total_evaluated": 2773,
      "confusion_matrix": {
        "true_positives": 1697,
        "true_negatives": 25,
        "false_positives": 1021,
        "false_negatives": 30
      },
      "perplexities": [
        248.5,
        229.875,
        211.0,
        221.875,
        255.375,
        212.625,
        240.0,
        247.625,
        254.5,
        258.5,
        280.5,
        193.625,
        224.5,
        261.5,
        233.5,
        229.875,
        240.0,
        314.25,
        249.5,
        261.5,
        226.25,
        247.625,
        198.875,
        276.25,
        247.625,
        207.625,
        249.5,
        247.625,
        213.375,
        265.5,
        240.875,
        194.375,
        239.0,
        230.75,
        265.5,
        202.875,
        216.0,
        245.625,
        283.75,
        229.875,
        220.25,
        232.625,
        251.5,
        216.0,
        244.75,
        211.75,
        253.5,
        270.75,
        211.75,
        228.125,
        223.625,
        259.5,
        223.625,
        199.75,
        236.25,
        242.75,
        248.5,
        269.75,
        221.0,
        268.75,
        266.75,
        221.0,
        230.75,
        262.5,
        256.5,
        230.75,
        221.875,
        281.75,
        251.5,
        215.125,
        279.5,
        277.25,
        291.75,
        220.25,
        281.75,
        240.875,
        244.75,
        247.625,
        256.5,
        269.75,
        239.0,
        276.25,
        247.625,
        253.5,
        231.625,
        225.375,
        261.5,
        285.0,
        286.0,
        283.75,
        258.5,
        232.625,
        283.75,
        288.25,
        208.5,
        230.75,
        216.75,
        207.625,
        257.5,
        278.25,
        185.375,
        273.0,
        226.25,
        245.625,
        232.625,
        232.625,
        232.625,
        260.5,
        246.625,
        239.0,
        211.75,
        221.875,
        216.75,
        229.0,
        261.5,
        292.75,
        242.75,
        254.5,
        238.125,
        242.75,
        232.625,
        212.625,
        259.5,
        244.75,
        217.625,
        217.625,
        253.5,
        222.75,
        297.5,
        255.375,
        250.5,
        211.75,
        282.75,
        234.375,
        292.75,
        245.625,
        221.875,
        245.625,
        215.125,
        218.5,
        224.5,
        244.75,
        237.125,
        210.125,
        257.5,
        261.5,
        220.25,
        272.0,
        240.875,
        259.5,
        242.75,
        272.0,
        221.0,
        261.5,
        260.5,
        216.75,
        228.125,
        200.5,
        259.5,
        228.125,
        279.5,
        182.5,
        200.5,
        261.5,
        286.0,
        294.0,
        309.25,
        219.375,
        297.5,
        227.25,
        215.125,
        206.875,
        208.5,
        270.75,
        286.0,
        222.75,
        265.5,
        245.625,
        251.5,
        231.625,
        287.25,
        307.0,
        209.25,
        221.0,
        267.75,
        236.25,
        224.5,
        216.75,
        246.625,
        240.875,
        251.5,
        229.0,
        262.5,
        249.5,
        229.875,
        243.75,
        251.5,
        195.875,
        263.5,
        275.0,
        226.25,
        262.5,
        221.875,
        224.5,
        251.5
      ],
      "mean_perplexity": 243.55
    },
    "invalid_examples": [
      {
        "question": "Passage: Harry Potter and the Escape from Gringotts -- Harry Potter and the Escape from Gringotts is an indoor steel roller coaster at Universal Studios Florida, a theme park located within the Universal Orlando Resort. Similar to dark rides, the roller coaster utilizes special effects in a controlled-lighting environment and also employs motion-based 3-D projection of both animation and live-action sequences to enhance the experience. The ride, which is themed to the Gringotts Wizarding Bank, became the flagship attraction for the expanded Wizarding World of Harry Potter when it opened on July 8, 2014.\nQuestion: is harry potter and the escape from gringotts a roller coaster ride\nAnswer:",
        "response": " Harry $$$$$$$$$$$$"
      },
      {
        "question": "Passage: Barq's -- Barq's /\u02c8b\u0251\u02d0rks/ is an American soft drink. Its brand of root beer is notable for having caffeine. Barq's, created by Edward Barq and bottled since the turn of the 20th century, is owned by the Barq family but bottled by the Coca-Cola Company. It was known as Barq's Famous Olde Tyme Root Beer until 2012.\nQuestion: is barq's root beer a pepsi product\nAnswer:",
        "response": " Bar\\\\\\\\\\\\\\\\\\\\\\\\\\"
      },
      {
        "question": "Passage: American entry into Canada by land -- Persons driving into Canada must have their vehicle's registration document and proof of insurance.\nQuestion: can u drive in canada with us license\nAnswer:",
        "response": " youand,,,,,,"
      },
      {
        "question": "Passage: Cloak -- Ladies may wear a long (over the shoulders or to ankles) cloak usually called a cape, or a full-length cloak. Gentlemen wear an ankle-length or full-length cloak. Formal cloaks often have expensive, colored linings and trimmings such as silk, satin, velvet and fur.\nQuestion: is a cape and a cloak the same\nAnswer:",
        "response": " someone someone someone someone someone someone someone someone"
      },
      {
        "question": "Passage: Kindle Fire -- The Fire Tablet, formerly called the Kindle Fire, is a tablet computer developed by Amazon.com. Built with Quanta Computer, the Kindle Fire was first released in November 2011, featuring a color 7-inch multi-touch display with IPS technology and running a custom version of Google's Android operating system called Fire OS. The Kindle Fire HD followed in September 2012, and the Kindle Fire HDX in September 2013. In September 2014, when the fourth generation was introduced, the name ``Kindle'' was dropped. In September 2015, the fifth generation Fire 7 was released, followed by the sixth generation Fire HD 8, in September 2016. The seventh generation Fire 7 was released in June 2017.\nQuestion: is a fire 7 the same as a kindle\nAnswer:",
        "response": " Kindle Kindle Kindle Kindle Kindle Kindle Kindle Kindle"
      },
      {
        "question": "Passage: Feather -- Contour feathers are not uniformly distributed on the skin of the bird except in some groups such as the penguins, ratites and screamers. In most birds the feathers grow from specific tracts of skin called pterylae; between the pterylae there are regions which are free of feathers called apterylae (or apteria). Filoplumes and down may arise from the apterylae. The arrangement of these feather tracts, pterylosis or pterylography, varies across bird families and has been used in the past as a means for determining the evolutionary relationships of bird families.\nQuestion: do penguins have feathers arising from the epidermis\nAnswer:",