{
  "metadata": {
    "timestamp": "20241212_233243",
    "model_name": "Qwen/Qwen2.5-7B",
    "num_pruned_layers": 18,
    "has_adapter": true,
    "task": "boolq"
  },
  "metrics": {
    "response_quality": {
      "total_responses": 3270,
      "valid_responses": 2984,
      "invalid_responses": 286,
      "invalid_percentage": 8.74617737003058
    },
    "metrics": {
      "accuracy": 0.6146112600536193,
      "evaluate_accuracy": {
        "accuracy": 0.5608562691131499
      },
      "precision": 0.6177762757688409,
      "recall": 0.989713048186248,
      "f1": 0.7607157719517271,
      "total_evaluated": 2984,
      "confusion_matrix": {
        "true_positives": 1828,
        "true_negatives": 6,
        "false_positives": 1131,
        "false_negatives": 19
      },
      "perplexities": [
        113.8125,
        106.5,
        108.5625,
        126.9375,
        115.125,
        99.25,
        107.3125,
        112.4375,
        114.25,
        132.5,
        129.5,
        109.875,
        108.1875,
        121.625,
        126.4375,
        109.875,
        111.5625,
        135.125,
        125.9375,
        142.75,
        121.625,
        106.875,
        96.9375,
        106.5,
        130.0,
        85.25,
        133.0,
        106.875,
        111.5625,
        137.25,
        121.625,
        109.0,
        114.6875,
        121.625,
        117.875,
        117.375,
        108.1875,
        124.0,
        133.5,
        111.5625,
        100.0,
        110.3125,
        129.5,
        109.875,
        116.9375,
        101.625,
        106.5,
        122.5625,
        105.25,
        100.4375,
        116.5,
        120.6875,
        112.9375,
        101.1875,
        116.9375,
        131.0,
        121.125,
        142.125,
        125.0,
        127.4375,
        133.0,
        109.4375,
        102.8125,
        138.875,
        143.875,
        108.5625,
        102.8125,
        103.625,
        139.375,
        100.4375,
        135.125,
        149.0,
        135.125,
        104.8125,
        121.625,
        141.125,
        109.0,
        115.5625,
        122.0625,
        117.875,
        120.6875,
        137.25,
        121.625,
        119.75,
        112.4375,
        120.6875,
        128.5,
        168.125,
        130.5,
        122.0625,
        114.25,
        106.875,
        140.0,
        140.5,
        110.3125,
        97.3125,
        94.3125,
        109.875,
        148.375,
        143.25,
        83.875,
        118.8125,
        119.25,
        126.4375,
        110.75,
        124.0,
        112.0,
        123.0625,
        125.0,
        107.75,
        91.4375,
        116.5,
        107.3125,
        91.4375,
        129.0,
        154.375,
        132.5,
        135.125,
        113.375,
        120.6875,
        98.875,
        128.5,
        132.0,
        110.75,
        113.8125,
        103.1875,
        126.4375,
        99.25,
        132.0,
        147.25,
        129.5,
        115.125,
        129.5,
        127.4375,
        125.0,
        123.0625,
        95.4375,
        114.25,
        110.3125,
        117.375,
        117.375,
        124.5,
        106.875,
        90.75,
        133.5,
        125.9375,
        113.375,
        135.625,
        128.5,
        145.0,
        125.0,
        125.4375,
        104.4375,
        126.9375,
        131.5,
        111.5625,
        113.8125,
        87.9375,
        113.375,
        122.5625,
        129.5,
        93.25,
        98.125,
        136.25,
        149.0,
        140.5,
        158.0,
        107.75,
        121.125,
        113.375,
        111.1875,
        103.625,
        98.875,
        116.0625,
        133.0,
        116.5,
        112.9375,
        124.5,
        139.375,
        102.0,
        151.875,
        129.0,
        90.375,
        94.3125,
        132.5,
        111.1875,
        114.25,
        101.1875,
        126.9375,
        110.75,
        143.25,
        119.25,
        120.1875,
        112.4375,
        104.8125,
        116.0625,
        137.25,
        96.1875,
        125.9375,
        141.625,
        108.1875,
        121.625,
        104.0,
        100.0,
        112.0
      ],
      "mean_perplexity": 118.76829268292683
    },
    "invalid_examples": [
      {
        "question": "Passage: New Balance -- New Balance maintains a manufacturing presence in the United States, as well as in the United Kingdom for the European market, where they produce some of their most popular models such as the 990 model--in contrast to its competitors, which often manufacture exclusively outside the USA and Europe. As a result, New Balance shoes tend to be more expensive than those of many other manufacturers. To offset this pricing difference, New Balance claims to differentiate their products with technical features, such as blended gel inserts, heel counters and a greater selection of sizes, particularly for very narrow and/or very wide widths. The company has made total profits of approximately $69 billion since 1992. They are the second most-renown American sporting company, after Nike.\nQuestion: are new balance and nike the same company\nAnswer:",
        "response": ":::::. . ."
      },
      {
        "question": "Passage: United States women's national soccer team -- After the defeat in the 2016 Olympics, the USWNT underwent a year of experimentation which saw them losing 3 home games. If not for a comeback win against Brazil, the USWNT was on the brink of losing 4 home games in one year, a low never before seen by the USWNT. 2017 saw the USWNT play 12 games against teams ranked in the top-15 in the world. The USWNT heads into World Cup Qualifying in fall of 2018.\nQuestion: is the us womens soccer team in the world cup\nAnswer:",
        "response": ":::::. 1"
      },
      {
        "question": "Passage: List of Little League World Series appearances by U.S. state -- This is the list of U.S. states that have participated in the Little League World Series. As of the 2018 LLWS, eight states had never reached the LLWS: Alaska, Colorado, Kansas, North Dakota, Utah, Vermont, Wisconsin, and Wyoming; additionally, the District of Columbia has never reached the LLWS.\nQuestion: has wisconsin ever been in the little league world series\nAnswer:",
        "response": "::::. . . ."
      },
      {
        "question": "Passage: List of teams to overcome 3\u20131 series deficits -- The following is the list of teams to overcome 3--1 series deficits by winning three straight games to win a best-of-seven playoff series. In the history of major North American pro sports, teams that were down 3--1 in the series came back and won the series 52 times, more than half of them were accomplished by National Hockey League (NHL) teams. Teams overcame 3--1 deficit in the final championship round eight times, six were accomplished by Major League Baseball (MLB) teams in the World Series. Teams overcoming 3--0 deficit by winning four straight games were accomplished five times, four times in the NHL and once in MLB.\nQuestion: has anyone come back from 3-0 in the nba finals\nAnswer:",
        "response": ":::::. 1"
      },
      {
        "question": "Passage: 11.22.63 -- When asked about developing a sequel series, King stated ``I'd love to revisit Jake and Sadie, and also revisit the rabbit hole that dumps people into the past, but sometimes it's best not to go back for a second helping.''.\nQuestion: will there be a second season of 11.22.63\nAnswer:",