{
  "metadata": {
    "timestamp": "20241212_231217",
    "model_name": "Qwen/Qwen2.5-7B",
    "num_pruned_layers": 5,
    "has_adapter": true,
    "task": "boolq"
  },
  "metrics": {
    "response_quality": {
      "total_responses": 3270,
      "valid_responses": 3257,
      "invalid_responses": 13,
      "invalid_percentage": 0.39755351681957185
    },
    "metrics": {
      "accuracy": 0.6232729505680074,
      "evaluate_accuracy": {
        "accuracy": 0.6207951070336392
      },
      "precision": 0.6252354048964218,
      "recall": 0.9837037037037037,
      "f1": 0.7645365572826712,
      "total_evaluated": 3257,
      "confusion_matrix": {
        "true_positives": 1992,
        "true_negatives": 38,
        "false_positives": 1194,
        "false_negatives": 33
      },
      "perplexities": [
        8.8125,
        9.0546875,
        8.3046875,
        9.921875,
        8.453125,
        8.0078125,
        8.65625,
        8.5078125,
        9.5234375,
        9.75,
        9.75,
        8.8984375,
        9.921875,
        9.1796875,
        7.8515625,
        7.5625,
        8.7265625,
        10.6484375,
        11.046875,
        8.6015625,
        7.375,
        8.34375,
        8.2109375,
        6.98046875,
        11.046875,
        7.625,
        8.1953125,
        10.0625,
        8.96875,
        10.078125,
        9.1796875,
        8.390625,
        7.8203125,
        8.453125,
        9.125,
        8.0703125,
        8.7578125,
        10.15625,
        8.359375,
        7.68359375,
        7.23046875,
        8.5390625,
        10.625,
        6.515625,
        8.2265625,
        7.203125,
        9.015625,
        9.109375,
        9.0390625,
        8.1640625,
        7.95703125,
        7.98828125,
        7.68359375,
        9.484375,
        7.8828125,
        8.984375,
        10.21875,
        9.7734375,
        9.578125,
        8.4375,
        8.5390625,
        8.1328125,
        8.1953125,
        10.078125,
        10.8359375,
        7.92578125,
        7.71484375,
        7.4921875,
        9.640625,
        7.41796875,
        9.375,
        9.65625,
        9.8671875,
        9.265625,
        8.7421875,
        10.0,
        8.390625,
        9.0,
        9.3984375,
        9.4140625,
        7.95703125,
        8.7578125,
        7.50390625,
        8.9296875,
        8.46875,
        7.4921875,
        10.4375,
        12.203125,
        9.3203125,
        9.234375,
        9.2890625,
        8.46875,
        9.6015625,
        7.66796875,
        7.89453125,
        9.140625,
        8.1640625,
        7.2890625,
        10.5625,
        9.359375,
        6.7734375,
        8.0546875,
        9.015625,
        10.0625,
        7.8203125,
        9.484375,
        8.2578125,
        8.5703125,
        9.0390625,
        8.7421875,
        6.5,
        8.8125,
        7.55078125,
        7.5625,
        9.5625,
        8.703125,
        9.1953125,
        9.828125,
        8.65625,
        8.2109375,
        7.31640625,
        7.8671875,
        9.5625,
        7.89453125,
        7.8671875,
        7.98828125,
        8.671875,
        9.015625,
        10.3203125,
        11.1171875,
        9.75,
        8.2109375,
        9.0546875,
        8.2421875,
        8.984375,
        8.375,
        8.1171875,
        9.015625,
        8.9140625,
        6.94921875,
        10.28125,
        9.1953125,
        9.7890625,
        7.98828125,
        9.6953125,
        8.484375,
        8.5546875,
        9.34375,
        8.0546875,
        10.4375,
        10.15625,
        9.359375,
        8.84375,
        9.8828125,
        10.4609375,
        6.875,
        9.90625,
        7.3515625,
        7.578125,
        9.6171875,
        8.8984375,
        7.7421875,
        7.4453125,
        8.7265625,
        10.8359375,
        8.5546875,
        11.4453125,
        8.96875,
        8.859375,
        9.578125,
        9.4140625,
        7.7890625,
        8.1484375,
        9.84375,
        10.28125,
        9.2109375,
        7.51953125,
        9.5234375,
        9.359375,
        8.390625,
        11.0078125,
        10.5,
        7.63671875,
        7.91015625,
        9.234375,
        9.8828125,
        9.5234375,
        7.68359375,
        9.578125,
        8.1953125,
        9.125,
        7.89453125,
        9.546875,
        7.4453125,
        7.69921875,
        6.90234375,
        8.5234375,
        7.125,
        8.671875,
        10.0234375,
        8.359375,
        10.0390625,
        7.92578125,
        8.1953125,
        8.453125
      ],
      "mean_perplexity": 8.808060213414635
    },
    "invalid_examples": [
      {
        "question": "Passage: Boo (dog) -- In April 2012, Boo was the subject of a death hoax after #RIPBOO appeared on Facebook. Tweets followed as Gizmodo writer Sam Biddle tweeted that Boo had died. It was later confirmed by the Chronicle Book staff that Boo was alive and well.\nQuestion: did boo the world's cutest dog die\nAnswer:",
        "response": " Boo ( ( ) ) \u662f  "
      },
      {
        "question": "Passage: Courage the Cowardly Dog -- Courage the Cowardly Dog originally was premiered as a short on February 18, 1996. The show premiered on November 12, 1999 and became the highest-rated premiere in Cartoon Network history at the time. It last aired on November 22, 2002, with 52 episodes produced in four seasons. The series is available for streaming on Boomerang's website. Reruns have aired on Boomerang.\nQuestion: is courage the cowardly dog still on tv\nAnswer:",
        "response": " Courage: \u270e\u2192\u2191\u2192\u2192"
      },
      {
        "question": "Passage: Halo: Combat Evolved -- Halo: Combat Evolved is a 2001 military science fiction first-person shooter video game developed by Bungie and published by Microsoft Game Studios. The first game of the Halo franchise, it was released as a launch title for the Xbox gaming system on November 15, 2001. More than five million copies were sold worldwide by November 2005. Microsoft released versions of the game for Microsoft Windows and Mac OS X in 2003, and the surrounding storyline was adapted and elaborated into a series of novels, comic books, and live-action web series. The game was later released as a downloadable Xbox Original for the Xbox 360. A high-definition remake, Halo: Combat Evolved Anniversary, was released for Xbox 360 on the 10th anniversary of the original game's launch, and was rereleased as part of Halo: The Master Chief Collection on November 11, 2014, for the Xbox One.\nQuestion: is halo combat evolved the first halo game\nAnswer:",
        "response": " Halo: S, E, C I"
      },
      {
        "question": "Passage: Ip Man 3 -- Wing-sing accompanies Ip to the fight. After a battle with six and a half point poles, butterfly swords and an empty-handed fight, Ip eventually overpowers Cheung with a one-inch punch. Accepting defeat, Cheung destroys the banner that proclaimed himself to be the Grandmaster. Ip tells him that spending time with their closest ones are more important than competing and leaves. In the epilogue, it is revealed that Wing-sing died in 1960, and that Ip helped make Wing Chun well known internationally and left a legacy.\nQuestion: does ip man win in ip man 3\nAnswer:",