{
  "metadata": {
    "timestamp": "20241212_232949",
    "model_name": "Qwen/Qwen2.5-7B",
    "num_pruned_layers": 19,
    "has_adapter": false,
    "task": "boolq"
  },
  "metrics": {
    "response_quality": {
      "total_responses": 3270,
      "valid_responses": 1736,
      "invalid_responses": 1534,
      "invalid_percentage": 46.91131498470948
    },
    "metrics": {
      "accuracy": 0.5938940092165899,
      "evaluate_accuracy": {
        "accuracy": 0.31529051987767587
      },
      "precision": 0.6318719554627696,
      "recall": 0.8376383763837638,
      "f1": 0.7203490678302261,
      "total_evaluated": 1736,
      "confusion_matrix": {
        "true_positives": 908,
        "true_negatives": 123,
        "false_positives": 529,
        "false_negatives": 176
      },
      "perplexities": [
        6716.0,
        6116.0,
        8424.0,
        6664.0,
        8104.0,
        6876.0,
        8360.0,
        9112.0,
        9400.0,
        8424.0,
        7436.0,
        7264.0,
        7792.0,
        7436.0,
        7040.0,
        6020.0,
        7152.0,
        7208.0,
        9696.0,
        6360.0,
        5928.0,
        7208.0,
        5396.0,
        8104.0,
        7732.0,
        5700.0,
        8232.0,
        8232.0,
        7612.0,
        9544.0,
        7852.0,
        7732.0,
        6984.0,
        8040.0,
        7496.0,
        7376.0,
        7672.0,
        7976.0,
        7792.0,
        7264.0,
        6360.0,
        7916.0,
        8488.0,
        6772.0,
        7496.0,
        6564.0,
        5744.0,
        7852.0,
        6876.0,
        5928.0,
        7976.0,
        7852.0,
        6772.0,
        6312.0,
        8760.0,
        8104.0,
        6824.0,
        8424.0,
        6512.0,
        6932.0,
        8040.0,
        6260.0,
        6020.0,
        8232.0,
        7612.0,
        7552.0,
        6564.0,
        8040.0,
        10008.0,
        6412.0,
        7672.0,
        8296.0,
        8104.0,
        6612.0,
        8232.0,
        6312.0,
        7612.0,
        6876.0,
        10240.0,
        9256.0,
        8232.0,
        7264.0,
        8968.0,
        9848.0,
        6020.0,
        6932.0,
        9472.0,
        10088.0,
        7040.0,
        7376.0,
        7612.0,
        6824.0,
        7096.0,
        6164.0,
        7208.0,
        7096.0,
        6512.0,
        6876.0,
        8104.0,
        7376.0,
        6260.0,
        8040.0,
        7672.0,
        8968.0,
        6984.0,
        8624.0,
        8832.0,
        7672.0,
        7552.0,
        7152.0,
        5744.0,
        8968.0,
        6824.0,
        5656.0,
        8360.0,
        8896.0,
        7976.0,
        7792.0,
        6664.0,
        7320.0,
        7672.0,
        6716.0,
        8624.0,
        7436.0,
        8424.0,
        6212.0,
        8560.0,
        7264.0,
        7672.0,
        8832.0,
        9328.0,
        7320.0,
        8968.0,
        6412.0,
        7852.0,
        6564.0,
        7376.0,
        8232.0,
        7976.0,
        8232.0,
        7976.0,
        7552.0,
        6984.0,
        6664.0,
        9848.0,
        8624.0,
        7612.0,
        8040.0,
        6932.0,
        9544.0,
        10160.0,
        10408.0,
        6512.0,
        11072.0,
        8040.0,
        7376.0,
        7040.0,
        6564.0,
        7496.0,
        6312.0,
        7436.0,
        6020.0,
        5928.0,
        7376.0,
        7916.0,
        8696.0,
        7552.0,
        7496.0,
        6664.0,
        7208.0,
        6212.0,
        5744.0,
        8560.0,
        7552.0,
        6664.0,
        5396.0,
        6984.0,
        6260.0,
        7264.0,
        5976.0,
        10320.0,
        9328.0,
        6716.0,
        7852.0,
        9472.0,
        6068.0,
        6612.0,
        6932.0,
        7552.0,
        7612.0,
        8560.0,
        7264.0,
        7612.0,
        6716.0,
        6664.0,
        7320.0,
        8488.0,
        5112.0,
        9040.0,
        10320.0,
        9184.0,
        7792.0,
        7612.0,
        7040.0,
        8760.0
      ],
      "mean_perplexity": 7586.497560975609
    },
    "invalid_examples": [
      {
        "question": "Passage: Ethanol fuel -- All biomass goes through at least some of these steps: it needs to be grown, collected, dried, fermented, distilled, and burned. All of these steps require resources and an infrastructure. The total amount of energy input into the process compared to the energy released by burning the resulting ethanol fuel is known as the energy balance (or ``energy returned on energy invested''). Figures compiled in a 2007 report by National Geographic Magazine point to modest results for corn ethanol produced in the US: one unit of fossil-fuel energy is required to create 1.3 energy units from the resulting ethanol. The energy balance for sugarcane ethanol produced in Brazil is more favorable, with one unit of fossil-fuel energy required to create 8 from the ethanol. Energy balance estimates are not easily produced, thus numerous such reports have been generated that are contradictory. For instance, a separate survey reports that production of ethanol from sugarcane, which requires a tropical climate to grow productively, returns from 8 to 9 units of energy for each unit expended, as compared to corn, which only returns about 1.34 units of fuel energy for each unit of energy expended. A 2006 University of California Berkeley study, after analyzing six separate studies, concluded that producing ethanol from corn uses much less petroleum than producing gasoline.\nQuestion: does ethanol take more energy make that produces\nAnswer:",
        "response": "1 ? &mozilla] \n"
      },
      {
        "question": "Passage: Harry Potter and the Escape from Gringotts -- Harry Potter and the Escape from Gringotts is an indoor steel roller coaster at Universal Studios Florida, a theme park located within the Universal Orlando Resort. Similar to dark rides, the roller coaster utilizes special effects in a controlled-lighting environment and also employs motion-based 3-D projection of both animation and live-action sequences to enhance the experience. The ride, which is themed to the Gringotts Wizarding Bank, became the flagship attraction for the expanded Wizarding World of Harry Potter when it opened on July 8, 2014.\nQuestion: is harry potter and the escape from gringotts a roller coaster ride\nAnswer:",
        "response": " LLx68\nvariable\n"
      },
      {
        "question": "Passage: Alcohol laws of New York -- In response to the National Minimum Drinking Age Act in 1984, which reduced by up to 10% the federal highway funding of any state which did not have a minimum purchasing age of 21, the New York Legislature raised the drinking age from 19 to 21, effective December 1, 1985. (The drinking age had been 18 for many years before the first raise on December 4th, 1982, to 19.) Persons under 21 are prohibited from purchasing alcohol or possessing alcohol with the intent to consume, unless the alcohol was given to that person by their parent or legal guardian. There is no law prohibiting where people under 21 may possess or consume alcohol that was given to them by their parents. Persons under 21 are prohibited from having a blood alcohol level of 0.02% or higher while driving.\nQuestion: can minors drink with parents in new york\nAnswer:",