{
  "metadata": {
    "timestamp": "20241212_233629",
    "model_name": "Qwen/Qwen2.5-7B",
    "num_pruned_layers": 22,
    "has_adapter": true,
    "task": "boolq"
  },
  "metrics": {
    "response_quality": {
      "total_responses": 3270,
      "valid_responses": 3207,
      "invalid_responses": 63,
      "invalid_percentage": 1.926605504587156
    },
    "metrics": {
      "accuracy": 0.6211412535079514,
      "evaluate_accuracy": {
        "accuracy": 0.6091743119266055
      },
      "precision": 0.6219169528566968,
      "recall": 0.9979959919839679,
      "f1": 0.7663012117714946,
      "total_evaluated": 3207,
      "confusion_matrix": {
        "true_positives": 1992,
        "true_negatives": 0,
        "false_positives": 1211,
        "false_negatives": 4
      },
      "perplexities": [
        82.3125,
        74.0625,
        81.9375,
        82.3125,
        78.8125,
        71.75,
        77.875,
        82.3125,
        78.5,
        96.9375,
        90.375,
        76.125,
        77.875,
        82.3125,
        79.4375,
        79.125,
        77.875,
        91.8125,
        88.625,
        87.5625,
        87.5625,
        74.0625,
        67.9375,
        80.6875,
        96.9375,
        58.8125,
        91.4375,
        77.0,
        83.875,
        94.0,
        88.625,
        72.625,
        83.25,
        90.75,
        88.625,
        78.1875,
        76.125,
        95.8125,
        87.25,
        69.5625,
        66.625,
        74.0625,
        92.5,
        73.1875,
        86.5625,
        80.0625,
        80.0625,
        90.0,
        80.6875,
        71.75,
        81.3125,
        86.9375,
        77.875,
        75.1875,
        82.9375,
        93.625,
        84.25,
        106.5,
        71.5,
        88.625,
        96.1875,
        74.3125,
        78.5,
        99.625,
        101.625,
        81.9375,
        78.1875,
        76.6875,
        85.875,
        73.75,
        93.25,
        98.875,
        99.25,
        75.5,
        81.625,
        99.25,
        80.0625,
        78.8125,
        88.9375,
        88.625,
        74.9375,
        95.4375,
        75.1875,
        88.25,
        77.875,
        77.0,
        97.3125,
        118.3125,
        95.0625,
        91.4375,
        83.875,
        77.625,
        95.0625,
        104.0,
        83.875,
        74.9375,
        60.90625,
        78.1875,
        102.375,
        96.5625,
        63.34375,
        89.6875,
        83.25,
        94.6875,
        79.75,
        78.8125,
        77.3125,
        89.3125,
        86.25,
        75.5,
        66.625,
        85.875,
        76.375,
        69.3125,
        94.3125,
        117.375,
        97.6875,
        90.0,
        83.5625,
        87.25,
        77.625,
        80.6875,
        96.1875,
        84.5625,
        77.3125,
        75.8125,
        95.4375,
        73.5,
        95.8125,
        99.25,
        93.625,
        80.0625,
        93.25,
        83.875,
        87.5625,
        81.625,
        69.8125,
        82.625,
        78.1875,
        85.5625,
        85.875,
        80.0625,
        80.0625,
        70.625,
        93.25,
        85.25,
        78.1875,
        94.6875,
        91.4375,
        99.625,
        82.625,
        95.8125,
        79.75,
        94.0,
        93.625,
        82.9375,
        78.5,
        64.0625,
        84.25,
        83.875,
        89.3125,
        64.3125,
        68.5,
        98.5,
        107.3125,
        97.6875,
        110.3125,
        79.125,
        83.875,
        80.0625,
        79.75,
        70.9375,
        71.75,
        82.625,
        92.125,
        84.25,
        82.625,
        81.3125,
        101.1875,
        65.875,
        100.8125,
        97.6875,
        67.1875,
        76.375,
        98.125,
        80.6875,
        88.625,
        73.5,
        74.3125,
        84.25,
        92.875,
        85.25,
        87.25,
        79.75,
        72.625,
        79.4375,
        95.8125,
        55.03125,
        89.6875,
        91.8125,
        76.375,
        98.125,
        72.3125,
        64.8125,
        81.3125
      ],
      "mean_perplexity": 84.08307926829268
    },
    "invalid_examples": [
      {
        "question": "Passage: 2018 FIFA World Cup knockout stage -- The knockout stage of the 2018 FIFA World Cup was the second and final stage of the competition, following the group stage. It began on 30 June with the round of 16 and ended on 15 July with the final match, held at the Luzhniki Stadium in Moscow. The top two teams from each group (16 in total) advanced to the knockout stage to compete in a single-elimination style tournament. A third place play-off was also played between the two losing teams of the semi-finals.\nQuestion: is there a play off for third place in the world cup\nAnswer:",
        "response": " 1111, 1"
      },
      {
        "question": "Passage: 11.22.63 -- When asked about developing a sequel series, King stated ``I'd love to revisit Jake and Sadie, and also revisit the rabbit hole that dumps people into the past, but sometimes it's best not to go back for a second helping.''.\nQuestion: will there be a second season of 11.22.63\nAnswer:",
        "response": " 1111111"
      },
      {
        "question": "Passage: 2018 FIFA World Cup qualification \u2013 UEFA Group D -- The group winners, Serbia, qualified directly for the 2018 FIFA World Cup. The group runners-up, Republic of Ireland, advanced to the play-offs as one of the best 8 runners-up, where they lost to Denmark and thus failed to qualify.\nQuestion: did ireland qualify for the 2018 world cup\nAnswer:",
        "response": " 1.11111"
      },
      {
        "question": "Passage: David Brooks (commentator) -- David Brooks (born August 11, 1961) is a Canadian-born American conservative political and cultural commentator who writes for The New York Times. He has worked as a film critic for The Washington Times; a reporter and later op-ed editor for The Wall Street Journal; a senior editor at The Weekly Standard from its inception; a contributing editor at Newsweek and The Atlantic Monthly; and a commentator on NPR. Brooks is currently a columnist for The New York Times and commentator on PBS NewsHour. Brooks also serves on the board of the radical centrist New America think tank.\nQuestion: does david brooks still write for ny times\nAnswer:",
        "response": " david David David David David David David David"
      },
      {
        "question": "Passage: Coriander -- Coriander is commonly found both as whole dried seeds and in ground form. Roasting or heating the seeds in a dry pan heightens the flavour, aroma, and pungency. Ground coriander seed loses flavour quickly in storage and is best ground fresh. Coriander seed is a spice in garam masala and Indian curries which often employ the ground fruits in generous amounts together with cumin, acting as a thickener in a mixture called dhana jeera. Roasted coriander seeds, called dhana dal, are eaten as a snack. They are the main ingredient of the two south Indian dishes sambhar and rasam.\nQuestion: are ground coriander and cumin the same thing\nAnswer:",