{
  "metadata": {
    "timestamp": "20241212_232650",
    "model_name": "Qwen/Qwen2.5-7B",
    "num_pruned_layers": 12,
    "has_adapter": true,
    "task": "boolq"
  },
  "metrics": {
    "response_quality": {
      "total_responses": 3270,
      "valid_responses": 3141,
      "invalid_responses": 129,
      "invalid_percentage": 3.9449541284403673
    },
    "metrics": {
      "accuracy": 0.6179560649474689,
      "evaluate_accuracy": {
        "accuracy": 0.5935779816513761
      },
      "precision": 0.6236453201970443,
      "recall": 0.9723502304147466,
      "f1": 0.7599039615846338,
      "total_evaluated": 3141,
      "confusion_matrix": {
        "true_positives": 1899,
        "true_negatives": 42,
        "false_positives": 1146,
        "false_negatives": 54
      },
      "perplexities": [
        15.796875,
        15.5546875,
        14.609375,
        17.25,
        14.75,
        13.8828125,
        14.4921875,
        14.8359375,
        16.171875,
        17.3125,
        16.421875,
        15.4609375,
        17.3125,
        16.328125,
        14.2734375,
        14.328125,
        15.1328125,
        18.546875,
        18.328125,
        15.984375,
        14.46875,
        14.3828125,
        14.2421875,
        12.9453125,
        18.875,
        13.328125,
        15.1875,
        16.046875,
        15.734375,
        17.765625,
        16.390625,
        14.3828125,
        14.15625,
        15.21875,
        16.6875,
        14.3828125,
        15.921875,
        18.21875,
        14.8359375,
        13.828125,
        12.7421875,
        15.046875,
        18.875,
        11.9921875,
        15.21875,
        13.3828125,
        16.234375,
        16.234375,
        15.25,
        14.1328125,
        14.46875,
        15.25,
        14.21875,
        15.4296875,
        14.4921875,
        16.109375,
        17.109375,
        17.3125,
        15.21875,
        14.8125,
        15.25,
        13.96875,
        15.0703125,
        18.28125,
        19.015625,
        14.8125,
        14.4140625,
        14.640625,
        16.953125,
        13.7265625,
        16.265625,
        17.421875,
        17.3125,
        15.953125,
        15.1015625,
        18.328125,
        15.1875,
        14.8984375,
        15.953125,
        16.625,
        13.828125,
        15.34375,
        13.40625,
        15.765625,
        15.1640625,
        13.8828125,
        17.71875,
        21.296875,
        17.015625,
        16.75,
        16.8125,
        15.0703125,
        16.8125,
        15.34375,
        14.46875,
        15.984375,
        13.3046875,
        13.40625,
        18.1875,
        16.8125,
        12.3046875,
        15.1328125,
        15.5546875,
        16.953125,
        13.8828125,
        16.015625,
        15.21875,
        15.5234375,
        15.953125,
        14.609375,
        11.6484375,
        15.28125,
        14.078125,
        12.5703125,
        17.34375,
        18.5,
        16.75,
        16.421875,
        15.4609375,
        14.8671875,
        13.171875,
        14.046875,
        16.84375,
        14.1328125,
        14.1015625,
        13.9140625,
        16.046875,
        15.25,
        18.0,
        18.796875,
        17.078125,
        14.78125,
        16.046875,
        14.46875,
        16.515625,
        14.78125,
        14.4140625,
        15.1328125,
        15.28125,
        12.8203125,
        17.28125,
        15.953125,
        17.046875,
        13.5625,
        16.8125,
        15.1015625,
        14.8984375,
        16.421875,
        14.2734375,
        18.65625,
        17.828125,
        16.390625,
        16.328125,
        17.3125,
        18.578125,
        13.046875,
        16.296875,
        13.5625,
        14.3828125,
        16.875,
        15.734375,
        13.2734375,
        12.7421875,
        15.4296875,
        19.015625,
        15.5234375,
        19.84375,
        16.625,
        15.34375,
        15.953125,
        15.734375,
        13.8046875,
        14.21875,
        16.8125,
        17.796875,
        16.515625,
        13.3515625,
        16.265625,
        17.015625,
        14.15625,
        18.28125,
        18.578125,
        13.171875,
        13.40625,
        17.28125,
        17.25,
        16.390625,
        14.078125,
        15.828125,
        14.5546875,
        16.140625,
        14.8671875,
        17.421875,
        13.6953125,
        13.6953125,
        12.4921875,
        16.046875,
        11.15625,
        15.671875,
        17.015625,
        14.4921875,
        17.515625,
        14.46875,
        13.828125,
        16.046875
      ],
      "mean_perplexity": 15.569245426829267
    },
    "invalid_examples": [
      {
        "question": "Passage: Barq's -- Barq's /\u02c8b\u0251\u02d0rks/ is an American soft drink. Its brand of root beer is notable for having caffeine. Barq's, created by Edward Barq and bottled since the turn of the 20th century, is owned by the Barq family but bottled by the Coca-Cola Company. It was known as Barq's Famous Olde Tyme Root Beer until 2012.\nQuestion: is barq's root beer a pepsi product\nAnswer:",
        "response": " Bar Bar Bar Bar Bar Bar Bar Bar"
      },
      {
        "question": "Passage: Bloodline (TV series) -- Bloodline was announced in October 2014 as part of a partnership between Netflix and Sony Pictures Television, representing Netflix's first major deal with a major film studio for a television series. The series was created and executive produced by Todd A. Kessler, Glenn Kessler, and Daniel Zelman, who previously created the FX series Damages. According to its official synopsis released by Netflix, Bloodline ``centers on a close-knit family of four adult siblings whose secrets and scars are revealed when their black sheep brother returns home.''\nQuestion: is the show bloodline based on a true story\nAnswer:",
        "response": " Blood Blood Blood B B B B B"
      },
      {
        "question": "Passage: Magnesium citrate -- Magnesium citrate is a magnesium preparation in salt form with citric acid in a 1:1 ratio (1 magnesium atom per citrate molecule). The name ``magnesium citrate'' is ambiguous and sometimes may refer to other salts such as trimagnesium citrate which has a magnesium:citrate ratio of 3:2.\nQuestion: does magnesium citrate have citric acid in it\nAnswer:",
        "response": " Magn Magn Magn M M M M M"
      },
      {
        "question": "Passage: Indiana Jones and the Temple of Doom -- Indiana Jones and the Temple of Doom is a 1984 American action-adventure film directed by Steven Spielberg. It is the second installment in the Indiana Jones franchise and a prequel to the 1981 film Raiders of the Lost Ark, featuring Harrison Ford reprising his role as the title character. After arriving in North India, Indiana Jones is asked by desperate villagers to find a mystical stone and rescue their children from a Thuggee cult practicing child slavery, black magic and ritual human sacrifice in honor of the goddess Kali.\nQuestion: is indiana jones temple of doom a prequel\nAnswer:",
        "response": " Indiana Indiana Indiana Indiana In In In In"
      },
      {
        "question": "Passage: Panama Canal -- The new locks opened for commercial traffic on 26 June 2016, and the first ship to cross the canal using the third set of locks was a modern New Panamax vessel, the Chinese-owned container ship Cosco Shipping Panama. The original locks, now over 100 years old, allow engineers greater access for maintenance, and are projected to continue operating indefinitely.\nQuestion: is the old panama canal still in use\nAnswer:",