{
  "metadata": {
    "timestamp": "20241212_232324",
    "model_name": "Qwen/Qwen2.5-7B",
    "num_pruned_layers": 12,
    "has_adapter": false,
    "task": "boolq"
  },
  "metrics": {
    "response_quality": {
      "total_responses": 3270,
      "valid_responses": 3120,
      "invalid_responses": 150,
      "invalid_percentage": 4.587155963302752
    },
    "metrics": {
      "accuracy": 0.6195512820512821,
      "evaluate_accuracy": {
        "accuracy": 0.591131498470948
      },
      "precision": 0.6204121056020605,
      "recall": 0.9958656330749354,
      "f1": 0.764530847054156,
      "total_evaluated": 3120,
      "confusion_matrix": {
        "true_positives": 1927,
        "true_negatives": 6,
        "false_positives": 1179,
        "false_negatives": 8
      },
      "perplexities": [
        50.6875,
        49.53125,
        47.90625,
        53.65625,
        49.125,
        42.84375,
        51.375,
        50.0,
        52.59375,
        63.84375,
        55.90625,
        47.25,
        54.1875,
        49.625,
        48.0,
        49.21875,
        50.0,
        62.84375,
        59.28125,
        53.75,
        49.40625,
        47.25,
        49.03125,
        48.28125,
        58.34375,
        43.1875,
        55.03125,
        62.59375,
        49.71875,
        58.8125,
        53.53125,
        45.34375,
        49.71875,
        58.125,
        56.5625,
        47.0625,
        52.8125,
        57.4375,
        57.0,
        52.1875,
        44.8125,
        49.21875,
        62.59375,
        43.78125,
        51.09375,
        44.3125,
        51.59375,
        55.90625,
        45.0,
        48.46875,
        47.90625,
        53.125,
        50.0,
        50.6875,
        50.1875,
        58.34375,
        54.59375,
        63.09375,
        53.75,
        48.75,
        57.0,
        47.8125,
        48.5625,
        58.5625,
        64.0625,
        51.1875,
        49.125,
        51.28125,
        58.125,
        49.90625,
        54.28125,
        64.8125,
        61.15625,
        47.0625,
        57.0,
        57.65625,
        52.59375,
        47.25,
        54.375,
        61.15625,
        57.21875,
        56.78125,
        51.0,
        54.8125,
        46.15625,
        48.09375,
        56.78125,
        64.8125,
        59.03125,
        62.125,
        52.5,
        51.1875,
        56.5625,
        53.53125,
        44.375,
        52.0,
        45.53125,
        43.78125,
        59.28125,
        58.5625,
        39.9375,
        56.5625,
        48.9375,
        54.8125,
        47.0625,
        51.0,
        52.59375,
        51.90625,
        54.28125,
        48.5625,
        43.4375,
        48.5625,
        47.53125,
        39.71875,
        58.8125,
        61.625,
        52.09375,
        56.125,
        48.46875,
        53.21875,
        47.0625,
        50.5,
        55.90625,
        52.59375,
        49.8125,
        46.34375,
        50.5,
        50.5,
        62.84375,
        60.4375,
        57.65625,
        47.25,
        57.90625,
        50.3125,
        56.5625,
        53.125,
        47.25,
        51.09375,
        50.59375,
        48.84375,
        51.28125,
        53.34375,
        53.96875,
        46.96875,
        56.34375,
        55.6875,
        50.09375,
        59.71875,
        55.03125,
        57.90625,
        57.90625,
        57.21875,
        51.59375,
        61.15625,
        64.3125,
        47.71875,
        50.90625,
        43.03125,
        48.09375,
        53.34375,
        59.5,
        39.9375,
        50.6875,
        57.4375,
        65.375,
        53.03125,
        60.4375,
        55.46875,
        53.96875,
        50.6875,
        49.625,
        47.8125,
        44.21875,
        52.1875,
        59.03125,
        50.6875,
        52.1875,
        54.28125,
        55.6875,
        41.53125,
        60.1875,
        61.625,
        49.90625,
        52.09375,
        61.625,
        57.21875,
        55.25,
        44.46875,
        52.5,
        51.09375,
        56.34375,
        50.09375,
        56.5625,
        51.90625,
        44.5625,
        51.0,
        52.71875,
        42.1875,
        54.8125,
        62.84375,
        48.09375,
        53.03125,
        47.71875,
        45.71875,
        56.5625
      ],
      "mean_perplexity": 52.67926829268293
    },
    "invalid_examples": [
      {
        "question": "Passage: Shower gel -- Shower gels for men may contain the ingredient menthol, which gives a cooling and stimulating sensation on the skin, and some men's shower gels are also designed specifically for use on hair and body. Shower gels contain milder surfactant bases than shampoos, and some also contain gentle conditioning agents in the formula. This means that shower gels can also double as an effective and perfectly acceptable substitute to shampoo, even if they are not labelled as a hair and body wash. Washing hair with shower gel should give approximately the same result as using a moisturising shampoo.\nQuestion: is it bad to wash your hair with shower gel\nAnswer:",
        "response": " Shower shower-show show show show show show"
      },
      {
        "question": "Passage: Indiana Jones and the Temple of Doom -- Indiana Jones and the Temple of Doom is a 1984 American action-adventure film directed by Steven Spielberg. It is the second installment in the Indiana Jones franchise and a prequel to the 1981 film Raiders of the Lost Ark, featuring Harrison Ford reprising his role as the title character. After arriving in North India, Indiana Jones is asked by desperate villagers to find a mystical stone and rescue their children from a Thuggee cult practicing child slavery, black magic and ritual human sacrifice in honor of the goddess Kali.\nQuestion: is indiana jones temple of doom a prequel\nAnswer:",
        "response": " Indiana Indiana Indiana Indiana III III III III"
      },
      {
        "question": "Passage: Columbus Day -- Columbus Day is a national holiday in many countries of the Americas and elsewhere which officially celebrates the anniversary of Christopher Columbus's arrival in the Americas on October 12, 1492. The landing is celebrated as ``Columbus Day'' in the United States, as ``D\u00eda de la Raza'' (``Day of the Race'') in some countries in Latin America, as ``D\u00eda de la Hispanidad'' and ``Fiesta Nacional'' in Spain, where it is also the religious festivity of la Virgen del Pilar, as D\u00eda de las Am\u00e9ricas (Day of the Americas) in Belize and Uruguay, as D\u00eda del Respeto a la Diversidad Cultural (Day of Respect for Cultural Diversity) in Argentina, and as Giornata Nazionale di Cristoforo Colombo or Festa Nazionale di Cristoforo Colombo in Italy as well as in Little Italys around the world. As the day of remembrance of Our Lady of the Pillar, 12 October had been declared a religious feast day throughout the Spanish Empire in 1730; the secular Fiesta de la Raza Espa\u00f1ola was first proposed by Faustino Rodr\u00edguez-San Pedro y D\u00edaz-Arg\u00fcelles in 1913. In recent years, celebration of the holiday has faced some opposition from various organizations.\nQuestion: is columbus day a national holiday in the united states\nAnswer:",
        "response": " Columbus Columbus Kansas K K K K K"
      },
      {
        "question": "Passage: Acute and obtuse triangles -- An acute triangle is a triangle with all three angles acute (less than 90\u00b0). An obtuse triangle is one with one obtuse angle (greater than 90\u00b0) and two acute angles. Since a triangle's angles must sum to 180\u00b0, no triangle can have more than one obtuse angle.\nQuestion: do all triangles have at least two acute angles\nAnswer:",