{
  "metadata": {
    "timestamp": "20241212_231954",
    "model_name": "Qwen/Qwen2.5-7B",
    "num_pruned_layers": 8,
    "has_adapter": true,
    "task": "boolq"
  },
  "metrics": {
    "response_quality": {
      "total_responses": 3270,
      "valid_responses": 3255,
      "invalid_responses": 15,
      "invalid_percentage": 0.45871559633027525
    },
    "metrics": {
      "accuracy": 0.6199692780337942,
      "evaluate_accuracy": {
        "accuracy": 0.617125382262997
      },
      "precision": 0.6224774914622788,
      "recall": 0.989634748272458,
      "f1": 0.7642462359443493,
      "total_evaluated": 3255,
      "confusion_matrix": {
        "true_positives": 2005,
        "true_negatives": 13,
        "false_positives": 1216,
        "false_negatives": 21
      },
      "perplexities": [
        11.671875,
        11.8515625,
        10.6640625,
        12.8671875,
        11.2265625,
        10.5234375,
        11.0078125,
        11.09375,
        12.28125,
        12.8671875,
        12.3515625,
        11.578125,
        12.8671875,
        12.015625,
        10.6875,
        10.2421875,
        11.421875,
        14.1328125,
        14.1015625,
        11.3515625,
        10.1953125,
        11.1171875,
        10.7109375,
        9.375,
        14.46875,
        9.8671875,
        11.1796875,
        12.546875,
        11.921875,
        13.3828125,
        12.15625,
        10.984375,
        10.5234375,
        11.1796875,
        12.46875,
        10.484375,
        11.6015625,
        13.5078125,
        11.3359375,
        10.15625,
        9.4296875,
        10.9609375,
        14.4375,
        8.5703125,
        11.2890625,
        9.65625,
        11.8046875,
        12.328125,
        11.671875,
        10.625,
        10.7734375,
        10.75,
        10.1953125,
        12.109375,
        10.484375,
        11.921875,
        13.2734375,
        12.8671875,
        11.9453125,
        10.9453125,
        11.2265625,
        10.2421875,
        11.046875,
        13.484375,
        14.078125,
        10.5625,
        10.5625,
        10.4375,
        12.46875,
        9.921875,
        12.0859375,
        12.71875,
        12.84375,
        12.1328125,
        11.4921875,
        13.25,
        11.3515625,
        11.5078125,
        12.0625,
        12.4453125,
        10.5234375,
        11.2421875,
        10.1171875,
        11.875,
        11.2890625,
        9.921875,
        13.5390625,
        16.109375,
        12.546875,
        12.15625,
        12.5703125,
        11.03125,
        12.6953125,
        10.5859375,
        10.546875,
        11.9453125,
        10.2421875,
        9.90625,
        13.7265625,
        12.4921875,
        9.1953125,
        10.796875,
        11.921875,
        12.890625,
        10.3828125,
        12.0625,
        11.0078125,
        11.15625,
        11.8046875,
        11.2421875,
        8.421875,
        11.3515625,
        10.3359375,
        9.6953125,
        12.7421875,
        12.328125,
        12.5234375,
        12.6953125,
        11.5078125,
        10.984375,
        9.8828125,
        10.1171875,
        12.4921875,
        10.359375,
        10.3984375,
        10.2421875,
        11.6015625,
        11.46875,
        13.671875,
        14.1875,
        12.84375,
        11.0703125,
        11.9453125,
        10.7734375,
        12.0859375,
        11.09375,
        10.5859375,
        11.5546875,
        11.46875,
        9.25,
        13.2265625,
        11.875,
        13.046875,
        10.4375,
        12.6171875,
        11.09375,
        11.2265625,
        12.421875,
        10.359375,
        13.7265625,
        13.6171875,
        12.2265625,
        12.0859375,
        12.9140625,
        13.4609375,
        9.5234375,
        12.640625,
        9.90625,
        10.1171875,
        12.46875,
        11.5546875,
        9.984375,
        9.640625,
        11.265625,
        14.1875,
        11.3359375,
        14.8359375,
        12.3046875,
        11.3359375,
        12.2578125,
        12.2578125,
        10.3984375,
        10.859375,
        12.7890625,
        13.1171875,
        12.421875,
        9.90625,
        12.203125,
        12.5703125,
        10.9609375,
        14.078125,
        13.6171875,
        9.7109375,
        10.28125,
        12.2578125,
        13.0703125,
        12.5234375,
        10.421875,
        12.2265625,
        10.8125,
        11.9453125,
        10.5234375,
        12.9921875,
        10.15625,
        10.2578125,
        9.2890625,
        11.53125,
        8.875,
        11.6015625,
        12.890625,
        10.7734375,
        13.1953125,
        10.6484375,
        10.6015625,
        11.46875
      ],
      "mean_perplexity": 11.590548780487804
    },
    "invalid_examples": [
      {
        "question": "Passage: Courage the Cowardly Dog -- Courage the Cowardly Dog originally was premiered as a short on February 18, 1996. The show premiered on November 12, 1999 and became the highest-rated premiere in Cartoon Network history at the time. It last aired on November 22, 2002, with 52 episodes produced in four seasons. The series is available for streaming on Boomerang's website. Reruns have aired on Boomerang.\nQuestion: is courage the cowardly dog still on tv\nAnswer:",
        "response": " Courage Courage Courage Courage Courage Courage Courage Courage"
      },
      {
        "question": "Passage: Halo: Combat Evolved -- Halo: Combat Evolved is a 2001 military science fiction first-person shooter video game developed by Bungie and published by Microsoft Game Studios. The first game of the Halo franchise, it was released as a launch title for the Xbox gaming system on November 15, 2001. More than five million copies were sold worldwide by November 2005. Microsoft released versions of the game for Microsoft Windows and Mac OS X in 2003, and the surrounding storyline was adapted and elaborated into a series of novels, comic books, and live-action web series. The game was later released as a downloadable Xbox Original for the Xbox 360. A high-definition remake, Halo: Combat Evolved Anniversary, was released for Xbox 360 on the 10th anniversary of the original game's launch, and was rereleased as part of Halo: The Master Chief Collection on November 11, 2014, for the Xbox One.\nQuestion: is halo combat evolved the first halo game\nAnswer:",
        "response": " Halo Halo Halo Halo Halo Halo Halo Halo"
      },
      {
        "question": "Passage: Dan Marino -- Best remembered for his quick release and powerful arm, Marino helped the Dolphins become consistent postseason contenders, leading them to the playoffs ten times and one Super Bowl appearance in XIX, although a title victory ultimately eluded him during his career. Marino is considered by many to be one of the greatest players to never win a Super Bowl and has the most career victories of quarterbacks to not win a title at 155. He was inducted into the Pro Football Hall of Fame in 2005.\nQuestion: is dan marino in the hall of fame\nAnswer:",
        "response": " Dan Dan Dan D D D D D"
      },
      {
        "question": "Passage: Aslan -- With her greatest adversary dead, the White Witch leaves with her army to prepare for war against the Narnians, convinced that she will win. Lucy, Susan, and a number of mice remove the bonds from Aslan's body; but as the Stone Table breaks they find that his body is gone. To their shock, Aslan reappears alive and well, thanks to a Deeper Magic from before the Dawn of Time. The Witch, having entered Narnia only at the Dawn of Time, had not known of this. Aslan explains that the Deeper Magic is invoked when an innocent willingly offers his life in place of a traitor's, causing death itself to be reversed until the victim is reborn.\nQuestion: does aslan come back to life in narnia\nAnswer:",