{
  "metadata": {
    "timestamp": "20241212_230257",
    "model_name": "Qwen/Qwen2.5-7B",
    "num_pruned_layers": 3,
    "has_adapter": true,
    "task": "boolq"
  },
  "metrics": {
    "response_quality": {
      "total_responses": 3270,
      "valid_responses": 3270,
      "invalid_responses": 0,
      "invalid_percentage": 0.0
    },
    "metrics": {
      "accuracy": 0.6418960244648318,
      "evaluate_accuracy": {
        "accuracy": 0.6418960244648318
      },
      "precision": 0.6366518706404566,
      "recall": 0.9877029021151008,
      "f1": 0.77424330055909,
      "total_evaluated": 3270,
      "confusion_matrix": {
        "true_positives": 2008,
        "true_negatives": 91,
        "false_positives": 1146,
        "false_negatives": 25
      },
      "perplexities": [
        7.89453125,
        8.484375,
        7.71484375,
        9.15625,
        7.8828125,
        7.43359375,
        8.0390625,
        7.8515625,
        8.7421875,
        9.0859375,
        9.140625,
        8.3046875,
        9.2109375,
        8.5703125,
        7.24609375,
        6.96875,
        8.2734375,
        9.8671875,
        10.21875,
        7.97265625,
        6.6640625,
        7.51953125,
        7.59375,
        6.5,
        10.3203125,
        7.18359375,
        7.4765625,
        9.46875,
        8.2421875,
        9.25,
        8.421875,
        7.7734375,
        7.03125,
        7.8046875,
        8.421875,
        7.50390625,
        8.1484375,
        9.2890625,
        7.55078125,
        6.875,
        6.8203125,
        7.7578125,
        9.7109375,
        6.04296875,
        7.4765625,
        6.734375,
        8.1953125,
        8.34375,
        8.5390625,
        7.4921875,
        7.296875,
        7.4609375,
        6.953125,
        8.984375,
        7.203125,
        8.2890625,
        9.484375,
        9.0,
        8.8984375,
        7.8203125,
        7.8828125,
        7.51953125,
        7.3046875,
        9.15625,
        10.2578125,
        7.3515625,
        7.125,
        6.80859375,
        9.0546875,
        6.6875,
        8.5390625,
        8.828125,
        9.0546875,
        8.6015625,
        7.8828125,
        9.34375,
        7.66796875,
        8.5546875,
        8.703125,
        8.703125,
        7.078125,
        8.1171875,
        6.875,
        8.0703125,
        7.8203125,
        6.71484375,
        9.578125,
        11.375,
        8.5234375,
        8.375,
        8.5546875,
        7.8046875,
        8.859375,
        7.0078125,
        7.11328125,
        8.3046875,
        7.578125,
        6.63671875,
        9.7734375,
        8.5859375,
        6.19921875,
        7.3828125,
        8.4375,
        9.484375,
        7.30859375,
        8.7265625,
        7.59375,
        7.94140625,
        8.0859375,
        8.1015625,
        5.8515625,
        8.2421875,
        6.75390625,
        7.11328125,
        8.7890625,
        7.91015625,
        8.5078125,
        8.9453125,
        7.97265625,
        7.41796875,
        6.62890625,
        7.3515625,
        8.8984375,
        7.3046875,
        7.05078125,
        7.4765625,
        7.95703125,
        8.484375,
        9.6953125,
        10.21875,
        8.9296875,
        7.43359375,
        8.2265625,
        7.66796875,
        8.2890625,
        7.8046875,
        7.43359375,
        8.453125,
        8.2265625,
        6.38671875,
        9.6171875,
        8.421875,
        9.0,
        7.34765625,
        8.984375,
        7.71484375,
        7.7890625,
        8.640625,
        7.59375,
        9.8828125,
        9.375,
        8.625,
        8.2109375,
        8.984375,
        9.5234375,
        6.4140625,
        9.125,
        6.76171875,
        7.015625,
        8.7578125,
        8.3046875,
        7.12109375,
        6.953125,
        8.1796875,
        9.8828125,
        7.91015625,
        10.5234375,
        8.1171875,
        8.2421875,
        8.9140625,
        8.8984375,
        7.09375,
        7.63671875,
        9.34375,
        9.6171875,
        8.625,
        7.05859375,
        8.8125,
        8.7265625,
        7.91015625,
        10.4375,
        9.734375,
        7.09765625,
        7.25390625,
        8.5390625,
        9.015625,
        8.8125,
        6.88671875,
        9.0,
        7.4921875,
        8.2734375,
        7.17578125,
        8.7421875,
        6.76171875,
        7.125,
        6.4140625,
        7.68359375,
        6.52734375,
        8.1953125,
        9.3984375,
        7.8203125,
        9.3203125,
        7.2890625,
        7.59375,
        7.5625
      ],
      "mean_perplexity": 8.126181402439025
    },
    "invalid_examples": []
  }
}