{
  "metadata": {
    "timestamp": "20241212_231138",
    "model_name": "Qwen/Qwen2.5-7B",
    "num_pruned_layers": 6,
    "has_adapter": true,
    "task": "boolq"
  },
  "metrics": {
    "response_quality": {
      "total_responses": 3270,
      "valid_responses": 3124,
      "invalid_responses": 146,
      "invalid_percentage": 4.464831804281346
    },
    "metrics": {
      "accuracy": 0.6088348271446863,
      "evaluate_accuracy": {
        "accuracy": 0.581651376146789
      },
      "precision": 0.6273830155979203,
      "recall": 0.9248850281042412,
      "f1": 0.7476249483684428,
      "total_evaluated": 3124,
      "confusion_matrix": {
        "true_positives": 1810,
        "true_negatives": 92,
        "false_positives": 1075,
        "false_negatives": 147
      },
      "perplexities": [
        9.8046875,
        10.0234375,
        9.015625,
        10.921875,
        9.3203125,
        8.7578125,
        9.34375,
        9.4140625,
        10.3984375,
        10.6484375,
        10.3984375,
        9.7109375,
        10.9453125,
        10.1953125,
        8.7421875,
        8.453125,
        9.640625,
        11.9453125,
        12.15625,
        9.546875,
        8.2109375,
        9.2890625,
        9.015625,
        7.8515625,
        12.28125,
        8.40625,
        9.125,
        10.75,
        9.9453125,
        11.15625,
        10.0390625,
        9.46875,
        8.5703125,
        9.375,
        10.15625,
        8.7578125,
        9.5625,
        11.15625,
        9.3984375,
        8.46875,
        7.94140625,
        9.34375,
        11.625,
        7.23828125,
        9.34375,
        8.0859375,
        9.9453125,
        10.078125,
        9.8046875,
        8.9453125,
        8.9140625,
        9.0546875,
        8.5546875,
        10.2578125,
        8.7734375,
        9.7890625,
        11.0703125,
        10.796875,
        10.296875,
        9.3046875,
        9.359375,
        8.7421875,
        8.984375,
        11.203125,
        11.9453125,
        8.7734375,
        8.7578125,
        8.46875,
        10.5859375,
        8.3203125,
        10.2421875,
        10.6875,
        10.7265625,
        10.359375,
        9.578125,
        11.1171875,
        9.359375,
        9.921875,
        10.296875,
        10.1953125,
        8.84375,
        9.546875,
        8.390625,
        9.734375,
        9.4140625,
        8.3203125,
        11.5546875,
        13.3515625,
        10.2421875,
        10.21875,
        10.2578125,
        9.4140625,
        10.5234375,
        8.671875,
        8.7890625,
        10.0390625,
        8.84375,
        8.2578125,
        11.5546875,
        10.359375,
        7.59375,
        8.984375,
        10.0234375,
        10.9609375,
        8.5859375,
        10.4375,
        9.2109375,
        9.359375,
        9.8671875,
        9.5078125,
        7.0703125,
        9.6171875,
        8.46875,
        8.1953125,
        10.6015625,
        9.828125,
        10.15625,
        10.6484375,
        9.65625,
        9.015625,
        8.1328125,
        8.625,
        10.546875,
        8.5390625,
        8.65625,
        8.6875,
        9.546875,
        9.6953125,
        11.3359375,
        11.96875,
        10.6875,
        9.0546875,
        9.8828125,
        9.0,
        10.0234375,
        9.2109375,
        8.9296875,
        9.8046875,
        9.84375,
        7.625,
        11.203125,
        10.0625,
        11.03125,
        8.9140625,
        10.625,
        9.265625,
        9.3203125,
        10.1796875,
        8.84375,
        11.5078125,
        11.09375,
        10.1953125,
        9.9609375,
        10.921875,
        11.3359375,
        7.7578125,
        10.6875,
        8.0234375,
        8.421875,
        10.5234375,
        9.734375,
        8.484375,
        8.2265625,
        9.484375,
        11.9453125,
        9.4296875,
        12.546875,
        10.140625,
        9.6015625,
        10.5,
        10.3828125,
        8.6875,
        9.015625,
        10.8359375,
        11.203125,
        10.2421875,
        8.2421875,
        10.3984375,
        10.5,
        9.2109375,
        12.0859375,
        11.5078125,
        8.3046875,
        8.7734375,
        10.1171875,
        11.0078125,
        10.5234375,
        8.5859375,
        10.3984375,
        9.0703125,
        9.984375,
        8.828125,
        10.6484375,
        8.2421875,
        8.5703125,
        7.65234375,
        9.3984375,
        7.578125,
        9.6171875,
        10.984375,
        9.1953125,
        11.03125,
        8.7890625,
        8.84375,
        9.4140625
      ],
      "mean_perplexity": 9.702000762195121
    },
    "invalid_examples": [
      {
        "question": "Passage: Barq's -- Barq's /\u02c8b\u0251\u02d0rks/ is an American soft drink. Its brand of root beer is notable for having caffeine. Barq's, created by Edward Barq and bottled since the turn of the 20th century, is owned by the Barq family but bottled by the Coca-Cola Company. It was known as Barq's Famous Olde Tyme Root Beer until 2012.\nQuestion: is barq's root beer a pepsi product\nAnswer:",
        "response": " Bar Bar Bar Bar Bar Bar Bar Bar"
      },
      {
        "question": "Passage: Denatured alcohol -- Denatured alcohol is used as a solvent and as fuel for alcohol burners and camping stoves. Because of the diversity of industrial uses for denatured alcohol, hundreds of additives and denaturing methods have been used. The main additive has traditionally been 10% methanol, giving rise to the term ``methylated spirits''. Other typical additives include isopropyl alcohol, acetone, methyl ethyl ketone, methyl isobutyl ketone, and denatonium.\nQuestion: is denatured alcohol and acetone the same thing\nAnswer:",
        "response": " Den Den Den D D D D D"
      },
      {
        "question": "Passage: Ivory Coast -- Ivory Coast, also known as C\u00f4te d'Ivoire and officially as the Republic of C\u00f4te d'Ivoire, is a sovereign state located in West Africa. Ivory Coast's political capital is Yamoussoukro, and its economic capital and largest city is the port city of Abidjan. Its bordering countries are Guinea and Liberia in the west, Burkina Faso and Mali in the north, and Ghana in the east. The Gulf of Guinea (Atlantic Ocean) is located south of Ivory Coast.\nQuestion: is ivory coast and cote d ivoire the same\nAnswer:",
        "response": " Ivory Ivory I I I I I I"
      },
      {
        "question": "Passage: Boo (dog) -- In April 2012, Boo was the subject of a death hoax after #RIPBOO appeared on Facebook. Tweets followed as Gizmodo writer Sam Biddle tweeted that Boo had died. It was later confirmed by the Chronicle Book staff that Boo was alive and well.\nQuestion: did boo the world's cutest dog die\nAnswer:",
        "response": " Boo Boo Boo Boo Boo Boo Boo Boo"
      },
      {
        "question": "Passage: Maple syrup -- Maple syrup is a syrup usually made from the xylem sap of sugar maple, red maple, or black maple trees, although it can also be made from other maple species. In cold climates, these trees store starch in their trunks and roots before winter; the starch is then converted to sugar that rises in the sap in late winter and early spring. Maple trees are tapped by drilling holes into their trunks and collecting the exuded sap, which is processed by heating to evaporate much of the water, leaving the concentrated syrup.\nQuestion: does maple syrup come straight from the tree\nAnswer:",