{
  "metadata": {
    "timestamp": "20241212_232053",
    "model_name": "Qwen/Qwen2.5-7B",
    "num_pruned_layers": 10,
    "has_adapter": true,
    "task": "boolq"
  },
  "metrics": {
    "response_quality": {
      "total_responses": 3270,
      "valid_responses": 3164,
      "invalid_responses": 106,
      "invalid_percentage": 3.241590214067278
    },
    "metrics": {
      "accuracy": 0.6033501896333755,
      "evaluate_accuracy": {
        "accuracy": 0.5837920489296636
      },
      "precision": 0.62058526740666,
      "recall": 0.9355983772819473,
      "f1": 0.7462082912032356,
      "total_evaluated": 3164,
      "confusion_matrix": {
        "true_positives": 1845,
        "true_negatives": 64,
        "false_positives": 1128,
        "false_negatives": 127
      },
      "perplexities": [
        14.1875,
        14.15625,
        13.1484375,
        15.734375,
        13.171875,
        12.546875,
        13.09375,
        13.5078125,
        14.328125,
        15.4921875,
        14.8671875,
        13.8828125,
        15.703125,
        14.640625,
        12.84375,
        12.71875,
        13.59375,
        16.71875,
        16.453125,
        14.078125,
        13.046875,
        13.328125,
        12.765625,
        11.578125,
        17.078125,
        11.9453125,
        13.6171875,
        14.8359375,
        14.2734375,
        15.765625,
        14.8671875,
        12.96875,
        12.71875,
        13.828125,
        14.8984375,
        12.8203125,
        14.296875,
        16.421875,
        13.4296875,
        12.2578125,
        11.265625,
        13.3515625,
        17.046875,
        10.6875,
        13.5625,
        11.8515625,
        14.328125,
        14.640625,
        13.9140625,
        12.84375,
        13.1484375,
        13.3515625,
        12.9140625,
        14.1875,
        13.09375,
        14.4375,
        15.671875,
        15.578125,
        13.8828125,
        13.3046875,
        13.59375,
        12.46875,
        13.3046875,
        16.328125,
        17.109375,
        12.890625,
        12.765625,
        12.96875,
        15.25,
        12.2265625,
        14.7265625,
        15.28125,
        15.4609375,
        14.46875,
        13.7265625,
        15.859375,
        13.8828125,
        13.5078125,
        14.4140625,
        15.0703125,
        12.7421875,
        13.828125,
        12.0625,
        14.2734375,
        13.3046875,
        12.3046875,
        16.328125,
        19.46875,
        15.1328125,
        14.984375,
        15.34375,
        13.5078125,
        15.015625,
        13.5390625,
        12.96875,
        14.15625,
        12.0859375,
        12.1796875,
        16.546875,
        15.1640625,
        10.984375,
        13.4609375,
        13.9921875,
        15.21875,
        12.6171875,
        14.3515625,
        13.4609375,
        14.1328125,
        14.21875,
        13.6171875,
        10.296875,
        13.6953125,
        12.6640625,
        11.4921875,
        15.578125,
        16.234375,
        15.1875,
        15.1875,
        13.828125,
        13.328125,
        11.8515625,
        12.6171875,
        15.015625,
        12.6171875,
        12.6953125,
        12.46875,
        14.3828125,
        13.5390625,
        16.265625,
        17.046875,
        15.015625,
        13.3515625,
        14.640625,
        12.9921875,
        14.8671875,
        13.25,
        12.9921875,
        13.671875,
        13.78125,
        11.375,
        15.796875,
        14.5234375,
        15.4609375,
        12.328125,
        14.953125,
        13.671875,
        13.6953125,
        14.6953125,
        12.84375,
        16.421875,
        16.078125,
        14.8984375,
        14.609375,
        15.5546875,
        16.296875,
        11.71875,
        14.9296875,
        11.875,
        12.5703125,
        15.1328125,
        14.2421875,
        12.0859375,
        11.4453125,
        13.9921875,
        17.140625,
        13.78125,
        17.453125,
        14.78125,
        13.671875,
        14.46875,
        14.2734375,
        12.6953125,
        12.84375,
        15.1640625,
        15.890625,
        14.7265625,
        11.8515625,
        14.8125,
        15.3671875,
        13.09375,
        16.75,
        16.546875,
        11.8515625,
        12.28125,
        15.4296875,
        15.671875,
        14.8359375,
        12.84375,
        14.4375,
        12.8671875,
        14.609375,
        12.96875,
        15.828125,
        12.421875,
        12.15625,
        11.3125,
        14.21875,
        10.421875,
        13.9140625,
        15.25,
        12.890625,
        15.4609375,
        12.9453125,
        12.59375,
        14.2421875
      ],
      "mean_perplexity": 13.997484756097561
    },
    "invalid_examples": [
      {
        "question": "Passage: Barq's -- Barq's /\u02c8b\u0251\u02d0rks/ is an American soft drink. Its brand of root beer is notable for having caffeine. Barq's, created by Edward Barq and bottled since the turn of the 20th century, is owned by the Barq family but bottled by the Coca-Cola Company. It was known as Barq's Famous Olde Tyme Root Beer until 2012.\nQuestion: is barq's root beer a pepsi product\nAnswer:",
        "response": " Bar Bar Bar Bar Bar Bar Bar Bar"
      },
      {
        "question": "Passage: Bloodline (TV series) -- Bloodline was announced in October 2014 as part of a partnership between Netflix and Sony Pictures Television, representing Netflix's first major deal with a major film studio for a television series. The series was created and executive produced by Todd A. Kessler, Glenn Kessler, and Daniel Zelman, who previously created the FX series Damages. According to its official synopsis released by Netflix, Bloodline ``centers on a close-knit family of four adult siblings whose secrets and scars are revealed when their black sheep brother returns home.''\nQuestion: is the show bloodline based on a true story\nAnswer:",
        "response": " Blood Blood Blood Blood Blood Blood Blood Blood"
      },
      {
        "question": "Passage: Indiana Jones and the Temple of Doom -- Indiana Jones and the Temple of Doom is a 1984 American action-adventure film directed by Steven Spielberg. It is the second installment in the Indiana Jones franchise and a prequel to the 1981 film Raiders of the Lost Ark, featuring Harrison Ford reprising his role as the title character. After arriving in North India, Indiana Jones is asked by desperate villagers to find a mystical stone and rescue their children from a Thuggee cult practicing child slavery, black magic and ritual human sacrifice in honor of the goddess Kali.\nQuestion: is indiana jones temple of doom a prequel\nAnswer:",
        "response": " Indiana Indiana Indiana I I I I I"
      },
      {
        "question": "Passage: Shaquem Griffin -- Shaquem Alphonso Griffin /\u0283\u0259\u02c8ki\u02d0m/ (born July 20, 1995) is an American football linebacker for the Seattle Seahawks of the National Football League (NFL). He is the twin brother of Seahawks cornerback Shaquill Griffin, and both brothers played college football for the University of Central Florida Knights. As an amputee with one hand, Shaquem Griffin received extensive media coverage as a prospective 2018 NFL Draft pick. He was selected as a fifth round pick (141st overall) by the Seahawks on April 28, 2018, reuniting him with Shaquill.\nQuestion: is there a player in the nfl missing a hand\nAnswer:",