{
  "metadata": {
    "timestamp": "20241212_232406",
    "model_name": "Qwen/Qwen2.5-7B",
    "num_pruned_layers": 14,
    "has_adapter": false,
    "task": "boolq"
  },
  "metrics": {
    "response_quality": {
      "total_responses": 3270,
      "valid_responses": 2465,
      "invalid_responses": 805,
      "invalid_percentage": 24.617737003058103
    },
    "metrics": {
      "accuracy": 0.6129817444219067,
      "evaluate_accuracy": {
        "accuracy": 0.4620795107033639
      },
      "precision": 0.6203319502074689,
      "recall": 0.9745762711864406,
      "f1": 0.7581135902636916,
      "total_evaluated": 2465,
      "confusion_matrix": {
        "true_positives": 1495,
        "true_negatives": 16,
        "false_positives": 915,
        "false_negatives": 39
      },
      "perplexities": [
        122.0625,
        120.1875,
        114.6875,
        123.5,
        121.125,
        108.5625,
        125.0,
        118.3125,
        125.9375,
        142.125,
        142.125,
        109.4375,
        124.0,
        126.9375,
        118.8125,
        115.125,
        124.0,
        146.625,
        134.625,
        135.625,
        113.8125,
        126.4375,
        111.1875,
        136.75,
        140.0,
        105.625,
        123.0625,
        138.375,
        119.75,
        142.125,
        132.0,
        106.875,
        125.0,
        132.0,
        137.75,
        109.0,
        127.4375,
        131.5,
        140.5,
        120.1875,
        111.5625,
        118.3125,
        141.125,
        110.3125,
        126.4375,
        115.125,
        126.4375,
        137.75,
        109.875,
        120.1875,
        112.4375,
        130.5,
        115.125,
        109.4375,
        118.3125,
        131.5,
        129.5,
        147.875,
        123.0625,
        118.3125,
        136.75,
        115.125,
        123.0625,
        140.5,
        141.625,
        130.5,
        119.75,
        130.0,
        136.25,
        118.8125,
        132.5,
        146.625,
        141.125,
        119.75,
        147.875,
        133.0,
        127.9375,
        123.0625,
        136.25,
        139.375,
        124.0,
        131.5,
        119.25,
        132.0,
        110.3125,
        106.875,
        137.75,
        156.75,
        141.125,
        138.375,
        133.0,
        121.625,
        134.625,
        137.25,
        109.4375,
        123.5,
        104.4375,
        109.0,
        139.375,
        140.5,
        104.4375,
        151.875,
        116.5,
        132.0,
        117.875,
        116.0625,
        127.4375,
        130.5,
        131.5,
        122.0625,
        103.1875,
        119.75,
        107.75,
        106.5,
        136.25,
        151.875,
        117.875,
        126.9375,
        121.125,
        127.9375,
        114.6875,
        116.9375,
        132.0,
        117.875,
        118.3125,
        109.875,
        125.4375,
        119.25,
        149.625,
        138.375,
        130.0,
        113.8125,
        143.875,
        125.4375,
        142.75,
        129.5,
        117.875,
        120.1875,
        115.5625,
        114.6875,
        122.0625,
        132.5,
        127.4375,
        108.5625,
        137.75,
        124.0,
        124.5,
        133.5,
        132.5,
        147.875,
        132.0,
        141.625,
        116.9375,
        134.625,
        146.625,
        110.3125,
        120.1875,
        101.625,
        132.0,
        117.375,
        143.25,
        97.6875,
        108.5625,
        131.5,
        153.125,
        134.625,
        156.125,
        120.6875,
        142.125,
        117.375,
        112.0,
        110.3125,
        106.875,
        126.9375,
        140.0,
        121.625,
        134.125,
        131.5,
        135.125,
        112.0,
        140.0,
        158.0,
        116.5,
        125.9375,
        146.125,
        132.5,
        118.8125,
        112.0,
        123.5,
        136.25,
        133.0,
        118.8125,
        131.0,
        125.4375,
        109.875,
        112.0,
        127.4375,
        94.0,
        137.75,
        147.875,
        112.0,
        133.5,
        113.375,
        113.8125,
        127.4375
      ],
      "mean_perplexity": 126.11676829268292
    },
    "invalid_examples": [
      {
        "question": "Passage: Parity (mathematics) -- In mathematics, parity is the property of an integer's inclusion in one of two categories: even or odd. An integer is even if it is evenly divisible by two and odd if it is not even. For example, 6 is even because there is no remainder when dividing it by 2. By contrast, 3, 5, 7, 21 leave a remainder of 1 when divided by 2. Examples of even numbers include \u22124, 0, 82 and 178. In particular, zero is an even number. Some examples of odd numbers are \u22125, 3, 29, and 73.\nQuestion: can an odd number be divided by an even number\nAnswer:",
        "response": " you you you you you you you you"
      },
      {
        "question": "Passage: American entry into Canada by land -- Persons driving into Canada must have their vehicle's registration document and proof of insurance.\nQuestion: can u drive in canada with us license\nAnswer:",
        "response": " you you you"
      },
      {
        "question": "Passage: Shower gel -- Shower gels for men may contain the ingredient menthol, which gives a cooling and stimulating sensation on the skin, and some men's shower gels are also designed specifically for use on hair and body. Shower gels contain milder surfactant bases than shampoos, and some also contain gentle conditioning agents in the formula. This means that shower gels can also double as an effective and perfectly acceptable substitute to shampoo, even if they are not labelled as a hair and body wash. Washing hair with shower gel should give approximately the same result as using a moisturising shampoo.\nQuestion: is it bad to wash your hair with shower gel\nAnswer:",
        "response": " Shower Shower Show Show show show show show"
      },
      {
        "question": "Passage: Fantastic Beasts and Where to Find Them (film) -- Fantastic Beasts and Where to Find Them is a 2016 fantasy film directed by David Yates. A joint British and American production, it is a spin-off and prequel to the Harry Potter film series, and it was produced and written by J.K. Rowling in her screenwriting debut, and inspired by her 2001 book of the same name. The film stars Eddie Redmayne as Newt Scamander, with Katherine Waterston, Dan Fogler, Alison Sudol, Ezra Miller, Samantha Morton, Jon Voight, Carmen Ejogo, Ron Perlman, Colin Farrell and Johnny Depp in supporting roles. It is the first installment in the Fantastic Beasts film series, and ninth overall in the Wizarding World franchise, that began with the Harry Potter films.\nQuestion: is fantastic beasts and where to find them a prequel\nAnswer:",
        "response": " a a a a a a a a"
      },
      {
        "question": "Passage: The Strangers (2008 film) -- The Strangers is a 2008 American slasher film written and directed by Bryan Bertino. Kristen (Liv Tyler) and James (Scott Speedman) are expecting a relaxing weekend at a family vacation home, but their stay turns out to be anything but peaceful as three masked torturers leave Kristen and James struggling for survival. Writer-director Bertino was inspired by real-life events: the Manson family Tate murders, a multiple homicide; the Keddie Cabin Murders, that occurred in California in 1981; and a series of break-ins that occurred in his own neighborhood as a child. Made on a budget of $9 million, the film was shot on location in rural South Carolina in the fall of 2006.\nQuestion: was the movie strangers based on a true story\nAnswer:",