{
  "metadata": {
    "timestamp": "20241212_230708",
    "model_name": "Qwen/Qwen2.5-7B",
    "num_pruned_layers": 4,
    "has_adapter": false,
    "task": "boolq"
  },
  "metrics": {
    "response_quality": {
      "total_responses": 3270,
      "valid_responses": 3270,
      "invalid_responses": 0,
      "invalid_percentage": 0.0
    },
    "metrics": {
      "accuracy": 0.6262996941896024,
      "evaluate_accuracy": {
        "accuracy": 0.6262996941896024
      },
      "precision": 0.6249614791987673,
      "recall": 0.9975405804230202,
      "f1": 0.7684729064039408,
      "total_evaluated": 3270,
      "confusion_matrix": {
        "true_positives": 2028,
        "true_negatives": 20,
        "false_positives": 1217,
        "false_negatives": 5
      },
      "perplexities": [
        9.25,
        9.34375,
        8.34375,
        10.3203125,
        8.703125,
        7.91015625,
        9.0,
        8.5859375,
        9.671875,
        10.0625,
        9.90625,
        8.96875,
        10.21875,
        9.671875,
        8.1796875,
        7.94140625,
        8.9140625,
        11.03125,
        11.15625,
        8.9453125,
        7.63671875,
        8.3203125,
        8.40625,
        7.23046875,
        11.421875,
        7.7890625,
        8.375,
        10.359375,
        9.234375,
        10.296875,
        9.34375,
        8.5703125,
        7.89453125,
        8.5703125,
        9.4296875,
        8.1640625,
        9.0859375,
        10.5625,
        8.5234375,
        8.0703125,
        7.41796875,
        8.6875,
        10.7265625,
        6.6171875,
        8.46875,
        7.25390625,
        9.1953125,
        9.4296875,
        9.265625,
        8.2734375,
        8.1953125,
        8.2890625,
        7.8515625,
        9.734375,
        8.0546875,
        9.0859375,
        10.3984375,
        9.84375,
        9.75,
        8.640625,
        8.9296875,
        8.4375,
        8.359375,
        10.28125,
        11.265625,
        8.1328125,
        7.92578125,
        7.8203125,
        9.8671875,
        7.4921875,
        9.6171875,
        9.921875,
        10.0,
        9.5234375,
        8.8125,
        10.0390625,
        8.5234375,
        9.34375,
        9.7890625,
        9.578125,
        8.1171875,
        9.25,
        7.625,
        9.2109375,
        8.6875,
        7.68359375,
        10.625,
        12.59375,
        9.640625,
        9.671875,
        9.5234375,
        8.703125,
        9.8828125,
        7.8203125,
        7.94140625,
        9.2109375,
        8.421875,
        7.390625,
        10.6875,
        9.6171875,
        6.8671875,
        8.2265625,
        9.1796875,
        10.5234375,
        8.0703125,
        9.828125,
        8.421875,
        8.8984375,
        9.3984375,
        9.0,
        6.59765625,
        8.9453125,
        7.8359375,
        7.7421875,
        9.984375,
        8.9296875,
        9.375,
        10.0,
        8.84375,
        8.359375,
        7.4453125,
        8.0234375,
        9.90625,
        7.8828125,
        8.1484375,
        8.1171875,
        9.015625,
        9.2109375,
        10.546875,
        11.1796875,
        10.15625,
        8.453125,
        9.3046875,
        8.453125,
        9.2890625,
        8.65625,
        7.95703125,
        9.375,
        9.1796875,
        6.953125,
        10.5,
        9.5625,
        10.2421875,
        8.3046875,
        9.7890625,
        8.7578125,
        8.375,
        9.6171875,
        8.2109375,
        10.6484375,
        10.484375,
        9.671875,
        9.0703125,
        10.078125,
        10.6484375,
        6.94921875,
        10.0,
        7.4765625,
        7.8046875,
        9.7890625,
        9.0390625,
        7.92578125,
        7.53515625,
        9.0390625,
        11.15625,
        8.6875,
        11.8046875,
        9.1953125,
        9.25,
        9.6953125,
        9.65625,
        8.0546875,
        8.3046875,
        10.078125,
        10.1015625,
        9.125,
        7.8828125,
        9.828125,
        9.46875,
        8.6015625,
        11.375,
        10.6875,
        7.625,
        8.0546875,
        9.6953125,
        10.1953125,
        9.671875,
        7.8203125,
        9.7734375,
        8.2109375,
        9.234375,
        8.0546875,
        9.7109375,
        7.4765625,
        7.8203125,
        7.0078125,
        8.5859375,
        7.2265625,
        8.828125,
        10.2421875,
        8.703125,
        10.421875,
        8.1953125,
        8.3046875,
        8.5390625
      ],
      "mean_perplexity": 9.018083079268292
    },
    "invalid_examples": []
  }
}