{
  "metadata": {
    "timestamp": "20241212_233211",
    "model_name": "Qwen/Qwen2.5-7B",
    "num_pruned_layers": 16,
    "has_adapter": true,
    "task": "boolq"
  },
  "metrics": {
    "response_quality": {
      "total_responses": 3270,
      "valid_responses": 2657,
      "invalid_responses": 613,
      "invalid_percentage": 18.74617737003058
    },
    "metrics": {
      "accuracy": 0.6127211140383891,
      "evaluate_accuracy": {
        "accuracy": 0.4978593272171254
      },
      "precision": 0.6204492641363284,
      "recall": 0.970321017565112,
      "f1": 0.7569099929128278,
      "total_evaluated": 2657,
      "confusion_matrix": {
        "true_positives": 1602,
        "true_negatives": 26,
        "false_positives": 980,
        "false_negatives": 49
      },
      "perplexities": [
        24.1875,
        23.484375,
        22.0625,
        26.140625,
        22.71875,
        20.359375,
        22.578125,
        23.03125,
        24.046875,
        28.0,
        25.484375,
        23.484375,
        26.34375,
        25.640625,
        22.625,
        22.796875,
        23.25,
        27.1875,
        27.40625,
        25.484375,
        24.234375,
        22.671875,
        21.890625,
        20.921875,
        27.609375,
        19.015625,
        25.0,
        24.1875,
        24.046875,
        27.78125,
        25.84375,
        21.34375,
        22.578125,
        24.515625,
        26.140625,
        22.359375,
        24.046875,
        28.71875,
        23.625,
        21.296875,
        19.890625,
        22.578125,
        28.9375,
        19.96875,
        24.046875,
        21.5,
        24.234375,
        24.75,
        23.859375,
        21.546875,
        23.34375,
        24.515625,
        22.1875,
        23.34375,
        24.703125,
        26.25,
        25.734375,
        28.484375,
        23.03125,
        23.625,
        25.140625,
        21.96875,
        22.234375,
        29.0,
        29.515625,
        23.390625,
        23.15625,
        23.25,
        25.796875,
        21.125,
        26.765625,
        27.71875,
        26.921875,
        22.53125,
        24.703125,
        27.71875,
        23.484375,
        22.796875,
        24.703125,
        26.40625,
        22.359375,
        24.5625,
        21.046875,
        24.84375,
        23.4375,
        21.34375,
        26.765625,
        32.59375,
        26.765625,
        25.84375,
        25.484375,
        23.953125,
        25.6875,
        26.40625,
        23.390625,
        23.53125,
        19.78125,
        21.171875,
        28.890625,
        26.5625,
        19.171875,
        25.59375,
        23.90625,
        26.5625,
        21.84375,
        24.046875,
        23.34375,
        25.1875,
        24.953125,
        22.9375,
        18.359375,
        23.53125,
        22.140625,
        19.84375,
        27.453125,
        32.09375,
        26.296875,
        25.234375,
        24.703125,
        24.515625,
        20.890625,
        23.03125,
        26.09375,
        23.203125,
        22.53125,
        21.9375,
        26.34375,
        23.03125,
        27.78125,
        28.65625,
        26.40625,
        22.3125,
        26.609375,
        23.25,
        25.484375,
        24.28125,
        21.765625,
        22.984375,
        23.625,
        21.71875,
        25.890625,
        24.28125,
        26.40625,
        21.046875,
        26.34375,
        25.59375,
        22.578125,
        26.921875,
        22.84375,
        28.609375,
        26.65625,
        26.453125,
        24.84375,
        26.40625,
        28.484375,
        21.84375,
        24.234375,
        20.359375,
        23.15625,
        25.84375,
        25.046875,
        20.515625,
        20.28125,
        25.484375,
        30.09375,
        24.65625,
        31.53125,
        25.734375,
        22.9375,
        24.0,
        23.625,
        21.890625,
        22.3125,
        24.140625,
        26.8125,
        25.546875,
        22.28125,
        25.09375,
        26.25,
        20.328125,
        28.609375,
        28.609375,
        20.71875,
        21.59375,
        28.109375,
        26.34375,
        26.609375,
        21.46875,
        24.28125,
        23.34375,
        25.296875,
        23.203125,
        27.078125,
        21.640625,
        21.015625,
        19.890625,
        25.296875,
        16.296875,
        24.75,
        26.296875,
        22.140625,
        27.609375,
        22.234375,
        20.25,
        24.421875
      ],
      "mean_perplexity": 24.300228658536586
    },
    "invalid_examples": [
      {
        "question": "Passage: Barq's -- Barq's /\u02c8b\u0251\u02d0rks/ is an American soft drink. Its brand of root beer is notable for having caffeine. Barq's, created by Edward Barq and bottled since the turn of the 20th century, is owned by the Barq family but bottled by the Coca-Cola Company. It was known as Barq's Famous Olde Tyme Root Beer until 2012.\nQuestion: is barq's root beer a pepsi product\nAnswer:",
        "response": " Bar Bar Bar Bar B B B BBB"
      },
      {
        "question": "Passage: Bloodline (TV series) -- Bloodline was announced in October 2014 as part of a partnership between Netflix and Sony Pictures Television, representing Netflix's first major deal with a major film studio for a television series. The series was created and executive produced by Todd A. Kessler, Glenn Kessler, and Daniel Zelman, who previously created the FX series Damages. According to its official synopsis released by Netflix, Bloodline ``centers on a close-knit family of four adult siblings whose secrets and scars are revealed when their black sheep brother returns home.''\nQuestion: is the show bloodline based on a true story\nAnswer:",
        "response": " Blood B B B B BBB BBB BBB"
      },
      {
        "question": "Passage: Magnesium citrate -- Magnesium citrate is a magnesium preparation in salt form with citric acid in a 1:1 ratio (1 magnesium atom per citrate molecule). The name ``magnesium citrate'' is ambiguous and sometimes may refer to other salts such as trimagnesium citrate which has a magnesium:citrate ratio of 3:2.\nQuestion: does magnesium citrate have citric acid in it\nAnswer:",
        "response": " Magn Mag B B B BBB BBB BBB"
      },
      {
        "question": "Passage: Alcohol laws of Wisconsin -- The drinking age in Wisconsin is 21. Those under the legal drinking age may be served, possess, or consume alcohol if they are with a parent, legal guardian, or spouse who is of legal drinking age. Those age 18-20 may also be served, possess or consumer alcohol if they are with a parent, legal guardian, or spouse who is of legal drinking age. Those age 18 to 20 may also possess (but not consume) alcohol as part of their employment.\nQuestion: can you drink alcohol with your parents in wisconsin\nAnswer:",
        "response": " Alcohol alcohol alcohol alcohol alcohol alcohol alcohol alcohol"
      },
      {
        "question": "Passage: Benson & Hedges -- Benson & Hedges is a British brand of cigarettes owned by either Philip Morris International, British American Tobacco, or Japan Tobacco, depending on the region. In the UK, they are registered in Old Bond Street in London, and are manufactured in Lisnafillan, Ballymena, Northern Ireland.\nQuestion: do they still make benson & hedges cigarettes\nAnswer:",