{
  "metadata": {
    "timestamp": "20241212_231256",
    "model_name": "Qwen/Qwen2.5-7B",
    "num_pruned_layers": 7,
    "has_adapter": true,
    "task": "boolq"
  },
  "metrics": {
    "response_quality": {
      "total_responses": 3270,
      "valid_responses": 3019,
      "invalid_responses": 251,
      "invalid_percentage": 7.675840978593272
    },
    "metrics": {
      "accuracy": 0.6207353428287512,
      "evaluate_accuracy": {
        "accuracy": 0.5730886850152905
      },
      "precision": 0.6248322147651006,
      "recall": 0.9857067231339333,
      "f1": 0.7648387759293489,
      "total_evaluated": 3019,
      "confusion_matrix": {
        "true_positives": 1862,
        "true_negatives": 12,
        "false_positives": 1118,
        "false_negatives": 27
      },
      "perplexities": [
        10.359375,
        10.5859375,
        9.5078125,
        11.4921875,
        10.078125,
        9.375,
        9.84375,
        10.078125,
        11.0078125,
        11.3515625,
        11.15625,
        10.3203125,
        11.6484375,
        10.859375,
        9.2890625,
        8.96875,
        10.15625,
        12.46875,
        12.765625,
        10.0390625,
        8.703125,
        9.9453125,
        9.546875,
        8.40625,
        13.046875,
        8.859375,
        9.6953125,
        11.3359375,
        10.4609375,
        11.921875,
        10.625,
        9.9609375,
        9.2109375,
        9.90625,
        10.9609375,
        9.34375,
        10.2421875,
        11.9453125,
        9.984375,
        9.0859375,
        8.421875,
        9.8671875,
        12.5703125,
        7.59375,
        9.9609375,
        8.640625,
        10.5625,
        10.875,
        10.546875,
        9.546875,
        9.4140625,
        9.453125,
        9.15625,
        10.75,
        9.3046875,
        10.5,
        11.671875,
        11.4921875,
        10.859375,
        9.7890625,
        9.90625,
        9.25,
        9.7734375,
        11.921875,
        12.6640625,
        9.375,
        9.25,
        9.015625,
        11.265625,
        8.703125,
        10.8359375,
        11.3125,
        11.421875,
        10.921875,
        10.1171875,
        11.8515625,
        9.8671875,
        10.4375,
        10.796875,
        10.8359375,
        9.2890625,
        10.0,
        8.9453125,
        10.4375,
        10.078125,
        8.8984375,
        11.9921875,
        14.1875,
        10.8984375,
        10.7109375,
        10.8984375,
        9.984375,
        11.2265625,
        9.4296875,
        9.375,
        10.8359375,
        9.2109375,
        8.703125,
        12.2265625,
        10.984375,
        8.0390625,
        9.453125,
        10.6875,
        11.4921875,
        9.109375,
        10.859375,
        9.7890625,
        9.921875,
        10.4375,
        10.078125,
        7.4609375,
        10.140625,
        8.984375,
        8.640625,
        11.375,
        10.5,
        10.9453125,
        11.2421875,
        10.28125,
        9.65625,
        8.5859375,
        8.9296875,
        11.0703125,
        9.125,
        9.0859375,
        9.234375,
        10.28125,
        10.296875,
        12.0859375,
        12.640625,
        11.375,
        9.7109375,
        10.3203125,
        9.5234375,
        10.7109375,
        9.75,
        9.453125,
        10.21875,
        10.3828125,
        8.1015625,
        11.8515625,
        10.625,
        11.53125,
        9.375,
        11.3125,
        9.8828125,
        9.828125,
        10.8359375,
        9.3046875,
        12.1328125,
        12.0859375,
        10.7734375,
        10.6015625,
        11.6015625,
        11.921875,
        8.2890625,
        11.5078125,
        8.5859375,
        8.875,
        11.03125,
        10.296875,
        8.9296875,
        8.5859375,
        9.984375,
        12.71875,
        9.9609375,
        13.25,
        10.8125,
        10.2578125,
        10.8984375,
        11.0078125,
        9.0859375,
        9.484375,
        11.421875,
        11.828125,
        10.875,
        8.7890625,
        10.8359375,
        11.1328125,
        9.7890625,
        12.765625,
        12.0625,
        8.828125,
        9.3203125,
        10.8359375,
        11.671875,
        11.1796875,
        9.1796875,
        11.03125,
        9.5625,
        10.5859375,
        9.2109375,
        11.375,
        8.84375,
        9.0859375,
        8.1796875,
        10.0234375,
        8.0390625,
        10.2578125,
        11.5546875,
        9.578125,
        11.671875,
        9.3203125,
        9.46875,
        10.140625
      ],
      "mean_perplexity": 10.28780487804878
    },
    "invalid_examples": [
      {
        "question": "Passage: Barq's -- Barq's /\u02c8b\u0251\u02d0rks/ is an American soft drink. Its brand of root beer is notable for having caffeine. Barq's, created by Edward Barq and bottled since the turn of the 20th century, is owned by the Barq family but bottled by the Coca-Cola Company. It was known as Barq's Famous Olde Tyme Root Beer until 2012.\nQuestion: is barq's root beer a pepsi product\nAnswer:",
        "response": " Bar Bar Bar Bar Bar Bar Bar Bar"
      },
      {
        "question": "Passage: Shower gel -- Shower gels for men may contain the ingredient menthol, which gives a cooling and stimulating sensation on the skin, and some men's shower gels are also designed specifically for use on hair and body. Shower gels contain milder surfactant bases than shampoos, and some also contain gentle conditioning agents in the formula. This means that shower gels can also double as an effective and perfectly acceptable substitute to shampoo, even if they are not labelled as a hair and body wash. Washing hair with shower gel should give approximately the same result as using a moisturising shampoo.\nQuestion: is it bad to wash your hair with shower gel\nAnswer:",
        "response": " Shower Shower Shower!\n!\n!\n!\n!\n"
      },
      {
        "question": "Passage: Magnesium citrate -- Magnesium citrate is a magnesium preparation in salt form with citric acid in a 1:1 ratio (1 magnesium atom per citrate molecule). The name ``magnesium citrate'' is ambiguous and sometimes may refer to other salts such as trimagnesium citrate which has a magnesium:citrate ratio of 3:2.\nQuestion: does magnesium citrate have citric acid in it\nAnswer:",
        "response": " Magn Mag Mag Mag Mag Mag Mag Mag"
      },
      {
        "question": "Passage: Indiana Jones and the Temple of Doom -- Indiana Jones and the Temple of Doom is a 1984 American action-adventure film directed by Steven Spielberg. It is the second installment in the Indiana Jones franchise and a prequel to the 1981 film Raiders of the Lost Ark, featuring Harrison Ford reprising his role as the title character. After arriving in North India, Indiana Jones is asked by desperate villagers to find a mystical stone and rescue their children from a Thuggee cult practicing child slavery, black magic and ritual human sacrifice in honor of the goddess Kali.\nQuestion: is indiana jones temple of doom a prequel\nAnswer:",
        "response": " Indiana Indiana Indiana Indiana I I I I"
      },
      {
        "question": "Passage: Shaquem Griffin -- Shaquem Alphonso Griffin /\u0283\u0259\u02c8ki\u02d0m/ (born July 20, 1995) is an American football linebacker for the Seattle Seahawks of the National Football League (NFL). He is the twin brother of Seahawks cornerback Shaquill Griffin, and both brothers played college football for the University of Central Florida Knights. As an amputee with one hand, Shaquem Griffin received extensive media coverage as a prospective 2018 NFL Draft pick. He was selected as a fifth round pick (141st overall) by the Seahawks on April 28, 2018, reuniting him with Shaquill.\nQuestion: is there a player in the nfl missing a hand\nAnswer:",