{
  "metadata": {
    "timestamp": "20241212_231209",
    "model_name": "Qwen/Qwen2.5-7B",
    "num_pruned_layers": 4,
    "has_adapter": true,
    "task": "boolq"
  },
  "metrics": {
    "response_quality": {
      "total_responses": 3270,
      "valid_responses": 3264,
      "invalid_responses": 6,
      "invalid_percentage": 0.1834862385321101
    },
    "metrics": {
      "accuracy": 0.6461397058823529,
      "evaluate_accuracy": {
        "accuracy": 0.6449541284403669
      },
      "precision": 0.6541168191414497,
      "recall": 0.9153126538650911,
      "f1": 0.762979683972912,
      "total_evaluated": 3264,
      "confusion_matrix": {
        "true_positives": 1859,
        "true_negatives": 250,
        "false_positives": 983,
        "false_negatives": 172
      },
      "perplexities": [
        8.34375,
        8.875,
        7.92578125,
        9.453125,
        8.1796875,
        7.65234375,
        8.34375,
        8.2578125,
        9.125,
        9.453125,
        9.46875,
        8.5078125,
        9.546875,
        8.96875,
        7.71484375,
        7.3671875,
        8.453125,
        10.296875,
        10.546875,
        8.46875,
        7.05078125,
        7.7734375,
        7.89453125,
        6.62890625,
        10.6015625,
        7.4453125,
        7.8359375,
        9.8046875,
        8.5078125,
        9.6015625,
        8.8125,
        8.0390625,
        7.32421875,
        8.1015625,
        8.703125,
        7.7578125,
        8.46875,
        9.640625,
        7.97265625,
        7.375,
        7.03515625,
        8.1328125,
        10.140625,
        6.27734375,
        7.7890625,
        6.87890625,
        8.5703125,
        8.7265625,
        8.828125,
        7.7578125,
        7.578125,
        7.71484375,
        7.1953125,
        9.140625,
        7.50390625,
        8.7265625,
        9.828125,
        9.1953125,
        9.234375,
        8.1484375,
        8.2578125,
        7.8828125,
        7.7421875,
        9.578125,
        10.5859375,
        7.63671875,
        7.375,
        7.05078125,
        9.2109375,
        6.9609375,
        9.015625,
        9.1796875,
        9.4140625,
        9.0,
        8.2734375,
        9.6171875,
        7.92578125,
        8.859375,
        8.96875,
        8.96875,
        7.4921875,
        8.40625,
        7.1953125,
        8.5703125,
        8.0390625,
        7.15625,
        9.8671875,
        11.78125,
        8.828125,
        8.8125,
        8.84375,
        8.1328125,
        9.1796875,
        7.30859375,
        7.23828125,
        8.65625,
        7.8359375,
        7.00390625,
        10.1015625,
        8.8984375,
        6.5078125,
        7.7578125,
        8.7265625,
        9.7109375,
        7.578125,
        9.15625,
        7.7421875,
        8.2421875,
        8.625,
        8.375,
        6.08984375,
        8.5390625,
        7.16796875,
        7.3046875,
        9.0703125,
        8.2265625,
        8.828125,
        9.453125,
        8.2890625,
        7.69921875,
        6.88671875,
        7.5625,
        9.2890625,
        7.53515625,
        7.55078125,
        7.65234375,
        8.2890625,
        8.875,
        9.9453125,
        10.5625,
        9.3203125,
        7.7890625,
        8.640625,
        7.95703125,
        8.5703125,
        8.0390625,
        7.7421875,
        8.65625,
        8.703125,
        6.52734375,
        9.8046875,
        8.7734375,
        9.3203125,
        7.7578125,
        9.34375,
        8.1796875,
        8.0078125,
        8.9140625,
        7.73046875,
        10.140625,
        9.734375,
        8.9296875,
        8.453125,
        9.3203125,
        9.9609375,
        6.56640625,
        9.4140625,
        6.93359375,
        7.265625,
        9.1953125,
        8.5390625,
        7.4609375,
        7.12109375,
        8.375,
        10.3203125,
        8.1328125,
        11.0078125,
        8.5078125,
        8.5859375,
        9.2109375,
        9.15625,
        7.4453125,
        7.8828125,
        9.6015625,
        9.84375,
        8.859375,
        7.33984375,
        9.1796875,
        8.9453125,
        8.0859375,
        10.7265625,
        10.0390625,
        7.3046875,
        7.4765625,
        8.8984375,
        9.578125,
        9.140625,
        7.23046875,
        9.3046875,
        7.89453125,
        8.640625,
        7.4453125,
        9.0703125,
        7.0234375,
        7.43359375,
        6.59765625,
        8.0390625,
        6.8125,
        8.40625,
        9.546875,
        8.1640625,
        9.734375,
        7.59375,
        7.8515625,
        8.0390625
      ],
      "mean_perplexity": 8.439348323170732
    },
    "invalid_examples": [
      {
        "question": "Passage: Ari Gold (Entourage) -- In the penultimate episode of the series Ari continues to date Dana who hints that she is interested in starting a family. Ari confesses that he still loves his wife and the two agree to end their romance but maintain their professional relationship. Dana is visibly heartbroken, and this marks her final appearance on the series. Ari returns to his wife once more, and tries to convince her not to proceed with the divorce, revealing to the viewing audience for the first time that her first name is ``Melissa''. With renewed faith in him, Melissa agrees to be with Ari again.\nQuestion: does ari gold get back with his wife\nAnswer:",
        "response": " AriOCONSEUUn\u5168\u65b9\u4f4d\u80ce"
      },
      {
        "question": "Passage: Rachel Dawes -- After Batman and Gordon capture the Joker, Rachel and Dent are kidnapped by police officers on mob boss Sal Maroni's (Eric Roberts) payroll, who are working under the Joker's orders. Batman interrogates the Joker and learns that the lives of both Dent and Rachel are at stake. The Joker tells Batman that he must choose which one of them to save and gives him both locations. However, the Joker has switched the addresses, with the intention of orchestrating Dent's downfall. Batman speeds off, believing that he is traveling to Rachel's destination. Both Rachel and Dent are tied up in rooms surrounded with gasoline drums and remote-controlled explosives, with phones attached so they can talk to each other. Rachel tells Dent that she wants to marry him. Batman arrives at Dent's location in time to save him, but Gordon arrives at the other too late, and Rachel is killed in the explosion. The loss of Rachel, in addition to his own disfigurement, drives Dent insane and he becomes the murderous vigilante Two-Face, seeking revenge on those he holds responsible for Rachel's death.\nQuestion: does rachel dawes die in the dark knight\nAnswer:",