{
  "metadata": {
    "timestamp": "20241212_225723",
    "model_name": "Qwen/Qwen2.5-7B",
    "num_pruned_layers": 2,
    "has_adapter": false,
    "task": "boolq"
  },
  "metrics": {
    "response_quality": {
      "total_responses": 3270,
      "valid_responses": 3270,
      "invalid_responses": 0,
      "invalid_percentage": 0.0
    },
    "metrics": {
      "accuracy": 0.728440366972477,
      "evaluate_accuracy": {
        "accuracy": 0.728440366972477
      },
      "precision": 0.7159562429271973,
      "recall": 0.9335956714215445,
      "f1": 0.8104184457728437,
      "total_evaluated": 3270,
      "confusion_matrix": {
        "true_positives": 1898,
        "true_negatives": 484,
        "false_positives": 753,
        "false_negatives": 135
      },
      "perplexities": [
        7.4921875,
        8.34375,
        7.4765625,
        8.8984375,
        7.53515625,
        6.94921875,
        7.8203125,
        7.51953125,
        8.359375,
        8.984375,
        8.875,
        7.98828125,
        8.9453125,
        8.3203125,
        6.88671875,
        6.7890625,
        7.95703125,
        9.65625,
        9.9609375,
        7.73046875,
        6.375,
        7.1484375,
        7.43359375,
        6.11328125,
        9.9453125,
        6.94921875,
        6.9609375,
        9.3046875,
        7.95703125,
        8.875,
        8.0390625,
        7.40234375,
        6.63671875,
        7.578125,
        7.8515625,
        7.19140625,
        7.7890625,
        9.0,
        7.18359375,
        6.5703125,
        6.58984375,
        7.4921875,
        9.375,
        5.75,
        7.03125,
        6.3828125,
        7.8671875,
        8.1796875,
        8.3203125,
        7.3671875,
        6.98046875,
        7.28125,
        6.66796875,
        8.703125,
        6.9609375,
        8.0703125,
        9.25,
        8.421875,
        8.5234375,
        7.59375,
        7.63671875,
        7.43359375,
        6.8203125,
        8.859375,
        10.0,
        7.1328125,
        6.83984375,
        6.44921875,
        8.7890625,
        6.26953125,
        8.1796875,
        8.703125,
        8.7421875,
        8.1328125,
        7.68359375,
        8.7578125,
        7.33984375,
        8.5390625,
        8.5234375,
        8.5546875,
        6.64453125,
        7.98828125,
        6.16015625,
        7.59375,
        7.296875,
        6.48828125,
        9.2109375,
        10.875,
        8.2578125,
        7.8203125,
        7.98828125,
        7.55078125,
        8.5078125,
        6.6484375,
        6.3828125,
        7.97265625,
        7.30859375,
        6.3828125,
        9.5078125,
        8.2734375,
        5.875,
        7.16015625,
        8.1484375,
        9.375,
        7.17578125,
        8.5859375,
        7.11328125,
        7.625,
        8.0234375,
        7.8671875,
        5.62109375,
        7.8828125,
        6.46875,
        6.8671875,
        8.34375,
        7.4921875,
        8.1640625,
        8.828125,
        7.578125,
        6.90625,
        6.2421875,
        6.94921875,
        8.6875,
        7.00390625,
        6.859375,
        7.15625,
        7.5625,
        8.2265625,
        9.3203125,
        9.828125,
        8.875,
        7.16015625,
        7.91015625,
        7.43359375,
        7.98828125,
        7.4765625,
        6.99609375,
        8.2734375,
        7.95703125,
        6.03125,
        9.3046875,
        8.2109375,
        8.7890625,
        7.0859375,
        8.640625,
        7.59375,
        7.625,
        8.453125,
        7.28125,
        9.3984375,
        9.15625,
        8.421875,
        7.66796875,
        8.703125,
        9.2109375,
        6.01171875,
        8.828125,
        6.4765625,
        6.68359375,
        8.5390625,
        8.0703125,
        6.9140625,
        6.609375,
        8.0859375,
        9.75,
        7.53515625,
        10.0234375,
        7.65234375,
        8.2890625,
        8.5546875,
        8.5859375,
        6.828125,
        7.375,
        9.1953125,
        9.0546875,
        8.1328125,
        6.85546875,
        8.6875,
        8.390625,
        7.5625,
        10.1796875,
        9.234375,
        6.89453125,
        6.828125,
        8.40625,
        8.8984375,
        8.4375,
        6.35546875,
        8.6015625,
        7.1484375,
        7.8515625,
        6.8125,
        8.5078125,
        6.37109375,
        6.83203125,
        6.125,
        7.19140625,
        6.3515625,
        8.0546875,
        9.2109375,
        7.65234375,
        9.0859375,
        7.03125,
        7.53515625,
        6.98828125
      ],
      "mean_perplexity": 7.822961128048781
    },
    "invalid_examples": []
  }
}