{
  "metadata": {
    "timestamp": "20241212_232007",
    "model_name": "Qwen/Qwen2.5-7B",
    "num_pruned_layers": 9,
    "has_adapter": true,
    "task": "boolq"
  },
  "metrics": {
    "response_quality": {
      "total_responses": 3270,
      "valid_responses": 3058,
      "invalid_responses": 212,
      "invalid_percentage": 6.483180428134556
    },
    "metrics": {
      "accuracy": 0.6229561805101373,
      "evaluate_accuracy": {
        "accuracy": 0.5825688073394495
      },
      "precision": 0.6255361266908611,
      "recall": 0.9905956112852664,
      "f1": 0.7668351870576339,
      "total_evaluated": 3058,
      "confusion_matrix": {
        "true_positives": 1896,
        "true_negatives": 9,
        "false_positives": 1135,
        "false_negatives": 18
      },
      "perplexities": [
        12.328125,
        12.7421875,
        11.5546875,
        13.828125,
        12.015625,
        11.09375,
        11.875,
        11.8984375,
        12.9453125,
        13.75,
        13.3515625,
        12.3046875,
        13.859375,
        12.9453125,
        11.2890625,
        11.1328125,
        12.3046875,
        15.015625,
        15.1328125,
        12.2578125,
        11.1328125,
        11.8515625,
        11.421875,
        10.15625,
        15.4921875,
        10.5859375,
        11.96875,
        13.3046875,
        12.59375,
        14.2734375,
        12.9453125,
        11.6953125,
        11.3515625,
        12.015625,
        13.3515625,
        11.2265625,
        12.375,
        14.5234375,
        12.109375,
        10.8125,
        9.984375,
        11.921875,
        15.4609375,
        9.265625,
        12.203125,
        10.484375,
        12.6640625,
        13.1171875,
        12.5234375,
        11.46875,
        11.671875,
        11.6484375,
        11.09375,
        12.84375,
        11.2265625,
        12.890625,
        13.9375,
        13.8046875,
        12.5703125,
        11.7421875,
        12.0625,
        11.0078125,
        11.9921875,
        14.5234375,
        15.1015625,
        11.4921875,
        11.3359375,
        11.2421875,
        13.3515625,
        10.7734375,
        13.015625,
        13.8046875,
        13.4609375,
        12.8203125,
        12.2265625,
        14.4375,
        12.2578125,
        12.3046875,
        12.6953125,
        13.171875,
        11.3515625,
        12.2265625,
        10.7109375,
        12.8203125,
        11.9453125,
        10.6875,
        14.5234375,
        17.28125,
        13.328125,
        13.1953125,
        13.640625,
        11.7421875,
        13.5390625,
        11.7578125,
        11.5078125,
        12.96875,
        10.921875,
        10.7734375,
        14.6953125,
        13.4296875,
        9.8046875,
        11.671875,
        12.765625,
        13.7265625,
        11.265625,
        12.6953125,
        11.828125,
        12.1796875,
        12.6171875,
        11.96875,
        9.0390625,
        12.0625,
        11.09375,
        10.3203125,
        13.78125,
        13.484375,
        13.484375,
        13.59375,
        12.2578125,
        11.71875,
        10.484375,
        10.8125,
        13.4296875,
        11.0078125,
        11.09375,
        10.984375,
        12.546875,
        12.46875,
        14.6640625,
        15.3125,
        13.5390625,
        11.8046875,
        12.765625,
        11.46875,
        13.015625,
        11.8984375,
        11.375,
        12.3046875,
        12.46875,
        9.8671875,
        14.15625,
        12.6640625,
        13.828125,
        11.1328125,
        13.6171875,
        11.8984375,
        11.8515625,
        13.015625,
        10.984375,
        14.6953125,
        14.640625,
        13.09375,
        12.9140625,
        13.9140625,
        14.4375,
        10.140625,
        13.4609375,
        10.5234375,
        10.8125,
        13.2734375,
        12.546875,
        10.7109375,
        10.1796875,
        12.1328125,
        15.1875,
        12.0625,
        15.984375,
        13.1953125,
        12.15625,
        12.8671875,
        12.9453125,
        11.09375,
        11.5546875,
        13.484375,
        14.078125,
        13.3515625,
        10.6875,
        12.96875,
        13.78125,
        11.671875,
        15.1875,
        14.4375,
        10.4609375,
        10.7734375,
        13.484375,
        13.9921875,
        13.484375,
        11.1796875,
        12.9921875,
        11.6484375,
        12.6953125,
        11.375,
        13.9140625,
        10.875,
        11.0078125,
        9.9453125,
        12.6171875,
        9.359375,
        12.3515625,
        13.5625,
        11.5078125,
        14.046875,
        11.4921875,
        11.3125,
        12.4453125
      ],
      "mean_perplexity": 12.419397865853659
    },
    "invalid_examples": [
      {
        "question": "Passage: Barq's -- Barq's /\u02c8b\u0251\u02d0rks/ is an American soft drink. Its brand of root beer is notable for having caffeine. Barq's, created by Edward Barq and bottled since the turn of the 20th century, is owned by the Barq family but bottled by the Coca-Cola Company. It was known as Barq's Famous Olde Tyme Root Beer until 2012.\nQuestion: is barq's root beer a pepsi product\nAnswer:",
        "response": " Bar Bar Bar Bar Bar Bar Bar Bar"
      },
      {
        "question": "Passage: Magnesium citrate -- Magnesium citrate is a magnesium preparation in salt form with citric acid in a 1:1 ratio (1 magnesium atom per citrate molecule). The name ``magnesium citrate'' is ambiguous and sometimes may refer to other salts such as trimagnesium citrate which has a magnesium:citrate ratio of 3:2.\nQuestion: does magnesium citrate have citric acid in it\nAnswer:",
        "response": " Magn Magn Magn Magn Magn Magn Magn Magn"
      },
      {
        "question": "Passage: Benson & Hedges -- Benson & Hedges is a British brand of cigarettes owned by either Philip Morris International, British American Tobacco, or Japan Tobacco, depending on the region. In the UK, they are registered in Old Bond Street in London, and are manufactured in Lisnafillan, Ballymena, Northern Ireland.\nQuestion: do they still make benson & hedges cigarettes\nAnswer:",
        "response": " Benson Benson B B B B B B"
      },
      {
        "question": "Passage: Indiana Jones and the Temple of Doom -- Indiana Jones and the Temple of Doom is a 1984 American action-adventure film directed by Steven Spielberg. It is the second installment in the Indiana Jones franchise and a prequel to the 1981 film Raiders of the Lost Ark, featuring Harrison Ford reprising his role as the title character. After arriving in North India, Indiana Jones is asked by desperate villagers to find a mystical stone and rescue their children from a Thuggee cult practicing child slavery, black magic and ritual human sacrifice in honor of the goddess Kali.\nQuestion: is indiana jones temple of doom a prequel\nAnswer:",
        "response": " Indiana Indiana Indiana Indiana Indiana Indiana Indiana Indiana"
      },
      {
        "question": "Passage: Shaquem Griffin -- Shaquem Alphonso Griffin /\u0283\u0259\u02c8ki\u02d0m/ (born July 20, 1995) is an American football linebacker for the Seattle Seahawks of the National Football League (NFL). He is the twin brother of Seahawks cornerback Shaquill Griffin, and both brothers played college football for the University of Central Florida Knights. As an amputee with one hand, Shaquem Griffin received extensive media coverage as a prospective 2018 NFL Draft pick. He was selected as a fifth round pick (141st overall) by the Seahawks on April 28, 2018, reuniting him with Shaquill.\nQuestion: is there a player in the nfl missing a hand\nAnswer:",