{
  "metadata": {
    "timestamp": "20241212_233425",
    "model_name": "Qwen/Qwen2.5-7B",
    "num_pruned_layers": 20,
    "has_adapter": false,
    "task": "boolq"
  },
  "metrics": {
    "response_quality": {
      "total_responses": 3270,
      "valid_responses": 1874,
      "invalid_responses": 1396,
      "invalid_percentage": 42.691131498470945
    },
    "metrics": {
      "accuracy": 0.5981856990394877,
      "evaluate_accuracy": {
        "accuracy": 0.3428134556574923
      },
      "precision": 0.6295843520782396,
      "recall": 0.8751062022090059,
      "f1": 0.7323142552435123,
      "total_evaluated": 1874,
      "confusion_matrix": {
        "true_positives": 1030,
        "true_negatives": 91,
        "false_positives": 606,
        "false_negatives": 147
      },
      "perplexities": [
        8040.0,
        6360.0,
        9112.0,
        10008.0,
        9184.0,
        8360.0,
        10568.0,
        10488.0,
        10088.0,
        10008.0,
        7732.0,
        8296.0,
        7852.0,
        8624.0,
        8360.0,
        7436.0,
        8424.0,
        8624.0,
        9328.0,
        7152.0,
        7040.0,
        7916.0,
        6412.0,
        8488.0,
        9472.0,
        6612.0,
        10816.0,
        9472.0,
        8360.0,
        10408.0,
        8760.0,
        8696.0,
        8104.0,
        8296.0,
        8832.0,
        8760.0,
        7552.0,
        7916.0,
        8488.0,
        9256.0,
        7976.0,
        7496.0,
        11976.0,
        8696.0,
        8696.0,
        8560.0,
        6612.0,
        9040.0,
        7096.0,
        7208.0,
        9776.0,
        10736.0,
        8168.0,
        7672.0,
        9256.0,
        8104.0,
        7852.0,
        9624.0,
        7552.0,
        8624.0,
        10488.0,
        7672.0,
        7496.0,
        9472.0,
        9624.0,
        8424.0,
        8104.0,
        8040.0,
        10816.0,
        7976.0,
        8832.0,
        10320.0,
        9184.0,
        8896.0,
        9184.0,
        6876.0,
        7096.0,
        8896.0,
        10992.0,
        11336.0,
        8488.0,
        9040.0,
        10904.0,
        12352.0,
        7672.0,
        8424.0,
        10736.0,
        12552.0,
        9928.0,
        8968.0,
        8624.0,
        7552.0,
        8296.0,
        8168.0,
        8832.0,
        8760.0,
        7320.0,
        7436.0,
        8624.0,
        9848.0,
        7732.0,
        8832.0,
        9400.0,
        10488.0,
        8560.0,
        8624.0,
        9040.0,
        9696.0,
        9040.0,
        8760.0,
        6716.0,
        11248.0,
        6932.0,
        6664.0,
        10088.0,
        11424.0,
        9328.0,
        7672.0,
        8424.0,
        10488.0,
        8360.0,
        8360.0,
        10008.0,
        9928.0,
        9112.0,
        7612.0,
        10568.0,
        8232.0,
        9472.0,
        10320.0,
        9184.0,
        8968.0,
        10904.0,
        8296.0,
        11336.0,
        8968.0,
        7496.0,
        10648.0,
        8968.0,
        10408.0,
        8760.0,
        9624.0,
        8040.0,
        6932.0,
        10240.0,
        9400.0,
        8696.0,
        9544.0,
        8104.0,
        11072.0,
        10408.0,
        12352.0,
        6932.0,
        10992.0,
        11160.0,
        9928.0,
        7852.0,
        6932.0,
        11336.0,
        8968.0,
        10816.0,
        6716.0,
        6772.0,
        9928.0,
        9328.0,
        10736.0,
        9328.0,
        8488.0,
        8232.0,
        7552.0,
        7264.0,
        6312.0,
        8168.0,
        8232.0,
        8424.0,
        6212.0,
        8968.0,
        8232.0,
        9256.0,
        8104.0,
        11336.0,
        11160.0,
        7376.0,
        9400.0,
        9472.0,
        7376.0,
        8760.0,
        7496.0,
        11608.0,
        7732.0,
        12256.0,
        10568.0,
        8424.0,
        8832.0,
        8360.0,
        9112.0,
        11520.0,
        5612.0,
        9472.0,
        12168.0,
        9696.0,
        9112.0,
        7672.0,
        7496.0,
        10816.0
      ],
      "mean_perplexity": 8927.531707317074
    },
    "invalid_examples": [
      {
        "question": "Passage: Phantom pain -- Phantom pain sensations are described as perceptions that an individual experiences relating to a limb or an organ that is not physically part of the body. Limb loss is a result of either removal by amputation or congenital limb deficiency. However, phantom limb sensations can also occur following nerve avulsion or spinal cord injury.\nQuestion: is pain experienced in a missing body part or paralyzed area\nAnswer:",
        "response": "1 ?DageL7:!\u00a0"
      },
      {
        "question": "Passage: Hydroxyzine -- Hydroxyzine preparations require a doctor's prescription. The drug is available in two formulations, the pamoate and the dihydrochloride or hydrochloride salts. Vistaril, Equipose, Masmoran, and Paxistil are preparations of the pamoate salt, while Atarax, Alamon, Aterax, Durrax, Tran-Q, Orgatrax, Quiess, and Tranquizine are of the hydrochloride salt.\nQuestion: is there a difference between hydroxyzine hcl and hydroxyzine pam\nAnswer:",
        "response": " Sr:\u00a0_*\u00e2 ~"
      },
      {
        "question": "Passage: Excretory system -- The liver detoxifies and breaks down chemicals, poisons and other toxins that enter the body. For example, the liver transforms ammonia (which is poisonous) into urea in fish, amphibians and mammals, and into uric acid in birds and reptiles. Urea is filtered by the kidney into urine or through the gills in fish and tadpoles. Uric acid is paste-like and expelled as a semi-solid waste (the ``white'' in bird excrements). The liver also produces bile, and the body uses bile to break down fats into usable fats and unusable waste.\nQuestion: is the liver part of the excretory system\nAnswer:",
        "response": "1 ?Dspl\\\ndH"
      },
      {
        "question": "Passage: Fantastic Beasts and Where to Find Them (film) -- Fantastic Beasts and Where to Find Them is a 2016 fantasy film directed by David Yates. A joint British and American production, it is a spin-off and prequel to the Harry Potter film series, and it was produced and written by J.K. Rowling in her screenwriting debut, and inspired by her 2001 book of the same name. The film stars Eddie Redmayne as Newt Scamander, with Katherine Waterston, Dan Fogler, Alison Sudol, Ezra Miller, Samantha Morton, Jon Voight, Carmen Ejogo, Ron Perlman, Colin Farrell and Johnny Depp in supporting roles. It is the first installment in the Fantastic Beasts film series, and ninth overall in the Wizarding World franchise, that began with the Harry Potter films.\nQuestion: is fantastic beasts and where to find them a prequel\nAnswer:",
        "response": " C&,azar\nimpl ("
      },
      {
        "question": "Passage: The Strangers (2008 film) -- The Strangers is a 2008 American slasher film written and directed by Bryan Bertino. Kristen (Liv Tyler) and James (Scott Speedman) are expecting a relaxing weekend at a family vacation home, but their stay turns out to be anything but peaceful as three masked torturers leave Kristen and James struggling for survival. Writer-director Bertino was inspired by real-life events: the Manson family Tate murders, a multiple homicide; the Keddie Cabin Murders, that occurred in California in 1981; and a series of break-ins that occurred in his own neighborhood as a child. Made on a budget of $9 million, the film was shot on location in rural South Carolina in the fall of 2006.\nQuestion: was the movie strangers based on a true story\nAnswer:",